{"type":"FeatureCollection", "features": [
    {"type":"Feature","geometry":{"type":"Polygon","coordinates":[[[-82.563574,9.57666],[-82.644092,9.505859],[-82.801025,9.591797],[-82.939844,9.44917],[-82.940332,9.060107],[-82.741162,8.951709],[-82.73999,8.898584],[-82.917041,8.740332],[-82.855713,8.635303],[-82.861621,8.453516],[-82.997559,8.367773],[-82.879346,8.070654],[-82.947266,8.181738],[-83.12334,8.353076],[-83.162402,8.588184],[-83.391406,8.717725],[-83.421777,8.619238],[-83.297754,8.506885],[-83.291504,8.406006],[-83.54375,8.44585],[-83.734082,8.614453],[-83.613721,8.804053],[-83.637256,9.035352],[-83.895557,9.276416],[-84.222363,9.4625],[-84.482666,9.526172],[-84.658887,9.64668],[-84.643066,9.789404],[-84.714941,9.899414],[-85.025049,10.115723],[-85.198437,10.195312],[-85.236523,10.107373],[-85.160742,10.017432],[-84.962793,9.933447],[-84.886426,9.820947],[-85.114502,9.581787],[-85.314551,9.810937],[-85.624854,9.902441],[-85.796484,10.132861],[-85.849658,10.292041],[-85.830615,10.398145],[-85.66333,10.635449],[-85.667236,10.74502],[-85.908008,10.897559],[-85.752246,10.985254],[-85.744336,11.062109],[-85.621387,11.184473],[-84.90918,10.945312],[-84.701172,11.052197],[-84.348291,10.979883],[-84.168359,10.780371],[-83.811182,10.743262],[-83.658936,10.836865],[-83.641992,10.917236],[-83.448242,10.465918],[-83.124609,10.041602],[-83.028516,9.99126],[-82.778418,9.669531],[-82.563574,9.57666]]]},"properties":{"name":"Costa Rica"},"id":"CR"},
    {"type":"Feature","geometry":{"type":"Polygon","coordinates":[[[-83.15752,14.993066],[-83.299219,14.749023],[-83.187744,14.340088],[-83.346582,14.056982],[-83.412305,13.996484],[-83.49375,13.738818],[-83.567334,13.320312],[-83.514453,12.943945],[-83.541211,12.596289],[-83.510937,12.411816],[-83.754248,12.501953],[-83.65127,12.287061],[-83.68042,12.024316],[-83.769336,11.931641],[-83.651758,11.642041],[-83.744971,11.566504],[-83.867871,11.300049],[-83.831836,11.130518],[-83.714062,10.933838],[-83.641992,10.917236],[-83.658936,10.836865],[-83.811182,10.743262],[-84.168359,10.780371],[-84.348291,10.979883],[-84.701172,11.052197],[-84.90918,10.945312],[-85.621387,11.184473],[-85.744336,11.062109],[-85.961133,11.331348],[-86.468896,11.738281],[-86.655518,11.981543],[-86.755615,12.156641],[-87.125195,12.434131],[-87.460156,12.757568],[-87.667529,12.903564],[-87.543311,13.039697],[-87.424365,12.921143],[-87.337256,12.979248],[-87.05918,12.991455],[-86.958887,13.053711],[-86.918213,13.223584],[-86.710693,13.313379],[-86.770605,13.69873],[-86.733643,13.763477],[-86.331738,13.770068],[-86.151221,13.99458],[-86.040381,14.050146],[-85.983789,13.965674],[-85.786719,13.844434],[-85.681934,13.982568],[-85.477051,14.108691],[-85.373779,14.223877],[-85.179492,14.343311],[-85.161328,14.525146],[-85.036523,14.607666],[-84.985156,14.752441],[-84.78916,14.790381],[-84.645947,14.661084],[-84.537646,14.633398],[-84.393652,14.691748],[-84.114404,14.731006],[-84.06582,14.786084],[-83.867285,14.794482],[-83.589746,14.907568],[-83.415039,15.008057],[-83.15752,14.993066]]]},"properties":{"name":"Nicaragua"},"id":"NI"},
    {"type":"Feature","geometry":{"type":"Polygon","coordinates":[[[-63.011182,18.068945],[-63.123047,18.068945],[-63.063086,18.115332],[-63.011182,18.068945]]]},"properties":{"name":"Saint Martin"},"id":"MF"},
    {"type":"Feature","geometry":{"type":"Polygon","coordinates":[[[-63.123047,18.068945],[-63.011182,18.068945],[-63.023047,18.019189],[-63.123047,18.068945]]]},"properties":{"name":"Sint Maarten"},"id":"SX"},
    {"type":"Feature","geometry":{"type":"MultiPolygon","coordinates":[[[[-71.779248,19.718164],[-71.706934,19.421973],[-71.746484,19.28584],[-71.657031,19.130762],[-71.807129,18.987012],[-71.733643,18.856396],[-71.743213,18.73291],[-71.866504,18.61416],[-72.000391,18.5979],[-71.872559,18.416211],[-71.761914,18.341309],[-71.768311,18.03916],[-71.946094,18.186084],[-72.059863,18.228564],[-72.503564,18.219922],[-72.87666,18.151758],[-73.385156,18.251172],[-73.747314,18.190234],[-73.884961,18.041895],[-74.0854,18.215137],[-74.419043,18.346191],[-74.478125,18.45],[-74.3875,18.624707],[-74.227734,18.662695],[-73.591602,18.522363],[-72.789355,18.434814],[-72.618066,18.550781],[-72.376074,18.574463],[-72.347656,18.674951],[-72.649121,18.894141],[-72.811084,19.071582],[-72.703223,19.441064],[-73.052734,19.610742],[-73.396338,19.658691],[-73.400537,19.807422],[-73.117773,19.903809],[-72.876514,19.928076],[-72.637012,19.900879],[-72.219824,19.744629],[-71.779248,19.718164]]],[[[-72.80459,18.777686],[-72.822217,18.707129],[-73.077979,18.790918],[-73.285254,18.896729],[-73.170605,18.967285],[-72.919238,18.861475],[-72.80459,18.777686]]]]},"properties":{"name":"Haiti"},"id":"HT"},
    {"type":"Feature","geometry":{"type":"Polygon","coordinates":[[[-71.768311,18.03916],[-71.761914,18.341309],[-71.872559,18.416211],[-72.000391,18.5979],[-71.866504,18.61416],[-71.743213,18.73291],[-71.733643,18.856396],[-71.807129,18.987012],[-71.657031,19.130762],[-71.746484,19.28584],[-71.706934,19.421973],[-71.779248,19.718164],[-71.667383,19.848633],[-71.557764,19.895361],[-71.235938,19.848145],[-70.95415,19.913965],[-70.636182,19.775635],[-70.436426,19.77124],[-70.304736,19.676074],[-70.129443,19.636133],[-69.956836,19.671875],[-69.891211,19.589746],[-69.823437,19.367139],[-69.739404,19.299219],[-69.324951,19.327734],[-69.322754,19.201074],[-69.605957,19.206494],[-69.623633,19.117822],[-68.901367,18.988477],[-68.684766,18.904785],[-68.381396,18.671143],[-68.359277,18.538086],[-68.444824,18.417725],[-68.56377,18.355469],[-68.658838,18.222021],[-68.934961,18.408008],[-69.274512,18.439844],[-69.519434,18.415674],[-69.770654,18.443555],[-70.018311,18.373633],[-70.183105,18.251758],[-70.479932,18.217285],[-70.644678,18.33623],[-70.758838,18.345605],[-71.027832,18.273193],[-71.106006,18.07002],[-71.395703,17.646094],[-71.631738,17.773633],[-71.67373,17.954102],[-71.768311,18.03916]]]},"properties":{"name":"Dominican Republic"},"id":"DO"},
    {"type":"Feature","geometry":{"type":"Polygon","coordinates":[[[-89.362598,14.416016],[-89.057129,14.32915],[-88.845947,14.124756],[-88.665625,14.015527],[-88.512549,13.978955],[-88.449121,13.850977],[-88.151025,13.987354],[-87.991016,13.879639],[-87.802246,13.88999],[-87.715332,13.812695],[-87.814209,13.39917],[-87.820703,13.285156],[-87.930859,13.180664],[-88.180664,13.164014],[-88.417139,13.213525],[-88.512012,13.183936],[-88.867041,13.283252],[-89.277637,13.478076],[-89.804199,13.560107],[-90.095215,13.736523],[-90.104736,13.834766],[-89.872705,14.045605],[-89.749365,14.077002],[-89.671289,14.182715],[-89.547168,14.24126],[-89.540527,14.409912],[-89.362598,14.416016]]]},"properties":{"name":"El Salvador"},"id":"SV"},
    {"type":"Feature","geometry":{"type":"Polygon","coordinates":[[[-92.235156,14.54541],[-92.159912,14.691016],[-92.186377,14.818359],[-92.144238,15.001953],[-92.074805,15.074219],[-92.204346,15.237695],[-92.187158,15.320898],[-91.736572,16.070166],[-90.447168,16.072705],[-90.416992,16.391016],[-90.634082,16.510742],[-90.710693,16.708105],[-90.97583,16.867822],[-91.22417,17.112256],[-91.409619,17.255859],[-90.992969,17.252441],[-90.98916,17.816406],[-90.183594,17.815723],[-89.161475,17.814844],[-89.212451,16.527148],[-89.2375,15.894434],[-88.894043,15.890625],[-88.603369,15.76416],[-88.53623,15.849609],[-88.22832,15.729004],[-88.684473,15.360498],[-88.976416,15.142676],[-89.142578,15.072314],[-89.222363,14.866064],[-89.171777,14.606885],[-89.362598,14.416016],[-89.540527,14.409912],[-89.547168,14.24126],[-89.671289,14.182715],[-89.749365,14.077002],[-89.872705,14.045605],[-90.104736,13.834766],[-90.095215,13.736523],[-90.479102,13.900928],[-90.606934,13.929004],[-91.146045,13.925586],[-91.377344,13.990186],[-91.819092,14.228223],[-92.235156,14.54541]]]},"properties":{"name":"Guatemala"},"id":"GT"},
    {"type":"Feature","geometry":{"type":"MultiPolygon","coordinates":[[[[-81.837451,23.163037],[-81.575439,23.116504],[-81.271631,23.128613],[-81.178613,23.059668],[-81.007666,23.089844],[-80.650146,23.103076],[-80.550488,23.016602],[-80.364893,22.943408],[-80.075244,22.942334],[-79.67666,22.743066],[-79.549219,22.577783],[-79.275684,22.407617],[-78.686475,22.366846],[-78.143115,22.109424],[-77.865039,21.900586],[-77.545117,21.774609],[-77.497266,21.871631],[-77.18125,21.597656],[-77.098633,21.589014],[-76.647412,21.284521],[-76.259229,21.227393],[-76.073633,21.133447],[-75.722949,21.111035],[-75.595801,20.994678],[-75.740234,20.811963],[-75.642773,20.733496],[-75.213281,20.713867],[-74.882568,20.650635],[-74.73208,20.573193],[-74.513135,20.38457],[-74.16748,20.292188],[-74.153711,20.168555],[-74.252832,20.079687],[-74.634766,20.058154],[-75.116406,19.901416],[-75.551953,19.891113],[-75.765137,19.9604],[-76.158447,19.989746],[-76.779736,19.940186],[-76.999463,19.892822],[-77.211963,19.89375],[-77.715088,19.855469],[-77.55376,20.082129],[-77.213379,20.300391],[-77.103809,20.40752],[-77.10791,20.49165],[-77.22959,20.64375],[-77.467041,20.689502],[-77.997314,20.715381],[-78.116357,20.761865],[-78.490771,21.053711],[-78.537256,21.296826],[-78.636475,21.515527],[-78.822949,21.618945],[-79.189209,21.552832],[-79.274414,21.562646],[-79.910303,21.742578],[-80.231348,21.872168],[-80.499072,22.063525],[-80.961914,22.052881],[-81.222412,22.14292],[-81.355273,22.104102],[-81.441113,22.183789],[-81.816211,22.200195],[-82.077734,22.387695],[-81.75708,22.466748],[-81.745654,22.63291],[-81.903418,22.679004],[-82.738037,22.689258],[-83.009424,22.514014],[-83.379639,22.222998],[-83.485938,22.187109],[-83.900732,22.170117],[-84.030957,21.943115],[-84.240674,21.89834],[-84.448828,21.79165],[-84.501367,21.930273],[-84.838232,21.82793],[-84.877246,21.894141],[-84.532764,22.031152],[-84.326367,22.074316],[-84.383008,22.255566],[-84.361279,22.378906],[-84.044922,22.666016],[-83.257812,22.967578],[-82.66582,23.043555],[-82.350537,23.153955],[-82.101367,23.19043],[-81.837451,23.163037]]],[[[-78.630127,22.552246],[-78.351221,22.538623],[-78.389941,22.445117],[-78.547656,22.464014],[-78.630127,22.552246]]],[[[-82.561768,21.57168],[-82.853174,21.443896],[-83.067285,21.469385],[-82.973584,21.592285],[-83.08252,21.791406],[-82.991211,21.942725],[-82.714551,21.890283],[-82.561768,21.57168]]]]},"properties":{"name":"Cuba"},"id":"CU"},
    {"type":"Feature","geometry":{"type":"Polygon","coordinates":[[[-83.15752,14.993066],[-83.415039,15.008057],[-83.589746,14.907568],[-83.867285,14.794482],[-84.06582,14.786084],[-84.114404,14.731006],[-84.393652,14.691748],[-84.537646,14.633398],[-84.645947,14.661084],[-84.78916,14.790381],[-84.985156,14.752441],[-85.036523,14.607666],[-85.161328,14.525146],[-85.179492,14.343311],[-85.373779,14.223877],[-85.477051,14.108691],[-85.681934,13.982568],[-85.786719,13.844434],[-85.983789,13.965674],[-86.040381,14.050146],[-86.151221,13.99458],[-86.331738,13.770068],[-86.733643,13.763477],[-86.770605,13.69873],[-86.710693,13.313379],[-86.918213,13.223584],[-86.958887,13.053711],[-87.05918,12.991455],[-87.337256,12.979248],[-87.498389,13.274902],[-87.489111,13.35293],[-87.814209,13.39917],[-87.715332,13.812695],[-87.802246,13.88999],[-87.991016,13.879639],[-88.151025,13.987354],[-88.449121,13.850977],[-88.512549,13.978955],[-88.665625,14.015527],[-88.845947,14.124756],[-89.057129,14.32915],[-89.362598,14.416016],[-89.171777,14.606885],[-89.222363,14.866064],[-89.142578,15.072314],[-88.976416,15.142676],[-88.684473,15.360498],[-88.22832,15.729004],[-88.131104,15.701025],[-87.874951,15.879346],[-87.618164,15.909863],[-87.486914,15.790186],[-87.285889,15.834424],[-86.907227,15.762354],[-86.757031,15.794238],[-86.356641,15.783203],[-86.181201,15.885156],[-85.783984,16.002832],[-85.483691,15.899512],[-85.163672,15.918164],[-84.97373,15.989893],[-84.646094,15.883594],[-84.261426,15.822607],[-83.972803,15.519629],[-83.927441,15.394043],[-83.760449,15.220361],[-83.551074,15.293994],[-83.369189,15.23999],[-83.290869,15.078906],[-83.15752,14.993066]]]},"properties":{"name":"Honduras"},"id":"HN"},
    {"type":"Feature","geometry":{"type":"MultiPolygon","coordinates":[[[[-132.746875,56.525684],[-132.930811,56.524463],[-132.842529,56.794775],[-132.567969,56.57583],[-132.746875,56.525684]]],[[[-132.779883,56.247266],[-133.03501,56.340918],[-132.902051,56.45376],[-132.706055,56.448486],[-132.669385,56.287305],[-132.779883,56.247266]]],[[[-171.463037,63.640039],[-171.034863,63.585498],[-170.43042,63.698828],[-170.121826,63.617529],[-170.017383,63.491748],[-169.624121,63.430566],[-169.427588,63.34834],[-168.716016,63.310596],[-168.852393,63.17124],[-169.364697,63.171143],[-169.676367,62.956104],[-169.777783,63.09375],[-170.1896,63.196338],[-170.5271,63.379297],[-171.06123,63.445898],[-171.401172,63.339258],[-171.790967,63.424707],[-171.746387,63.703076],[-171.463037,63.640039]]],[[[-166.135449,60.383545],[-165.729688,60.314209],[-165.712354,60.069336],[-165.591797,59.913135],[-165.946729,59.890039],[-166.187549,59.773828],[-166.627637,59.864648],[-167.138867,60.008545],[-167.436426,60.206641],[-166.836328,60.216992],[-166.784375,60.296436],[-166.475684,60.382764],[-166.135449,60.383545]]],[[[-152.898047,57.823926],[-152.511572,57.851465],[-152.411475,57.646094],[-152.216211,57.577002],[-152.412207,57.454785],[-152.781348,57.453418],[-152.679053,57.345117],[-153.051611,57.237646],[-153.274365,57.226367],[-153.793213,56.989502],[-154.065332,57.133691],[-154.338965,56.920898],[-154.498779,57.036572],[-154.705957,57.335352],[-154.535303,57.559424],[-154.281445,57.638086],[-153.818359,57.595605],[-153.693164,57.663428],[-153.904443,57.819873],[-153.662646,57.857813],[-153.524463,57.731006],[-153.200293,57.82002],[-153.160449,57.971973],[-152.850391,57.896777],[-152.898047,57.823926]]],[[[-130.025098,55.888232],[-130.146533,55.654492],[-130.036572,55.2979],[-130.214063,55.025879],[-130.575342,54.769678],[-130.849609,54.807617],[-131.047852,55.157666],[-130.855957,55.355127],[-130.918555,55.735986],[-131.127686,55.960156],[-131.287598,56.012109],[-131.78418,55.876562],[-131.869434,55.647168],[-132.118994,55.569775],[-132.223437,55.721045],[-132.005713,55.930078],[-131.843848,56.160107],[-132.021924,56.380078],[-132.182031,56.420654],[-132.487109,56.766406],[-132.802197,56.895166],[-132.814258,57.040723],[-133.465869,57.172168],[-133.43667,57.336865],[-133.554199,57.695068],[-134.031104,58.072168],[-134.06333,58.211084],[-134.776123,58.453857],[-134.964795,58.742188],[-135.131836,58.842871],[-135.358447,59.324902],[-135.502344,59.202295],[-135.334082,58.909619],[-135.049707,58.306787],[-135.302539,58.255908],[-135.571777,58.412061],[-135.873437,58.394238],[-135.861719,58.577051],[-136.045508,58.789111],[-136.22583,58.765479],[-136.566211,58.940918],[-136.830957,58.983838],[-136.879102,58.881543],[-136.568213,58.786328],[-136.102881,58.506299],[-136.129639,58.350391],[-136.462402,58.327979],[-136.582617,58.245215],[-137.071924,58.395215],[-137.543994,58.581201],[-138.026904,58.941455],[-138.35249,59.087305],[-139.340967,59.375635],[-139.799121,59.54624],[-139.505566,59.726318],[-139.582178,59.848291],[-139.850195,59.830713],[-140.216748,59.72666],[-140.843164,59.748877],[-141.408301,59.902783],[-141.329541,60.082813],[-141.670166,59.969873],[-142.548584,60.086035],[-142.945654,60.096973],[-143.805078,60.012891],[-144.332617,60.191016],[-144.642969,60.224658],[-144.901318,60.335156],[-144.824414,60.533594],[-144.984033,60.536914],[-145.248291,60.380127],[-145.898877,60.478174],[-145.674902,60.651123],[-146.149023,60.660693],[-146.251025,60.749072],[-146.638428,60.897314],[-146.582715,61.127832],[-146.874023,61.004883],[-147.592578,60.979443],[-147.891113,60.889893],[-148.208691,61.029932],[-148.344434,60.853564],[-148.267871,60.699707],[-148.296387,60.53208],[-148.050684,60.567188],[-147.964111,60.484863],[-148.181689,60.393066],[-148.197607,60.167773],[-148.430713,59.989111],[-148.842725,59.951221],[-149.121582,60.033496],[-149.432227,60.001025],[-149.54917,59.894336],[-149.794775,59.855811],[-149.782471,59.750342],[-150.198047,59.566553],[-150.581543,59.5646],[-150.677441,59.426953],[-150.960742,59.243994],[-151.366357,59.245605],[-151.738184,59.188525],[-151.964063,59.285107],[-151.849951,59.406348],[-151.399609,59.516309],[-151.189404,59.637695],[-151.763818,59.7],[-151.853223,59.78208],[-151.734521,59.98833],[-151.451465,60.202637],[-151.312695,60.466455],[-151.321777,60.74292],[-150.95376,60.841211],[-150.44126,61.023584],[-149.997559,60.935156],[-149.59248,60.993848],[-149.967725,61.121729],[-149.945215,61.294238],[-150.471777,61.259961],[-150.612256,61.301123],[-151.150146,61.08584],[-151.733984,60.910742],[-151.750488,60.754883],[-151.99624,60.682227],[-152.270703,60.528125],[-152.260303,60.409424],[-152.653955,60.238428],[-152.628564,60.041113],[-152.759473,59.920898],[-153.106055,59.875049],[-153.048145,59.730029],[-153.364014,59.659863],[-153.414404,59.740137],[-153.81416,59.47373],[-154.08833,59.363281],[-154.129834,59.119873],[-153.656396,59.038672],[-153.418262,58.959961],[-153.334424,58.857861],[-153.617334,58.654736],[-154.019873,58.492969],[-154.208057,58.28877],[-154.247021,58.159424],[-154.584912,58.055664],[-155.006885,58.016064],[-155.312744,57.807129],[-155.590234,57.733594],[-155.777979,57.568213],[-156.000195,57.544971],[-156.478418,57.327881],[-156.397656,57.240576],[-156.475146,57.105176],[-156.779883,57.005615],[-157.13916,56.826563],[-157.390234,56.809814],[-157.578369,56.634473],[-157.869092,56.645215],[-157.978271,56.543164],[-158.414404,56.43584],[-158.275635,56.19624],[-158.789844,55.986914],[-159.523242,55.81001],[-159.743018,55.84375],[-159.962305,55.794873],[-160.462695,55.557812],[-160.896729,55.513623],[-161.099512,55.405713],[-161.381934,55.371289],[-161.683545,55.529932],[-161.741553,55.391162],[-162.073975,55.139307],[-162.33291,55.050244],[-162.541895,55.242725],[-162.644141,55.218018],[-162.674365,54.996582],[-162.865039,54.954541],[-163.119629,55.064697],[-163.131104,54.916553],[-163.288623,54.837598],[-163.278809,55.121826],[-162.961963,55.183838],[-162.513379,55.45],[-162.157129,55.719434],[-161.697314,55.907227],[-161.215625,56.021436],[-160.851318,55.771875],[-160.758398,55.854639],[-160.308496,55.864453],[-160.539062,56.006299],[-160.302051,56.314111],[-159.785059,56.561621],[-159.283105,56.688574],[-158.990381,56.860059],[-158.675146,56.794873],[-158.660791,57.039404],[-158.320947,57.2979],[-157.894336,57.511377],[-157.607568,57.601465],[-157.683984,57.743896],[-157.610889,58.05083],[-157.442676,58.172168],[-157.523633,58.421338],[-157.228857,58.640918],[-156.974658,58.736328],[-157.142041,58.877637],[-158.021924,58.640186],[-158.302588,58.641797],[-158.503174,58.850342],[-158.425635,58.999316],[-158.760596,58.950098],[-158.861377,58.71875],[-158.772119,58.520313],[-158.950684,58.404541],[-159.082666,58.469775],[-159.358203,58.721289],[-159.670264,58.911133],[-159.920215,58.819873],[-160.152588,58.905908],[-160.363135,59.051172],[-160.81709,58.87168],[-161.215918,58.800977],[-161.361328,58.669531],[-161.755469,58.612012],[-161.856494,58.71709],[-161.724365,58.794287],[-161.794482,59.109473],[-161.981055,59.146143],[-162.023291,59.283984],[-161.920117,59.365479],[-161.828711,59.588623],[-162.138135,59.980029],[-162.24248,60.17832],[-162.421338,60.283984],[-162.570752,59.989746],[-163.219385,59.845605],[-163.906885,59.806787],[-164.142822,59.896777],[-164.131543,59.994238],[-164.470508,60.149316],[-164.662256,60.303809],[-165.061133,60.412549],[-165.026514,60.500635],[-165.353809,60.541211],[-164.805176,60.892041],[-164.370068,60.795898],[-164.265674,60.724658],[-163.894922,60.745166],[-163.72998,60.58999],[-163.420947,60.757422],[-163.749023,60.969727],[-163.994629,60.864697],[-164.441553,60.869971],[-165.175488,60.965674],[-165.0771,61.094189],[-165.565869,61.102344],[-165.691357,61.299902],[-165.906299,61.403809],[-165.797119,61.491162],[-166.100488,61.645068],[-165.83457,61.679395],[-166.078809,61.803125],[-165.612793,61.869287],[-165.707275,62.100439],[-165.194531,62.473535],[-164.792676,62.623193],[-164.84541,62.800977],[-164.677441,63.020459],[-164.409033,63.215039],[-164.107617,63.261719],[-163.73623,63.192822],[-163.358838,63.045752],[-163.062256,63.079736],[-162.621484,63.26582],[-162.282813,63.529199],[-161.973975,63.45293],[-161.50542,63.468164],[-161.099707,63.55791],[-160.778564,63.818945],[-160.987549,64.25127],[-161.385693,64.439941],[-160.931934,64.579102],[-160.886963,64.795557],[-161.186914,64.924023],[-161.466357,64.794873],[-161.759375,64.81626],[-162.172266,64.678076],[-162.807031,64.374219],[-162.876416,64.516406],[-163.144336,64.423828],[-163.713086,64.588232],[-164.303955,64.583936],[-164.899512,64.460645],[-166.142773,64.582764],[-166.481396,64.728076],[-166.415234,64.926514],[-166.826953,65.096094],[-166.531006,65.154736],[-166.45166,65.247314],[-166.665381,65.338281],[-167.404004,65.422119],[-167.987256,65.567773],[-168.088379,65.657764],[-167.580029,65.758301],[-167.405322,65.859326],[-167.074219,65.877051],[-166.747656,66.051855],[-166.2146,66.170264],[-165.723682,66.112549],[-165.776172,66.319043],[-165.449414,66.409912],[-165.063965,66.437842],[-164.674121,66.555029],[-164.058252,66.610742],[-163.775488,66.531104],[-164.03374,66.215527],[-163.695361,66.083838],[-162.886475,66.099219],[-162.586865,66.05083],[-161.816309,66.053662],[-161.556836,66.250537],[-161.201074,66.219385],[-161.120313,66.334326],[-161.544434,66.407031],[-161.828174,66.37085],[-161.887598,66.493066],[-162.191162,66.693115],[-162.467432,66.735645],[-162.607422,66.894385],[-162.361621,66.947314],[-162.131396,66.801367],[-161.90957,66.559619],[-161.591016,66.459521],[-161.048145,66.474219],[-160.650537,66.373096],[-160.231689,66.420264],[-160.262549,66.572461],[-160.864014,66.67085],[-161.398047,66.551855],[-161.856689,66.700342],[-161.87876,66.803955],[-161.622217,66.979346],[-161.96543,67.049561],[-162.391553,67.019873],[-163.001709,67.027295],[-163.531836,67.102588],[-163.720557,67.195557],[-163.942676,67.477588],[-164.125195,67.606738],[-165.386035,68.045605],[-165.95957,68.155908],[-166.235938,68.27793],[-166.574463,68.320264],[-166.380518,68.425146],[-166.182031,68.797217],[-166.209082,68.885352],[-165.509473,68.867578],[-164.302344,68.936475],[-163.86792,69.03667],[-163.535693,69.170117],[-163.161475,69.387939],[-162.9521,69.758105],[-161.880957,70.331738],[-161.639014,70.234521],[-160.996289,70.30459],[-160.117139,70.591211],[-159.963135,70.568164],[-160.095068,70.333301],[-159.855225,70.32417],[-159.746191,70.530469],[-159.961816,70.634082],[-159.680908,70.786768],[-159.314502,70.878516],[-158.996289,70.801611],[-157.998486,70.845313],[-157.195312,71.093262],[-156.783301,71.318945],[-155.811133,71.188428],[-155.579443,71.121094],[-155.804346,70.99541],[-156.146582,70.927832],[-155.872217,70.834668],[-155.579395,70.894336],[-155.166846,71.099219],[-154.673682,70.987109],[-154.785205,70.894287],[-154.195215,70.801123],[-153.918213,70.877344],[-153.23291,70.932568],[-152.491211,70.880957],[-152.23291,70.810352],[-152.470605,70.653613],[-151.944678,70.4521],[-151.224805,70.41875],[-150.662646,70.509912],[-150.15249,70.443701],[-149.870117,70.509668],[-149.269434,70.500781],[-147.869531,70.303271],[-147.705371,70.217236],[-147.062939,70.17041],[-146.744873,70.191748],[-145.823145,70.160059],[-145.197363,70.008691],[-144.619189,69.982129],[-144.416895,70.039014],[-143.218311,70.11626],[-142.707861,70.033789],[-142.296973,69.869873],[-141.699219,69.770361],[-141.40791,69.653369],[-141.002148,69.650781],[-141.002148,68.189746],[-141.002148,66.72876],[-141.002148,65.852148],[-141.002148,64.975537],[-141.002148,63.514453],[-141.002148,62.345703],[-141.002148,60.884668],[-141.002148,60.300244],[-140.525439,60.218359],[-140.452832,60.299707],[-139.973291,60.183154],[-139.676318,60.32832],[-139.079248,60.343701],[-139.185156,60.083594],[-139.043457,59.993262],[-138.705469,59.901318],[-138.632275,59.778271],[-137.593311,59.22627],[-137.438574,58.903125],[-136.813281,59.150049],[-136.57876,59.152246],[-136.466748,59.279932],[-136.466357,59.459082],[-136.321826,59.604834],[-135.934668,59.662646],[-135.475928,59.793262],[-135.051025,59.578662],[-135.071289,59.441455],[-134.94375,59.288281],[-134.440771,59.085352],[-134.218506,58.849902],[-133.820752,58.705029],[-133.401123,58.410889],[-133.275293,58.222852],[-132.550488,57.499902],[-132.232178,57.198535],[-132.337988,57.079443],[-132.031543,57.026562],[-132.104297,56.856787],[-131.866162,56.792822],[-131.824268,56.58999],[-131.575098,56.598828],[-131.08291,56.404834],[-130.741699,56.34082],[-130.4771,56.230566],[-130.413135,56.12251],[-130.0229,56.014502],[-130.025098,55.888232]]],[[[-163.476025,54.980713],[-163.358105,54.735693],[-163.583008,54.625684],[-164.073291,54.620996],[-164.463477,54.427344],[-164.823438,54.419092],[-164.887646,54.607813],[-164.706201,54.691992],[-164.529785,54.880859],[-164.273682,54.900049],[-163.867969,55.039111],[-163.607471,55.05083],[-163.476025,54.980713]]],[[[-133.305078,55.54375],[-133.281689,55.497852],[-133.650195,55.269287],[-133.634229,55.539258],[-133.305078,55.54375]]],[[[-132.112354,56.109375],[-132.132959,55.943262],[-132.287305,55.929395],[-132.451172,56.056348],[-132.659912,56.078174],[-132.59873,56.24165],[-132.379834,56.498779],[-132.066895,56.244238],[-132.112354,56.109375]]],[[[-130.97915,55.48916],[-131.082764,55.266797],[-131.187891,55.206299],[-131.420703,55.275879],[-131.474512,55.373486],[-131.810986,55.223096],[-131.846094,55.41626],[-131.647559,55.585547],[-131.624951,55.831689],[-131.269238,55.955371],[-130.965967,55.669531],[-130.97915,55.48916]]],[[[-133.366211,57.003516],[-133.070801,56.974268],[-132.95415,56.880273],[-132.95918,56.677051],[-133.156641,56.611133],[-133.212646,56.4646],[-133.602783,56.464111],[-133.680957,56.79751],[-133.979443,57.00957],[-133.865967,57.068701],[-133.366211,57.003516]]],[[[-132.862256,54.894434],[-132.617236,54.892432],[-132.646973,54.756152],[-132.807275,54.709131],[-133.122705,54.969824],[-133.251172,55.175146],[-133.097412,55.213721],[-132.862256,54.894434]]],[[[-146.393945,60.449658],[-146.128271,60.392529],[-146.618311,60.273682],[-146.702539,60.408545],[-146.393945,60.449658]]],[[[-147.735889,59.813232],[-147.814355,59.901953],[-147.46582,60.097021],[-147.12002,60.363086],[-146.986719,60.254346],[-147.318457,60.075293],[-147.499316,59.890186],[-147.735889,59.813232]]],[[[-147.658252,60.450488],[-147.732129,60.22207],[-147.871338,60.229785],[-147.794531,60.459863],[-147.658252,60.450488]]],[[[-160.684912,55.314795],[-160.487549,55.184863],[-160.825488,55.173975],[-160.684912,55.314795]]],[[[-165.841553,54.070654],[-166.036426,54.047168],[-166.087744,54.169141],[-165.892871,54.206982],[-165.841553,54.070654]]],[[[-160.918994,58.5771],[-161.131494,58.668213],[-160.715137,58.795215],[-160.918994,58.5771]]],[[[173.722754,52.35957],[173.402344,52.404785],[173.657617,52.504102],[173.722754,52.35957]]],[[[-134.969775,57.351416],[-134.823193,57.156543],[-134.620703,56.718311],[-134.630029,56.302441],[-134.750293,56.240771],[-134.980566,56.518945],[-135.017822,56.660156],[-135.330615,56.821875],[-135.199609,57.027344],[-135.501953,57.243848],[-135.608936,57.071436],[-135.767725,57.100391],[-135.787109,57.317285],[-135.346289,57.533105],[-134.969775,57.351416]]],[[[-134.680273,58.16167],[-134.240088,58.143994],[-134.26709,57.884521],[-133.937012,57.581592],[-133.925293,57.336768],[-134.100049,57.300098],[-134.435303,57.056982],[-134.591504,57.091992],[-134.486768,57.482031],[-134.659863,57.638086],[-134.754102,57.99502],[-134.680273,58.16167]]],[[[-135.730371,58.244238],[-135.5875,58.146777],[-135.0021,58.051074],[-134.927979,57.952783],[-134.978857,57.724365],[-134.873096,57.589209],[-135.084863,57.511035],[-135.497852,57.662256],[-135.617822,57.480371],[-135.910791,57.446582],[-136.076611,57.674561],[-136.459912,57.873096],[-136.568604,57.972168],[-136.512305,58.095996],[-135.730371,58.244238]]],[[[-133.566113,56.339209],[-133.202979,56.319824],[-133.096631,56.090039],[-132.757568,55.99502],[-132.597607,55.89502],[-132.430176,55.687012],[-132.417871,55.48291],[-132.215283,55.383545],[-132.206689,55.224414],[-131.976416,55.208594],[-131.980859,54.804834],[-132.134326,54.712549],[-132.341309,54.907227],[-132.782324,55.048486],[-133.103027,55.360254],[-133.089648,55.612598],[-133.298242,55.606885],[-133.446973,55.797021],[-133.241504,55.920801],[-133.37124,56.035889],[-133.684229,55.942773],[-133.755176,55.999463],[-133.530859,56.145654],[-133.566113,56.339209]]],[[[-133.9896,56.844971],[-133.738379,56.650439],[-133.855273,56.582178],[-133.884619,56.292139],[-133.949707,56.127734],[-134.1896,56.076953],[-134.245068,56.203271],[-134.195459,56.413525],[-134.373682,56.838672],[-134.143262,56.932324],[-133.9896,56.844971]]],[[[-152.416943,58.360205],[-152.31626,58.413477],[-151.98252,58.244336],[-152.109082,58.161133],[-152.537646,58.100977],[-152.982568,57.99707],[-153.381348,58.087207],[-152.674658,58.450586],[-152.416943,58.360205]]],[[[-167.964355,53.345117],[-168.270703,53.238037],[-168.505615,53.043164],[-168.79585,53.044922],[-168.639014,53.255762],[-168.436621,53.256885],[-168.287695,53.500146],[-167.985693,53.558203],[-167.804688,53.484961],[-167.964355,53.345117]]],[[[-166.615332,53.900928],[-166.372314,53.998975],[-166.230859,53.932617],[-166.48877,53.785498],[-166.444189,53.651807],[-166.77041,53.476025],[-167.153662,53.407861],[-167.522461,53.276221],[-167.808789,53.323779],[-167.136084,53.526465],[-167.015723,53.698389],[-167.118164,53.872607],[-166.978076,53.962939],[-166.627393,53.995654],[-166.615332,53.900928]]],[[[-174.677393,52.03501],[-175.117676,52.047119],[-174.306152,52.216162],[-174.435547,52.317236],[-174.168896,52.420166],[-174.018359,52.331787],[-174.120654,52.135205],[-174.677393,52.03501]]],[[[-176.593311,51.866699],[-176.437354,51.754297],[-176.770947,51.629932],[-176.874414,51.790479],[-176.593311,51.866699]]],[[[-177.879053,51.649707],[-178.194531,51.882227],[-177.953809,51.918457],[-177.770654,51.777881],[-177.879053,51.649707]]],[[[172.811816,53.012988],[173.102148,52.995605],[173.436035,52.852051],[173.080273,52.814453],[172.935156,52.7521],[172.721777,52.885547],[172.811816,53.012988]]],[[[-155.581348,19.012012],[-155.680762,18.967676],[-155.881299,19.070508],[-155.890723,19.38252],[-156.048682,19.749951],[-155.820312,20.01416],[-155.892773,20.167383],[-155.831641,20.27583],[-155.62207,20.163428],[-155.198779,19.994385],[-155.086084,19.875635],[-155.065918,19.748193],[-154.804199,19.524463],[-155.053467,19.319189],[-155.309619,19.260156],[-155.535254,19.109082],[-155.581348,19.012012]]],[[[-157.213623,21.215381],[-156.742188,21.163525],[-156.859863,21.056348],[-157.020898,21.097803],[-157.290332,21.112598],[-157.213623,21.215381]]],[[[-156.486816,20.932568],[-156.277539,20.95127],[-155.989844,20.757129],[-156.107129,20.644775],[-156.309961,20.598779],[-156.438232,20.617871],[-156.480078,20.801221],[-156.61543,20.821826],[-156.689697,20.901416],[-156.5854,21.034326],[-156.486816,20.932568]]],[[[-157.799365,21.456641],[-157.6354,21.307617],[-157.798779,21.268604],[-157.901758,21.340576],[-158.110352,21.318604],[-158.273145,21.585254],[-158.123096,21.600244],[-157.9625,21.701367],[-157.799365,21.456641]]],[[[-159.372754,21.932373],[-159.460693,21.876123],[-159.608838,21.909521],[-159.78916,22.041797],[-159.726611,22.140186],[-159.579199,22.223145],[-159.352051,22.21958],[-159.300684,22.105273],[-159.372754,21.932373]]],[[[-156.849609,20.772656],[-156.973389,20.75752],[-157.050586,20.912451],[-156.941797,20.930029],[-156.849609,20.772656]]],[[[-74.708887,45.003857],[-73.182031,45.005615],[-71.517529,45.007568],[-71.327295,45.290088],[-71.134668,45.262842],[-70.999902,45.337256],[-70.897998,45.262451],[-70.702246,45.551367],[-70.421094,45.738232],[-70.29624,45.906104],[-70.248291,46.250879],[-70.067187,46.441064],[-70.007715,46.708936],[-69.242871,47.462988],[-69.050195,47.426611],[-69.048584,47.273633],[-68.828711,47.20332],[-68.310889,47.354492],[-68.096777,47.274854],[-67.806787,47.082813],[-67.784668,45.701709],[-67.432666,45.603125],[-67.493652,45.474072],[-67.472559,45.275879],[-67.366943,45.173779],[-67.124854,45.169434],[-67.106738,44.885059],[-66.987012,44.827686],[-67.19126,44.675586],[-67.364062,44.696875],[-67.652979,44.562402],[-67.839062,44.57627],[-67.907031,44.453613],[-68.277441,44.507373],[-68.612012,44.310547],[-68.961475,44.433838],[-68.956152,44.348096],[-69.068359,44.097559],[-69.226074,43.986475],[-69.344531,44.000928],[-69.480859,43.905078],[-69.791602,43.805225],[-69.965234,43.855078],[-70.178809,43.766357],[-70.202588,43.626123],[-70.520703,43.348828],[-70.642334,43.134424],[-70.733105,43.07002],[-70.829053,42.825342],[-70.735693,42.669287],[-71.046191,42.331104],[-70.738281,42.228857],[-70.548926,41.938623],[-70.514697,41.80332],[-70.295459,41.728955],[-70.001416,41.826172],[-69.948633,41.677148],[-70.404687,41.626904],[-70.657129,41.534229],[-70.701123,41.714844],[-70.974219,41.548535],[-71.188428,41.516406],[-71.204297,41.641113],[-71.330615,41.762256],[-71.426562,41.633301],[-71.443799,41.453711],[-71.522852,41.378955],[-72.265283,41.29165],[-72.847168,41.265869],[-73.182275,41.17583],[-73.583008,41.021875],[-73.85127,40.831396],[-73.948584,40.83877],[-74.226709,40.608008],[-74.241504,40.45625],[-74.049854,40.429834],[-73.957617,40.328369],[-74.02832,40.072998],[-74.117627,39.938135],[-74.176123,39.726611],[-74.389844,39.486816],[-74.428809,39.387207],[-74.602979,39.292578],[-74.794482,39.001904],[-74.954297,38.949951],[-74.897021,39.145459],[-75.136133,39.207861],[-75.353418,39.339844],[-75.412646,39.281396],[-75.392188,39.092773],[-75.185059,38.819385],[-75.088672,38.777539],[-75.128467,38.632422],[-75.035889,38.50332],[-75.353516,38.065039],[-75.596387,37.631201],[-75.587109,37.558691],[-75.812061,37.425195],[-75.997363,37.263818],[-75.888135,37.619141],[-75.719336,37.821387],[-75.659277,37.953955],[-75.85083,37.971582],[-75.795312,38.08667],[-76.051221,38.279541],[-76.21167,38.361328],[-76.294873,38.494629],[-76.26416,38.599951],[-76.056934,38.62124],[-76.300342,38.818213],[-76.168164,38.852734],[-76.276367,39.322754],[-76.405664,39.303906],[-76.420068,39.073877],[-76.519531,38.89834],[-76.501318,38.532178],[-76.33291,38.140771],[-76.889746,38.29209],[-76.906348,38.19707],[-76.549512,38.094482],[-76.264258,37.893555],[-76.305566,37.571484],[-76.263477,37.357031],[-76.400977,37.386133],[-76.401123,37.212695],[-76.283301,37.052686],[-76.400879,36.991309],[-75.999414,36.912646],[-75.89043,36.657031],[-75.992773,36.473779],[-75.866602,36.267871],[-75.883008,36.175684],[-76.147852,36.279297],[-76.15,36.145752],[-76.383691,36.133545],[-76.478809,36.028174],[-76.678906,36.075293],[-76.726221,35.957617],[-76.069775,35.970312],[-75.978906,35.895947],[-75.772217,35.899902],[-75.773926,35.646973],[-76.173828,35.35415],[-76.489502,35.397021],[-76.532471,35.508447],[-76.741406,35.431494],[-76.512939,35.27041],[-76.744971,34.940967],[-76.456738,34.989355],[-76.362207,34.936523],[-76.516895,34.777246],[-76.733203,34.706982],[-77.133887,34.70791],[-77.750732,34.284961],[-77.926025,34.073145],[-78.01333,33.911816],[-78.405859,33.917578],[-78.577686,33.873242],[-78.920312,33.658691],[-79.138184,33.405908],[-79.276025,33.1354],[-79.419922,33.042529],[-79.587109,33.000879],[-79.614941,32.909277],[-80.021777,32.619922],[-80.229687,32.576514],[-80.474268,32.422754],[-80.849219,32.113916],[-80.923438,31.944922],[-81.1979,31.704199],[-81.175439,31.531299],[-81.294971,31.371191],[-81.288477,31.263916],[-81.453223,31.088281],[-81.52041,30.874658],[-81.385742,30.269971],[-81.249512,29.793799],[-81.104541,29.456982],[-80.9,29.049854],[-80.524121,28.486084],[-80.622852,28.320361],[-80.650098,28.180908],[-80.226123,27.207031],[-80.125781,27.083008],[-80.050049,26.807715],[-80.041309,26.568604],[-80.110596,26.131592],[-80.126367,25.833496],[-80.30083,25.618555],[-80.366943,25.33125],[-80.484668,25.229834],[-80.736523,25.156348],[-80.862207,25.176172],[-81.110498,25.138037],[-81.167383,25.228516],[-81.097656,25.319141],[-81.364941,25.831055],[-81.568262,25.891553],[-81.715479,25.983154],[-81.811475,26.146094],[-81.866553,26.43501],[-82.0396,26.552051],[-82.077881,26.704346],[-82.180664,26.840088],[-82.290039,26.870801],[-82.441357,27.059668],[-82.620459,27.401074],[-82.63584,27.524561],[-82.400537,27.8354],[-82.520605,27.877881],[-82.660889,27.718408],[-82.742871,27.709375],[-82.843506,27.845996],[-82.748535,28.236816],[-82.660645,28.48584],[-82.651465,28.8875],[-82.769336,29.051562],[-83.290479,29.451904],[-83.694385,29.925977],[-84.044238,30.103809],[-84.309668,30.064746],[-84.382812,29.907373],[-84.55,29.897852],[-84.800537,29.773047],[-85.318945,29.680225],[-85.353613,29.875732],[-85.755811,30.166992],[-86.175146,30.33252],[-86.257373,30.493018],[-86.447949,30.495605],[-86.679639,30.402881],[-86.985791,30.430859],[-87.170605,30.53877],[-87.281055,30.339258],[-87.622266,30.264746],[-87.790283,30.291797],[-87.924316,30.449658],[-87.948877,30.626904],[-88.032422,30.68125],[-88.135449,30.366602],[-88.69209,30.355371],[-88.905225,30.415137],[-89.223633,30.332373],[-89.320557,30.345312],[-89.443506,30.223145],[-89.588477,30.165967],[-89.954248,30.26875],[-90.045215,30.351416],[-90.225293,30.379297],[-90.413037,30.140332],[-90.175342,30.029102],[-89.994189,30.059277],[-89.737451,30.171973],[-89.815186,30.007275],[-89.743799,29.929834],[-89.589502,29.915039],[-89.494434,30.058154],[-89.357861,29.920996],[-89.354443,29.820215],[-89.530664,29.772217],[-89.720898,29.619287],[-89.513672,29.420068],[-89.245703,29.333203],[-89.015723,29.202881],[-89.155518,29.016602],[-89.353516,29.070215],[-89.443164,29.194141],[-89.620264,29.302393],[-89.792383,29.333203],[-89.877246,29.458008],[-90.052344,29.431396],[-90.101367,29.181787],[-90.212793,29.104932],[-90.379199,29.295117],[-90.58623,29.271533],[-90.751025,29.130859],[-91.290137,29.288965],[-91.155371,29.350684],[-91.330957,29.513574],[-91.514209,29.555371],[-91.672461,29.746094],[-91.824414,29.750684],[-91.893164,29.836035],[-92.135498,29.699463],[-92.084033,29.592822],[-92.26084,29.556836],[-92.671289,29.59707],[-93.175684,29.778955],[-93.694824,29.769922],[-93.890479,29.689355],[-94.099658,29.67041],[-94.750146,29.418018],[-94.778271,29.547852],[-94.741943,29.75],[-94.889893,29.676953],[-95.022852,29.702344],[-94.992822,29.530957],[-94.888281,29.370557],[-95.139062,29.167822],[-95.273486,28.963867],[-95.853418,28.640332],[-96.02041,28.586816],[-96.275342,28.655127],[-96.44873,28.594482],[-96.561719,28.367139],[-96.676367,28.341309],[-96.806885,28.220215],[-97.156494,28.144336],[-97.073096,27.986084],[-97.171436,27.87959],[-97.431494,27.837207],[-97.288721,27.670605],[-97.380469,27.419336],[-97.523877,27.313965],[-97.475684,27.117871],[-97.554688,26.967334],[-97.46582,26.691748],[-97.402344,26.396533],[-97.14624,25.961475],[-97.358154,25.870508],[-97.587256,25.98418],[-97.801416,26.042041],[-98.082812,26.064453],[-98.275049,26.111182],[-98.378125,26.182373],[-98.598291,26.237842],[-98.765234,26.34043],[-99.107764,26.446924],[-99.229932,26.761914],[-99.443555,27.03667],[-99.440234,27.170117],[-99.510059,27.340332],[-99.505322,27.54834],[-99.754248,27.729932],[-99.889648,27.867285],[-100.001416,28.047852],[-100.296045,28.327686],[-100.331738,28.502539],[-100.549707,28.821338],[-100.658643,29.068555],[-101.016309,29.400684],[-101.038965,29.4604],[-101.303516,29.634082],[-101.440381,29.776855],[-101.990918,29.795703],[-102.268945,29.871191],[-102.47627,29.769092],[-102.614941,29.752344],[-102.73418,29.643945],[-102.833984,29.443945],[-102.891992,29.216406],[-103.08999,29.041895],[-103.257715,29.001123],[-103.85293,29.291064],[-103.989746,29.323145],[-104.400635,29.57373],[-104.504004,29.677686],[-104.681348,29.990527],[-104.681348,30.134375],[-104.835889,30.447656],[-104.978809,30.645947],[-105.27583,30.807275],[-105.514014,30.980762],[-105.812695,31.241016],[-106.255713,31.544678],[-106.453223,31.770166],[-107.552344,31.775879],[-108.211816,31.779346],[-108.214453,31.329443],[-109.274756,31.327441],[-109.981641,31.326172],[-111.041992,31.324219],[-111.990479,31.620215],[-112.938965,31.91626],[-113.887451,32.212305],[-114.835938,32.508301],[-114.724756,32.715332],[-116.269824,32.597607],[-117.128271,32.53335],[-117.243457,32.664014],[-117.262988,32.938867],[-117.318848,33.100049],[-117.467432,33.295508],[-117.788525,33.538477],[-118.080518,33.722168],[-118.410449,33.743945],[-118.392969,33.858301],[-118.506201,34.017383],[-118.832031,34.024463],[-119.14375,34.112012],[-119.267676,34.257422],[-119.606055,34.418018],[-119.85332,34.411963],[-120.052979,34.469287],[-120.481201,34.471631],[-120.644678,34.57998],[-120.633594,35.076465],[-120.857373,35.209668],[-120.860303,35.36543],[-121.137939,35.607129],[-121.283838,35.676318],[-121.343848,35.792236],[-121.664355,36.154053],[-121.877393,36.331055],[-121.918652,36.572363],[-121.78999,36.732275],[-121.880664,36.938916],[-122.164209,36.990967],[-122.394922,37.20752],[-122.408447,37.373145],[-122.499219,37.542627],[-122.514209,37.771973],[-122.384082,37.788525],[-122.385449,37.960596],[-122.15376,38.065527],[-122.393359,38.144824],[-122.483887,38.108838],[-122.466895,37.838184],[-122.7604,37.945654],[-122.968164,38.097021],[-122.986523,38.2771],[-123.121143,38.449268],[-123.289746,38.53584],[-123.701123,38.907275],[-123.719531,39.110986],[-123.820312,39.368408],[-123.783496,39.618701],[-123.884473,39.860791],[-124.108496,40.094531],[-124.324023,40.251953],[-124.37168,40.491211],[-124.133105,40.969775],[-124.140039,41.155908],[-124.068506,41.38418],[-124.117676,41.621729],[-124.244629,41.787939],[-124.21167,41.984619],[-124.355273,42.1229],[-124.420508,42.381006],[-124.406152,42.583691],[-124.539648,42.812891],[-124.346582,43.34165],[-124.14873,43.691748],[-124.09917,44.333789],[-124.047461,44.425488],[-124.05918,44.777734],[-123.929346,45.576953],[-123.96123,45.842969],[-123.947119,46.140576],[-123.673633,46.182617],[-123.688379,46.299854],[-124.072754,46.279443],[-123.946143,46.432568],[-123.88916,46.66001],[-124.07168,46.744775],[-124.112549,46.862695],[-123.842871,46.963184],[-124.163574,47.015332],[-124.198828,47.208545],[-124.309277,47.40459],[-124.376025,47.658643],[-124.621094,47.90415],[-124.70166,48.15166],[-124.632617,48.375049],[-123.975781,48.168457],[-123.294434,48.119531],[-123.124414,48.150928],[-122.860889,48.090039],[-122.656641,47.881152],[-122.821387,47.793164],[-122.630176,47.692822],[-122.553564,47.404932],[-122.577881,47.293164],[-122.812549,47.328955],[-122.987646,47.172559],[-122.701953,47.110889],[-122.542187,47.275586],[-122.353809,47.371582],[-122.392871,47.820557],[-122.241992,48.010742],[-122.520312,48.229102],[-122.408545,48.293896],[-122.668994,48.465234],[-122.496777,48.505566],[-122.562012,48.777979],[-122.653027,48.763867],[-122.78877,48.993018],[-120.980859,48.993018],[-119.701709,48.993018],[-117.996191,48.993066],[-116.717041,48.993066],[-115.437891,48.993066],[-113.732373,48.993066],[-112.026807,48.993066],[-110.747656,48.993066],[-109.468555,48.993066],[-107.762988,48.993115],[-106.910254,48.993115],[-105.631104,48.993115],[-104.77832,48.993115],[-103.49917,48.993115],[-102.22002,48.993115],[-101.367285,48.993115],[-100.088135,48.993115],[-99.235352,48.993115],[-97.956201,48.993164],[-96.677051,48.993164],[-95.162061,48.991748],[-95.155273,49.369678],[-94.854346,49.30459],[-94.803467,49.00293],[-94.620898,48.742627],[-94.055176,48.659033],[-93.707715,48.525439],[-93.257959,48.628857],[-92.99624,48.611816],[-92.500586,48.435352],[-92.4146,48.276611],[-92.171777,48.338379],[-91.518311,48.058301],[-91.220654,48.10459],[-91.043457,48.193701],[-90.840332,48.200537],[-90.744385,48.10459],[-90.091797,48.118115],[-89.993652,48.015332],[-89.455664,47.99624],[-89.185645,48.047412],[-88.611768,48.264014],[-88.378174,48.303076],[-87.494238,47.961768],[-86.428564,47.540088],[-84.875977,46.899902],[-84.779395,46.637305],[-84.561768,46.457373],[-84.192187,46.549561],[-84.088379,46.226514],[-83.977783,46.084912],[-83.615967,46.116846],[-83.469482,45.994678],[-83.592676,45.817139],[-82.551074,45.347363],[-82.28125,44.192236],[-82.137842,43.570898],[-82.408203,43.072656],[-82.545312,42.624707],[-82.867773,42.385205],[-83.073145,42.300293],[-83.149658,42.141943],[-83.141943,41.975879],[-83.02998,41.832959],[-82.690039,41.675195],[-82.439063,41.674854],[-81.277637,42.20918],[-80.247559,42.366016],[-79.036719,42.802344],[-78.915088,42.909131],[-79.066064,43.106104],[-79.059229,43.278076],[-79.171875,43.466553],[-78.72041,43.624951],[-76.819971,43.628809],[-76.4646,44.057617],[-76.151172,44.303955],[-75.875928,44.416992],[-75.40127,44.772266],[-75.179395,44.899365],[-74.856641,45.003906],[-74.708887,45.003857]]],[[[-72.509766,40.986035],[-72.287451,41.024072],[-72.338965,40.894141],[-73.194287,40.654199],[-73.766748,40.592725],[-73.879248,40.79165],[-73.573828,40.919629],[-72.509766,40.986035]]]]},"properties":{"name":"United States of America"},"id":"US"},
    {"type":"Feature","geometry":{"type":"MultiPolygon","coordinates":[[[[-132.655518,54.12749],[-132.344434,54.106055],[-132.134424,54.034277],[-131.702539,53.986377],[-131.821143,53.841504],[-131.922314,53.587891],[-131.928076,53.379199],[-132.011328,53.265186],[-132.347266,53.189209],[-132.520459,53.194043],[-132.74751,53.310498],[-132.670166,53.458594],[-132.84502,53.507715],[-133.052246,53.778125],[-133.097656,53.920264],[-133.063867,54.144043],[-132.655518,54.12749]]],[[[-131.753711,53.195557],[-131.652344,53.102979],[-131.634668,52.922168],[-131.904395,52.866699],[-131.727295,52.756396],[-131.455225,52.701709],[-131.590576,52.578223],[-131.327051,52.317529],[-131.142627,52.291113],[-131.221533,52.153613],[-131.421875,52.237988],[-131.562061,52.399951],[-132.165088,52.783301],[-132.258105,52.933887],[-132.14375,52.999316],[-132.34541,53.136084],[-131.893115,53.231445],[-131.753711,53.195557]]],[[[-127.197314,50.640381],[-126.700928,50.515527],[-126.203857,50.453857],[-125.48208,50.316797],[-125.233203,50.012207],[-124.934668,49.731641],[-124.830615,49.530078],[-124.642871,49.428662],[-123.995801,49.224023],[-123.82002,49.083496],[-123.626563,48.824023],[-123.497021,48.58208],[-123.389893,48.670215],[-123.283789,48.455176],[-123.594629,48.333545],[-123.916943,48.386572],[-124.689404,48.597314],[-125.120703,48.760791],[-125.135693,48.822412],[-124.927344,49.014209],[-125.362744,48.998242],[-125.460303,48.941064],[-125.828516,49.091846],[-125.702295,49.139209],[-125.835449,49.27666],[-126.243604,49.442676],[-126.548535,49.418945],[-126.541895,49.590479],[-126.347559,49.66084],[-126.592871,49.764111],[-126.683105,49.876465],[-126.90332,49.944141],[-127.114307,49.879736],[-127.20752,49.992432],[-127.467139,50.163428],[-127.863916,50.127734],[-127.905859,50.445215],[-128.267432,50.609277],[-128.346045,50.744238],[-128.241553,50.828174],[-127.918066,50.860547],[-127.713037,50.820752],[-127.197314,50.640381]]],[[[-130.025098,55.888232],[-130.0229,56.014502],[-130.413135,56.12251],[-130.4771,56.230566],[-130.741699,56.34082],[-131.08291,56.404834],[-131.575098,56.598828],[-131.824268,56.58999],[-131.866162,56.792822],[-132.104297,56.856787],[-132.031543,57.026562],[-132.337988,57.079443],[-132.232178,57.198535],[-132.550488,57.499902],[-133.275293,58.222852],[-133.401123,58.410889],[-133.820752,58.705029],[-134.218506,58.849902],[-134.440771,59.085352],[-134.94375,59.288281],[-135.071289,59.441455],[-135.051025,59.578662],[-135.475928,59.793262],[-135.934668,59.662646],[-136.321826,59.604834],[-136.466357,59.459082],[-136.466748,59.279932],[-136.57876,59.152246],[-136.813281,59.150049],[-137.438574,58.903125],[-137.593311,59.22627],[-138.632275,59.778271],[-138.705469,59.901318],[-139.043457,59.993262],[-139.185156,60.083594],[-139.079248,60.343701],[-139.676318,60.32832],[-139.973291,60.183154],[-140.452832,60.299707],[-140.525439,60.218359],[-141.002148,60.300244],[-141.002148,60.884668],[-141.002148,62.345703],[-141.002148,63.514453],[-141.002148,64.975537],[-141.002148,65.852148],[-141.002148,66.72876],[-141.002148,68.189746],[-141.002148,69.650781],[-140.405127,69.60249],[-139.976611,69.621729],[-139.181543,69.515527],[-138.689893,69.316797],[-138.128369,69.151953],[-137.259961,68.964111],[-136.717334,68.88916],[-136.122363,68.882227],[-135.362158,68.696436],[-135.406934,68.828955],[-135.876318,68.916992],[-135.910205,69.111475],[-135.691455,69.311182],[-135.25498,69.323828],[-135.14082,69.467822],[-134.493848,69.46792],[-134.451465,69.665479],[-134.242041,69.668848],[-133.879785,69.507715],[-134.165039,69.280566],[-133.163135,69.433887],[-132.840332,69.650684],[-132.333984,69.751807],[-131.934131,69.753467],[-131.440918,69.91792],[-131.136377,69.906885],[-130.926172,70.051611],[-130.498437,70.143164],[-129.944971,70.090918],[-129.648291,69.997754],[-130.960107,69.632031],[-131.862793,69.549365],[-132.330762,69.307959],[-132.686719,69.259863],[-133.378955,68.88667],[-132.706006,68.814893],[-132.718945,69.079199],[-131.919629,69.290527],[-131.788379,69.431982],[-131.562939,69.461377],[-131.013428,69.428711],[-130.981982,69.253271],[-130.353613,69.655811],[-129.572119,69.826709],[-129.264844,69.85542],[-128.971436,69.712402],[-128.386719,69.960156],[-128.278613,70.108105],[-127.764941,70.221875],[-128.170117,70.418457],[-127.991016,70.573828],[-127.752832,70.517139],[-127.138477,70.239355],[-126.612158,69.730322],[-126.063818,69.46709],[-125.386768,69.349219],[-125.166846,69.479785],[-125.356934,69.625977],[-124.76792,69.990039],[-124.444482,70.110596],[-124.406934,69.767432],[-124.138477,69.653174],[-124.481348,69.425146],[-124.426172,69.379443],[-123.609131,69.377441],[-123.213672,69.541504],[-123.025781,69.81001],[-122.070068,69.816162],[-121.531104,69.775781],[-120.962451,69.6604],[-120.292529,69.420557],[-119.852832,69.342334],[-118.868701,69.257178],[-118.095215,69.04292],[-117.131738,68.907129],[-116.065234,68.85542],[-116.251611,68.95791],[-115.631152,68.972559],[-114.99375,68.850049],[-114.413867,68.65957],[-113.964404,68.399072],[-114.095947,68.266797],[-114.765283,68.270215],[-115.127051,68.132031],[-115.16709,68.018555],[-115.426855,67.923535],[-115.133203,67.819189],[-114.662891,67.795215],[-113.893213,67.706885],[-112.435156,67.684766],[-112.236719,67.731104],[-111.575732,67.756836],[-111.192187,67.822559],[-110.990039,67.79082],[-110.371973,67.954199],[-110.04248,67.977197],[-109.630371,67.732715],[-109.08125,67.710742],[-108.949902,67.493945],[-108.59292,67.590869],[-108.346973,67.403418],[-107.988721,67.256396],[-107.90918,67.162549],[-108.088428,67.069775],[-108.455273,67.062988],[-107.760937,66.683691],[-107.745996,66.961475],[-107.626172,67.003125],[-107.156494,66.881738],[-107.644043,67.384766],[-107.649902,67.511279],[-107.972119,67.732031],[-107.763086,67.906836],[-107.761035,68.032178],[-106.835645,68.128613],[-106.404395,68.319336],[-106.039307,68.407324],[-105.781201,68.526563],[-105.932227,68.636523],[-106.458057,68.516455],[-106.608496,68.357373],[-106.945801,68.374365],[-107.146191,68.304199],[-107.619336,68.331055],[-107.73418,68.17373],[-108.261035,68.149902],[-108.686572,68.277344],[-108.640918,68.378516],[-108.313477,68.610791],[-107.435938,68.688867],[-106.164453,68.919873],[-105.797949,68.864795],[-105.539844,68.718652],[-105.428613,68.458252],[-105.194971,68.330371],[-104.636377,68.213916],[-104.486816,68.063184],[-104.193555,68.031201],[-103.474121,68.115039],[-102.691992,67.811572],[-102.209766,67.732715],[-101.55498,67.693164],[-100.456104,67.839453],[-99.772949,67.814844],[-99.146875,67.723633],[-98.920459,67.725781],[-98.417139,67.826465],[-97.454932,67.616992],[-97.15542,67.726416],[-97.206543,67.855078],[-97.739111,67.978174],[-98.110498,67.903027],[-98.438379,68.064697],[-98.380859,68.132471],[-98.633008,68.331152],[-98.218555,68.317432],[-97.794238,68.387598],[-97.938867,68.510449],[-97.265918,68.45293],[-96.976709,68.25542],[-96.480225,68.242822],[-96.439355,68.150879],[-96.036035,68.157764],[-96.198828,67.717822],[-96.371387,67.553857],[-96.012598,67.270898],[-95.78252,67.193799],[-95.25874,67.262549],[-95.463379,67.610205],[-95.650488,67.737451],[-95.460693,68.021387],[-95.125879,68.083301],[-94.744434,68.070898],[-93.927734,68.473828],[-93.651709,68.543115],[-93.681445,68.887256],[-94.47832,68.742773],[-94.562549,68.91167],[-94.083643,69.123096],[-94.254736,69.31377],[-93.612646,69.402832],[-94.270801,69.455127],[-94.633838,69.649658],[-94.82251,69.577783],[-95.29209,69.667383],[-96.119092,69.871875],[-96.492383,70.124902],[-96.545605,70.327246],[-96.226416,70.541699],[-96.548926,70.80874],[-96.405664,71.273633],[-96.139648,71.396387],[-95.564258,71.336768],[-95.40625,71.49165],[-95.837744,71.598242],[-95.201221,71.903711],[-94.55708,71.978955],[-94.30835,71.764893],[-93.810205,71.76626],[-93.762842,71.638037],[-93.256348,71.46084],[-92.948682,71.262109],[-92.882715,71.069336],[-92.981445,70.852246],[-92.388477,70.650439],[-92.049121,70.389648],[-91.82041,70.34165],[-91.564062,70.178271],[-91.994971,70.143213],[-92.290332,70.239844],[-92.511865,70.103857],[-91.976709,70.038672],[-92.750928,69.713916],[-92.31167,69.6729],[-91.911963,69.53125],[-91.384229,69.649463],[-91.288135,69.543213],[-90.554932,69.504492],[-90.822119,69.290479],[-91.237207,69.285547],[-90.744775,69.105908],[-90.468359,68.86377],[-90.573633,68.474707],[-90.247754,68.267432],[-89.879492,68.521533],[-89.666602,69.0146],[-89.351904,69.227002],[-89.056738,69.266113],[-88.637744,69.058838],[-88.041357,68.811719],[-87.810303,68.40415],[-87.853271,68.266895],[-88.346973,68.288281],[-88.313818,67.950342],[-88.195898,67.76582],[-87.499121,67.355322],[-87.26626,67.183838],[-86.536426,67.516162],[-86.369678,67.824805],[-85.952588,68.072461],[-85.731104,68.44502],[-85.733838,68.630127],[-85.517773,68.769824],[-85.275098,68.741357],[-84.916064,68.962256],[-84.862207,69.073975],[-85.386768,69.231885],[-85.507373,69.845264],[-85.019824,69.804785],[-84.645117,69.849707],[-84.24165,69.83501],[-83.665332,69.699707],[-82.618359,69.691064],[-82.37417,69.641797],[-82.642041,69.458398],[-82.309863,69.41001],[-81.951807,69.276074],[-81.412305,69.198145],[-81.328662,69.119922],[-81.95166,68.909082],[-81.380908,68.850049],[-81.281543,68.657227],[-81.526855,68.555957],[-82.006494,68.462646],[-82.210156,68.50625],[-82.552686,68.446484],[-81.976465,67.862012],[-81.412305,67.595361],[-81.270117,67.459912],[-81.467578,67.069873],[-81.874463,66.987939],[-82.19834,66.764648],[-82.641504,66.5875],[-82.948877,66.55083],[-83.298389,66.392139],[-83.523096,66.36875],[-83.920215,66.679053],[-84.324365,66.781787],[-84.538477,66.972803],[-84.737744,66.933594],[-84.223047,66.682471],[-83.82583,66.28999],[-83.905078,66.211768],[-84.293066,66.291797],[-84.478418,66.179297],[-85.096191,66.325342],[-85.442236,66.537354],[-85.603857,66.568262],[-86.063232,66.520361],[-86.633203,66.531348],[-86.746973,66.41709],[-86.584766,66.321924],[-86.00083,66.186816],[-86.042871,66.022559],[-87.291455,65.354834],[-87.969971,65.348926],[-88.672461,65.611572],[-89.749414,65.936035],[-90.116602,65.882422],[-89.241748,65.446387],[-88.974023,65.348291],[-88.197803,65.279883],[-87.391943,65.260547],[-87.027539,65.198096],[-87.028516,65.063623],[-87.280518,64.826172],[-87.88501,64.400439],[-88.105615,64.183301],[-88.653027,64.009375],[-89.403516,64.03999],[-89.860596,63.978809],[-90.141895,63.981982],[-90.013428,63.804297],[-90.245313,63.641895],[-90.596387,63.661279],[-90.945654,63.587842],[-91.538818,63.725586],[-92.195215,63.775977],[-92.970215,63.937646],[-93.378516,63.948486],[-92.156885,63.691699],[-91.841846,63.697559],[-91.330078,63.506836],[-90.970068,63.442773],[-90.746582,63.351563],[-90.690723,63.110547],[-90.871191,62.945947],[-91.114893,62.921582],[-91.448975,62.804053],[-92.034229,62.863428],[-92.361279,62.819385],[-92.207227,62.585352],[-92.551416,62.546729],[-92.86582,62.306201],[-93.01626,62.092676],[-93.372021,61.928955],[-93.420605,61.705811],[-93.709668,61.602539],[-94.060742,61.317822],[-94.067773,61.138867],[-94.646777,60.416406],[-94.785791,59.95332],[-94.788281,59.267871],[-94.870264,59.087988],[-94.713379,58.90332],[-94.287061,58.716016],[-93.780029,58.772559],[-93.278125,58.756396],[-93.15459,58.69458],[-93.100195,58.489844],[-92.841748,58.075879],[-92.70166,57.777783],[-92.489648,57.468604],[-92.439795,57.275049],[-92.614111,57.039014],[-92.249023,57.008984],[-91.111279,57.241211],[-90.592187,57.224463],[-89.79082,56.981348],[-88.948486,56.851318],[-88.44707,56.608691],[-88.075098,56.467285],[-87.878125,56.341602],[-87.560889,56.056348],[-87.286865,55.974658],[-86.919385,55.914551],[-85.67666,55.601074],[-85.407275,55.431152],[-85.060938,55.285645],[-84.705762,55.259229],[-83.910596,55.314648],[-83.214355,55.2146],[-82.986279,55.231396],[-82.867773,55.160693],[-82.577441,55.14873],[-82.308252,54.998145],[-82.219385,54.813477],[-82.418066,54.355811],[-82.394141,54.180469],[-82.239893,54.044824],[-82.141455,53.817627],[-82.190625,53.610937],[-82.15918,53.26416],[-82.291602,53.066113],[-82.260449,52.961133],[-82.02002,52.811621],[-81.599414,52.432617],[-81.66123,52.293896],[-81.285059,52.089209],[-80.968506,51.972217],[-80.657959,51.75835],[-80.367969,51.329883],[-80.103564,51.282861],[-79.83623,51.17334],[-79.497559,51.569922],[-79.338672,51.628174],[-79.090869,51.501709],[-78.89751,51.27168],[-78.731348,51.497461],[-78.977734,51.733789],[-78.828223,51.962988],[-78.702002,52.032715],[-78.49165,52.2521],[-78.55708,52.491895],[-78.723779,52.627734],[-78.72168,52.856445],[-78.898242,53.043359],[-78.992041,53.410352],[-79.113135,53.717188],[-79.003174,53.836572],[-78.996045,54.00249],[-79.241797,54.098877],[-79.430566,54.336621],[-79.665527,54.697461],[-78.909229,54.881494],[-78.303613,55.068555],[-77.891113,55.236426],[-77.324951,55.555518],[-76.761816,55.996436],[-76.650488,56.107227],[-76.546387,56.358789],[-76.519629,56.706982],[-76.572852,57.181201],[-76.65542,57.380566],[-76.890918,57.758105],[-77.156787,58.018896],[-77.684082,58.291357],[-78.013574,58.39917],[-78.515088,58.682373],[-78.430518,58.901758],[-77.987646,59.245508],[-77.760693,59.380029],[-77.859033,59.475781],[-77.726172,59.675879],[-77.485303,59.68457],[-77.331641,59.796631],[-77.311816,60.042383],[-77.452881,60.145801],[-77.681445,60.4271],[-77.515576,60.563184],[-77.79082,60.639844],[-77.871533,60.78584],[-78.159668,60.852197],[-77.830127,61.084033],[-77.726807,61.230664],[-77.736182,61.437354],[-77.514355,61.556299],[-77.947559,61.761865],[-78.137158,62.107373],[-78.068115,62.35542],[-77.603955,62.531396],[-77.372412,62.57251],[-76.879395,62.525391],[-75.816895,62.315869],[-75.675537,62.249512],[-75.341211,62.312109],[-74.689893,62.183447],[-73.763965,62.46875],[-73.62998,62.454199],[-72.881836,62.125391],[-72.670801,62.113867],[-72.505566,61.922656],[-72.081445,61.728271],[-71.638281,61.617188],[-71.841016,61.466016],[-71.743457,61.337256],[-71.422705,61.158936],[-71.175146,61.146533],[-70.723242,61.055176],[-70.279297,61.068652],[-70.095312,60.880273],[-69.909229,60.860107],[-69.471924,61.010938],[-69.433447,60.814258],[-69.640479,60.689795],[-69.755908,60.388525],[-69.633105,60.220361],[-69.67373,60.075879],[-69.962842,60.017822],[-69.630225,59.821826],[-69.579395,59.675098],[-69.692383,59.488428],[-69.681885,59.341748],[-69.4,59.337793],[-69.414111,59.086865],[-69.531641,58.869238],[-69.867578,58.856152],[-70.159961,58.789404],[-69.878564,58.696973],[-69.650537,58.728271],[-69.173486,58.896631],[-68.698193,58.904541],[-68.414307,58.782715],[-68.326465,58.59541],[-67.981152,58.46123],[-67.855859,58.272607],[-67.569629,58.213477],[-67.019434,58.43291],[-66.60791,58.548926],[-66.362402,58.791162],[-65.92793,58.610938],[-66.043066,58.820654],[-65.60625,59.110742],[-65.489355,59.447754],[-65.433398,59.776514],[-65.159229,59.830127],[-65.171729,59.908008],[-64.93125,60.252002],[-64.705859,60.336133],[-64.499414,60.268262],[-64.283496,60.064062],[-63.928809,59.644922],[-63.750195,59.512598],[-63.945459,59.380176],[-63.539893,59.332861],[-63.185352,58.857764],[-63.050293,58.878174],[-62.873877,58.672461],[-63.102344,58.545752],[-62.593848,58.474023],[-62.674316,58.319189],[-62.980908,58.093311],[-62.48623,58.154053],[-62.305664,57.972266],[-62.117432,57.964111],[-61.899072,57.861328],[-61.994922,57.769434],[-61.967969,57.611914],[-62.338574,57.484521],[-61.851074,57.381299],[-61.977441,57.247949],[-61.628516,57.183154],[-61.33374,57.010596],[-61.371631,56.680811],[-61.854932,56.584277],[-61.94043,56.423584],[-61.5146,56.390332],[-61.364697,56.216016],[-61.301123,56.047168],[-61.089355,55.866357],[-60.831836,55.957861],[-60.592578,55.814844],[-60.341016,55.784668],[-60.408301,55.649561],[-60.192383,55.480908],[-60.360937,55.366309],[-60.450098,55.199951],[-59.930322,55.259424],[-59.517676,55.197363],[-58.997119,55.149463],[-58.780176,54.838379],[-58.398145,54.774121],[-58.195264,54.865918],[-57.962451,54.875732],[-57.929297,54.773145],[-57.404443,54.57041],[-57.699268,54.386572],[-58.151367,54.350439],[-58.435205,54.228125],[-58.633203,54.049561],[-58.84082,54.044482],[-59.496533,53.83418],[-59.823047,53.834424],[-60.01416,53.761572],[-60.144922,53.596143],[-60.100293,53.486963],[-60.290283,53.391455],[-60.14834,53.306543],[-59.829053,53.504541],[-59.322266,53.64375],[-58.91958,53.875293],[-58.652051,53.977881],[-58.326709,54.051807],[-58.309961,54.20166],[-58.19209,54.228174],[-57.416064,54.162744],[-57.148975,53.847705],[-57.156934,53.756885],[-57.489453,53.633105],[-57.331738,53.469092],[-57.012158,53.672607],[-56.840869,53.739453],[-56.46499,53.765039],[-56.354004,53.624463],[-56.110156,53.587598],[-55.859375,53.343896],[-55.797949,53.211963],[-55.892334,53.000439],[-55.829883,52.878418],[-55.840186,52.507617],[-55.705957,52.428271],[-55.833643,52.3104],[-55.691064,52.241602],[-55.695215,52.137793],[-56.01748,51.929297],[-56.975977,51.457666],[-57.299219,51.478271],[-57.76958,51.425928],[-58.022656,51.32207],[-58.510352,51.295068],[-58.637598,51.17168],[-59.165381,50.779883],[-59.378027,50.675439],[-59.611914,50.49209],[-59.815332,50.418262],[-59.886328,50.316406],[-60.080176,50.25459],[-60.608203,50.221143],[-60.807227,50.249805],[-60.956299,50.20542],[-61.289746,50.201953],[-61.724854,50.104053],[-61.919531,50.232861],[-62.71543,50.30166],[-63.135645,50.293799],[-63.238623,50.242578],[-63.58667,50.258203],[-63.733594,50.304639],[-64.17041,50.269434],[-64.508936,50.308936],[-64.867871,50.275488],[-65.268604,50.32002],[-65.762451,50.259277],[-65.955371,50.294141],[-66.125537,50.201025],[-66.495508,50.211865],[-66.941162,49.993701],[-67.234375,49.601758],[-67.261914,49.451172],[-67.372021,49.348438],[-68.05625,49.256787],[-68.281934,49.197168],[-68.627881,49.007178],[-68.669043,48.939502],[-68.929053,48.828955],[-69.230762,48.573633],[-69.374951,48.386426],[-69.775,48.098096],[-69.905566,47.832227],[-70.300098,47.503027],[-70.448047,47.423438],[-70.705859,47.139795],[-71.115625,46.924951],[-71.267773,46.795947],[-71.757275,46.673584],[-71.87959,46.686816],[-72.204639,46.558887],[-72.256641,46.485059],[-72.680127,46.287305],[-72.981006,46.209717],[-73.283545,45.899854],[-73.476611,45.738232],[-73.711865,45.711182],[-74.037842,45.501855],[-73.973828,45.345117],[-74.358301,45.206396],[-74.708887,45.003857],[-74.856641,45.003906],[-75.179395,44.899365],[-75.40127,44.772266],[-75.875928,44.416992],[-76.151172,44.303955],[-76.4646,44.057617],[-76.819971,43.628809],[-78.72041,43.624951],[-79.171875,43.466553],[-79.059229,43.278076],[-79.066064,43.106104],[-78.915088,42.909131],[-79.036719,42.802344],[-80.247559,42.366016],[-81.277637,42.20918],[-82.439063,41.674854],[-82.690039,41.675195],[-83.02998,41.832959],[-83.141943,41.975879],[-83.149658,42.141943],[-83.073145,42.300293],[-82.867773,42.385205],[-82.545312,42.624707],[-82.408203,43.072656],[-82.137842,43.570898],[-82.28125,44.192236],[-82.551074,45.347363],[-83.592676,45.817139],[-83.469482,45.994678],[-83.615967,46.116846],[-83.977783,46.084912],[-84.088379,46.226514],[-84.192187,46.549561],[-84.561768,46.457373],[-84.779395,46.637305],[-84.875977,46.899902],[-86.428564,47.540088],[-87.494238,47.961768],[-88.378174,48.303076],[-88.611768,48.264014],[-89.185645,48.047412],[-89.455664,47.99624],[-89.993652,48.015332],[-90.091797,48.118115],[-90.744385,48.10459],[-90.840332,48.200537],[-91.043457,48.193701],[-91.220654,48.10459],[-91.518311,48.058301],[-92.171777,48.338379],[-92.4146,48.276611],[-92.500586,48.435352],[-92.99624,48.611816],[-93.257959,48.628857],[-93.707715,48.525439],[-94.055176,48.659033],[-94.620898,48.742627],[-94.803467,49.00293],[-94.854346,49.30459],[-95.155273,49.369678],[-95.162061,48.991748],[-96.677051,48.993164],[-97.956201,48.993164],[-99.235352,48.993115],[-100.088135,48.993115],[-101.367285,48.993115],[-102.22002,48.993115],[-103.49917,48.993115],[-104.77832,48.993115],[-105.631104,48.993115],[-106.910254,48.993115],[-107.762988,48.993115],[-109.468555,48.993066],[-110.747656,48.993066],[-112.026807,48.993066],[-113.732373,48.993066],[-115.437891,48.993066],[-116.717041,48.993066],[-117.996191,48.993066],[-119.701709,48.993018],[-120.980859,48.993018],[-122.78877,48.993018],[-122.92417,49.074658],[-123.049219,48.993018],[-123.196338,49.147705],[-123.335645,49.45918],[-123.530566,49.397314],[-123.858936,49.482861],[-124.053809,49.661719],[-123.874414,49.736816],[-123.972119,49.892041],[-124.141602,49.792676],[-124.483252,49.808203],[-124.782373,50.020117],[-124.784277,50.072803],[-125.056689,50.418652],[-125.476318,50.497168],[-125.697559,50.464551],[-126.404492,50.529883],[-126.397119,50.80708],[-126.631787,50.915137],[-127.057568,50.867529],[-127.441211,50.989404],[-127.708105,51.151172],[-127.644873,51.478467],[-127.818945,51.603906],[-127.869141,51.775244],[-127.858789,51.990283],[-128.102246,51.788428],[-128.193555,51.998291],[-128.357617,52.158887],[-128.0375,52.318164],[-128.060303,52.427539],[-128.275146,52.435498],[-128.108789,52.858057],[-128.365039,52.825781],[-128.451953,52.876611],[-128.524707,53.140674],[-128.652344,53.243848],[-129.080908,53.367285],[-129.171582,53.533594],[-129.114453,53.641113],[-128.935596,53.715186],[-128.750781,53.66084],[-128.704785,53.918604],[-128.959375,53.841455],[-129.208105,53.641602],[-129.284277,53.393164],[-129.563721,53.251465],[-129.821777,53.412744],[-129.911865,53.551367],[-130.074365,53.575635],[-130.335254,53.723926],[-130.085938,53.975781],[-130.043311,54.133545],[-130.290332,54.270361],[-130.430273,54.420996],[-130.37002,54.62002],[-130.218945,54.730273],[-129.890137,55.164648],[-129.837744,55.319092],[-129.985156,55.358838],[-130.092969,55.631836],[-130.025098,55.888232]]],[[[-109.815967,78.650391],[-109.362207,78.492871],[-109.390527,78.33667],[-110.418359,78.294971],[-111.169189,78.386279],[-111.435059,78.287354],[-112.13125,78.366064],[-113.17251,78.283789],[-113.149951,78.408398],[-112.64082,78.499805],[-111.708789,78.574707],[-111.071484,78.708398],[-110.407813,78.756641],[-109.815967,78.650391]]],[[[-110.458057,78.103223],[-109.656885,78.079248],[-109.771777,77.957422],[-110.751123,77.857227],[-110.152734,77.762939],[-110.198486,77.524512],[-110.682861,77.445898],[-111.951953,77.344189],[-112.372656,77.364111],[-113.164355,77.530273],[-113.215186,77.903516],[-111.206592,78.088135],[-110.458057,78.103223]]],[[[-115.55127,77.363281],[-115.623926,77.265918],[-116.285742,77.10166],[-115.856836,76.969238],[-116.233984,76.874316],[-115.94458,76.73623],[-116.220459,76.611084],[-116.999219,76.531592],[-117.153906,76.297998],[-117.492383,76.272705],[-118.020215,76.446533],[-117.780469,76.784277],[-118.300586,76.73667],[-118.468164,76.547363],[-118.820752,76.48584],[-118.643408,76.334668],[-118.993945,76.144873],[-119.36792,76.221777],[-119.912891,75.858838],[-120.408887,75.825635],[-120.771582,76.166309],[-121.019287,76.020264],[-121.427979,75.981104],[-121.908203,76.034766],[-122.400488,75.944238],[-122.774023,76.227686],[-122.365381,76.401221],[-121.61377,76.441455],[-120.997607,76.691455],[-120.357666,76.886914],[-119.090186,77.305078],[-118.005176,77.381201],[-117.418604,77.317383],[-116.835303,77.528857],[-116.362598,77.542822],[-115.55127,77.363281]]],[[[-108.292383,76.057129],[-107.852295,76.057715],[-107.755176,75.940283],[-107.135693,75.878564],[-106.396582,76.060107],[-105.604443,75.929932],[-105.480908,75.745654],[-105.862598,75.191553],[-106.092627,75.089453],[-107.153418,74.927148],[-107.820068,75.000049],[-108.354443,74.942627],[-108.831299,75.064893],[-109.503125,74.882764],[-110.175781,74.83999],[-110.940869,74.638721],[-111.728711,74.501953],[-112.519336,74.416846],[-113.514062,74.430078],[-114.268262,74.604346],[-114.132471,74.766113],[-113.324316,74.875293],[-112.835986,74.975586],[-111.671094,75.019434],[-111.033496,75.226758],[-112.255518,75.133691],[-112.59707,75.21167],[-112.951367,75.107812],[-113.711768,75.068604],[-114.168457,75.239502],[-114.451758,75.087891],[-115.020117,74.976172],[-115.478076,75.104102],[-115.728857,74.968115],[-116.476074,75.171777],[-117.004834,75.156104],[-117.600098,75.27168],[-117.154199,75.472998],[-116.077148,75.492969],[-116.425635,75.585352],[-117.025195,75.601514],[-116.972656,75.745752],[-116.389648,75.808203],[-116.654297,75.929297],[-116.609766,76.07373],[-115.831738,76.295801],[-115.580664,76.4375],[-114.998486,76.497461],[-114.193945,76.451465],[-113.823486,76.206836],[-113.171289,76.257764],[-112.697607,76.201709],[-111.513232,75.810693],[-111.052686,75.548535],[-110.459375,75.555322],[-109.086377,75.506494],[-108.944775,75.698975],[-109.796045,75.863037],[-109.454639,76.02124],[-109.486816,76.144678],[-110.200781,76.289453],[-110.27002,76.416992],[-109.864844,76.522363],[-109.338525,76.759961],[-108.831641,76.821143],[-108.466992,76.737598],[-108.627637,76.586719],[-108.5125,76.438916],[-108.123193,76.233447],[-108.292383,76.057129]]],[[[-114.521533,72.59292],[-113.500049,72.694434],[-113.449854,72.863232],[-113.208008,72.981006],[-112.753613,72.986035],[-112.048096,72.888037],[-111.269727,72.713721],[-111.355518,72.572119],[-111.139893,72.365332],[-110.781543,72.533887],[-110.205127,72.661279],[-110.197168,72.758887],[-110.553613,72.861426],[-110.66084,73.008203],[-110.008447,72.983643],[-109.121924,72.726416],[-108.698291,72.499268],[-108.2104,71.751172],[-107.925342,71.638672],[-107.346924,71.819238],[-107.306006,71.894678],[-107.69585,72.149316],[-107.93252,72.52041],[-108.238232,73.105811],[-107.72002,73.329053],[-107.113477,73.192139],[-106.950781,73.276025],[-106.482129,73.196191],[-105.812695,73.010645],[-105.415137,72.78833],[-105.234082,72.415088],[-104.766992,71.867578],[-104.385937,71.576953],[-104.349561,71.433984],[-104.56958,71.104053],[-104.166846,70.927197],[-103.953467,70.762646],[-103.10498,70.510254],[-102.750488,70.521875],[-101.989844,70.285059],[-101.626807,70.24834],[-101.562402,70.13501],[-101.148535,70.147607],[-100.97334,70.029492],[-100.935107,69.715332],[-101.647656,69.698535],[-102.182129,69.845947],[-102.595898,69.71792],[-102.621094,69.551514],[-103.464893,69.644482],[-102.884082,69.341309],[-102.446777,69.476318],[-101.975537,69.407031],[-102.064014,69.281152],[-101.82251,69.21709],[-101.857129,69.023975],[-102.895068,68.823633],[-103.468213,68.808545],[-104.067334,68.865576],[-104.352686,68.928174],[-104.571436,68.872119],[-105.105859,68.92041],[-105.01958,69.08125],[-106.140869,69.162012],[-106.341162,69.224365],[-106.361377,69.381055],[-106.659082,69.4396],[-107.033447,69.180762],[-107.439893,69.002148],[-108.36499,68.934766],[-108.945898,68.759814],[-109.958545,68.630273],[-111.310937,68.542041],[-113.127734,68.494141],[-113.338086,68.598779],[-113.616846,68.838477],[-113.694141,69.19502],[-114.322949,69.269141],[-115.159033,69.264746],[-116.101562,69.337158],[-116.513477,69.424609],[-117.104004,69.804248],[-117.135449,70.100146],[-116.553809,70.175049],[-114.592334,70.312451],[-112.637891,70.225244],[-111.783691,70.2729],[-111.72583,70.352051],[-112.11416,70.446875],[-113.145508,70.616357],[-113.757275,70.690723],[-114.840723,70.621387],[-115.990918,70.586279],[-116.327295,70.62373],[-116.992529,70.603662],[-117.587061,70.629541],[-118.264062,70.88833],[-118.269092,71.034717],[-117.814063,71.158447],[-116.228223,71.35918],[-115.980273,71.469287],[-117.337109,71.434619],[-117.72334,71.390674],[-118.188184,71.435937],[-117.742334,71.659326],[-118.371533,71.639941],[-118.868408,71.686768],[-118.987695,71.764258],[-118.944629,71.985547],[-118.589844,72.16748],[-118.213477,72.262891],[-118.481299,72.427686],[-118.374512,72.533887],[-117.551709,72.831104],[-116.573242,73.054932],[-114.638232,73.372656],[-114.301904,73.330713],[-114.051709,73.070996],[-114.10918,72.860986],[-114.521533,72.59292]]],[[[-119.736328,74.112646],[-119.205957,74.197998],[-119.025684,74.044727],[-118.543994,74.244629],[-117.965869,74.266064],[-117.198828,74.171143],[-115.957715,73.747949],[-115.510693,73.61875],[-115.446875,73.438867],[-116.48252,73.253223],[-117.06543,73.107275],[-118.961572,72.684131],[-119.407764,72.3604],[-119.76748,72.243848],[-120.179883,72.212646],[-120.443164,71.630811],[-120.619336,71.505762],[-121.472168,71.389014],[-121.749365,71.444775],[-122.156641,71.265918],[-122.936523,71.087988],[-123.210596,71.123437],[-124.007764,71.677441],[-125.29668,71.973047],[-125.766895,71.96084],[-125.762598,72.1375],[-125.382764,72.423828],[-124.987109,72.587988],[-125.000391,72.81333],[-124.582568,72.925928],[-124.836426,73.07627],[-124.424219,73.418701],[-124.11416,73.527393],[-123.797266,73.768164],[-124.260742,73.953271],[-124.69624,74.348193],[-123.468311,74.436133],[-122.623145,74.46416],[-121.7479,74.540625],[-121.315234,74.52998],[-120.554492,74.35293],[-119.562646,74.232812],[-119.736328,74.112646]]],[[[-69.488867,83.016797],[-68.106885,82.961182],[-66.59165,82.944043],[-66.836328,82.81792],[-64.776758,82.876465],[-63.473047,82.77124],[-63.085352,82.565234],[-61.39248,82.441895],[-61.273535,82.279834],[-62.176709,82.043408],[-64.574023,81.73374],[-66.625732,81.616406],[-66.914062,81.485107],[-68.688525,81.293311],[-68.317676,81.26123],[-65.735693,81.494238],[-64.780078,81.492871],[-65.483984,81.284766],[-66.726855,81.040918],[-68.630469,80.678711],[-69.400098,80.422852],[-70.143506,80.397656],[-70.568408,80.093701],[-71.355811,79.911279],[-71.387842,79.761768],[-72.436523,79.694385],[-73.448145,79.8271],[-73.229395,79.643994],[-73.466064,79.495166],[-75.259473,79.421045],[-76.295703,79.413623],[-76.116357,79.326123],[-75.093604,79.203906],[-74.481201,79.229492],[-74.532324,79.052734],[-75.233154,79.035547],[-75.911816,79.117773],[-76.255859,79.006836],[-75.795068,78.889746],[-75.098535,78.858301],[-74.433105,78.724121],[-74.878613,78.544824],[-76.373486,78.521094],[-75.193457,78.327734],[-75.550684,78.221094],[-75.865967,78.009814],[-76.974023,77.927246],[-78.012598,77.946045],[-78.076172,77.519043],[-78.28374,77.413086],[-78.869531,77.33252],[-79.906396,77.299561],[-80.573047,77.314795],[-80.274219,77.150928],[-79.340869,77.158398],[-79.220752,76.936035],[-78.791797,76.883594],[-78.288867,76.977979],[-77.983301,76.75498],[-78.284326,76.57124],[-79.511035,76.310498],[-80.690283,76.176465],[-80.99668,76.21499],[-80.834814,76.369141],[-81.170703,76.512744],[-81.591992,76.484424],[-82.03418,76.629395],[-82.233154,76.46582],[-83.885693,76.453125],[-84.275342,76.356543],[-85.14126,76.30459],[-85.680566,76.349023],[-86.296191,76.491846],[-86.680225,76.376611],[-88.395996,76.405273],[-89.570068,76.491943],[-89.499756,76.826807],[-88.398145,77.103955],[-87.361719,77.13623],[-86.873779,77.200293],[-87.780176,77.492822],[-88.094678,77.719189],[-87.496777,77.871924],[-87.017969,77.892236],[-86.172998,77.746143],[-85.588477,77.461133],[-84.738672,77.361035],[-83.973584,77.390527],[-83.779395,77.532617],[-84.48584,77.561963],[-84.860547,77.499512],[-85.289355,77.559033],[-85.292041,77.763867],[-85.547559,77.927686],[-84.61543,78.195703],[-84.910352,78.239697],[-85.585938,78.10957],[-86.217773,78.081201],[-87.551758,78.176611],[-87.491309,78.417187],[-86.80791,78.774365],[-85.229687,78.902002],[-83.90791,78.83916],[-83.271436,78.770313],[-83.058545,78.939502],[-84.316113,78.975293],[-84.530273,79.10127],[-84.197363,79.225098],[-85.089795,79.612158],[-86.031494,79.721924],[-86.420752,79.845215],[-86.614502,80.123535],[-86.307178,80.319336],[-83.723633,80.228955],[-82.377002,79.908252],[-81.855713,79.722559],[-81.010156,79.693115],[-82.332373,80.066357],[-82.961133,80.277881],[-82.536133,80.375537],[-80.979639,80.445264],[-80.051074,80.528564],[-79.629346,80.647852],[-78.386182,80.784375],[-76.850342,80.878174],[-78.550977,80.921436],[-78.629297,81.043457],[-79.19834,81.117578],[-79.606641,80.881787],[-81.007031,80.654883],[-82.368213,80.561328],[-82.336768,80.728662],[-83.401416,80.713965],[-84.07627,80.55625],[-85.307422,80.525977],[-86.250342,80.565771],[-86.603076,80.664014],[-86.2521,80.789551],[-85.246289,80.987891],[-85.780859,81.035059],[-87.329883,80.669775],[-87.71167,80.65625],[-88.921436,80.805615],[-89.263281,80.914307],[-88.413086,80.999756],[-87.388672,80.988379],[-87.275098,81.080811],[-89.623047,81.032471],[-89.947314,81.172656],[-88.978369,81.541504],[-90.303516,81.401123],[-90.55376,81.464209],[-89.845215,81.61167],[-91.647559,81.683838],[-90.490186,81.877246],[-89.381006,81.916748],[-88.566846,82.061084],[-86.626807,82.051025],[-85.645654,81.953271],[-85.310596,82.043994],[-86.580615,82.187207],[-84.896826,82.449414],[-82.536914,82.247266],[-80.549902,82.00459],[-80.129834,82.028369],[-81.997607,82.278271],[-82.451367,82.4271],[-81.681152,82.518652],[-82.12251,82.601758],[-80.657129,82.769092],[-79.207227,82.732764],[-79.886328,82.938525],[-77.47959,82.883154],[-77.124902,83.008545],[-75.744922,83.047168],[-73.331152,82.998779],[-72.81167,83.081201],[-69.969922,83.116113],[-69.488867,83.016797]]],[[[-95.484375,77.791992],[-93.582861,77.770752],[-93.300977,77.739795],[-93.51958,77.474414],[-95.987061,77.484131],[-96.263867,77.594531],[-96.142969,77.714355],[-95.484375,77.791992]]],[[[-93.542578,75.02793],[-93.547168,74.691064],[-93.98457,74.644189],[-94.697266,74.642188],[-95.286084,74.794092],[-95.86543,74.83042],[-96.270117,74.920312],[-96.565771,75.09873],[-96.180371,75.240088],[-96.124902,75.358301],[-95.670801,75.528662],[-95.049512,75.621826],[-94.427246,75.593359],[-93.75083,75.349023],[-93.497559,75.136865],[-93.542578,75.02793]]],[[[-100.001904,73.945898],[-99.157959,73.731592],[-97.581836,73.887549],[-97.224756,73.843799],[-97.001709,73.666504],[-97.394775,73.564209],[-97.27251,73.386816],[-97.795898,73.285303],[-98.436963,73.000244],[-97.724805,73.03667],[-97.32876,72.937842],[-97.051807,72.636816],[-96.54209,72.69873],[-96.440137,72.487305],[-96.795898,72.31377],[-96.592871,72.204492],[-96.766309,72.045947],[-96.613428,71.833838],[-96.946484,71.791895],[-97.222217,71.673486],[-97.582275,71.629688],[-98.181348,71.662451],[-98.198633,71.440869],[-98.662891,71.3021],[-99.167139,71.367188],[-99.734717,71.757227],[-100.594482,72.152344],[-100.983643,72.210059],[-101.208545,72.316992],[-101.723926,72.314893],[-101.973682,72.486133],[-102.402246,72.594727],[-102.713672,72.78291],[-102.503809,73.005908],[-101.922461,73.056982],[-101.350586,72.746289],[-101.087598,72.713281],[-100.484766,72.772949],[-100.282666,73.120312],[-100.438818,73.25459],[-100.889355,73.275342],[-101.450879,73.430957],[-101.323145,73.571973],[-100.975781,73.599756],[-100.915137,73.805371],[-100.001904,73.945898]]],[[[-84.919629,65.261084],[-84.6125,65.447314],[-84.266406,65.367236],[-84.084863,65.217822],[-83.407129,65.103906],[-83.222266,64.967969],[-82.667627,64.780322],[-82.05,64.644287],[-81.787207,64.425977],[-81.676123,64.212646],[-81.716113,64.021875],[-81.335645,64.075781],[-81.005029,64.033301],[-80.828955,64.089941],[-80.302051,63.762207],[-81.046387,63.461572],[-81.96333,63.664453],[-82.378125,63.706787],[-82.46709,63.926953],[-83.033887,64.023242],[-83.065137,64.159033],[-83.494336,64.099219],[-83.728271,63.813379],[-84.022119,63.659863],[-84.307617,63.585791],[-84.63291,63.309229],[-84.961523,63.197217],[-85.495508,63.139111],[-85.71416,63.657959],[-85.804688,63.706543],[-86.575684,63.662305],[-86.846875,63.575293],[-87.188916,63.672266],[-86.886035,63.92373],[-86.421729,64.051563],[-86.2521,64.136865],[-86.374268,64.56582],[-86.188281,65.010303],[-86.114209,65.417285],[-85.96167,65.704248],[-85.813965,65.831934],[-85.554688,65.918652],[-85.241113,65.795508],[-85.105371,65.622705],[-85.239941,65.510303],[-85.056055,65.437402],[-84.919629,65.261084]]],[[[-97.700928,76.466504],[-97.530664,76.181543],[-97.60166,75.851074],[-97.862793,75.738086],[-97.40752,75.67251],[-97.409619,75.5521],[-97.878223,75.416113],[-97.799365,75.11665],[-98.568652,75.009326],[-99.420605,75.04375],[-99.626904,74.98374],[-100.234375,75.007715],[-100.711914,75.406348],[-100.279639,75.460986],[-99.591162,75.655371],[-99.915137,75.68125],[-101.206836,75.59043],[-101.461328,75.60791],[-102.541406,75.513623],[-102.79751,75.599658],[-102.252051,75.777734],[-102.144727,75.875049],[-101.599658,75.832666],[-101.431348,75.991992],[-101.872119,76.083105],[-101.528955,76.217285],[-102.137744,76.284863],[-101.858496,76.439014],[-101.339746,76.410498],[-101.055811,76.245557],[-99.97832,76.029492],[-100.829736,76.523877],[-100.387939,76.613574],[-99.023633,76.614551],[-98.71084,76.693848],[-97.700928,76.466504]]],[[[-103.426025,79.315625],[-102.914355,79.231104],[-102.652295,79.09502],[-101.872607,79.088379],[-100.435498,78.820312],[-99.609424,78.583057],[-99.847803,78.438232],[-99.751367,78.302979],[-99.131543,78.117529],[-98.999609,77.996875],[-99.166406,77.856934],[-99.955908,77.793799],[-100.586035,77.891797],[-101.074121,78.193848],[-102.056982,78.279541],[-102.606982,78.248926],[-102.731348,78.371045],[-104.324219,78.269482],[-104.763574,78.35166],[-104.995557,78.518506],[-104.727051,78.579395],[-103.764355,78.519531],[-103.482568,78.593945],[-103.518359,78.769141],[-103.875635,78.902686],[-105.535645,79.03252],[-105.387695,79.323584],[-103.706396,79.352051],[-103.426025,79.315625]]],[[[-91.885547,81.132861],[-90.643018,80.593701],[-89.861865,80.498437],[-89.166895,80.479639],[-88.643652,80.386865],[-87.675,80.372119],[-87.625488,80.187207],[-86.977197,79.894238],[-87.144238,79.662646],[-85.501367,79.530322],[-85.06377,79.328174],[-85.289844,79.20835],[-86.09165,79.1],[-87.016455,78.898682],[-87.982861,78.537061],[-88.606445,78.391992],[-88.791016,78.192432],[-90.326758,78.184766],[-90.614404,78.149854],[-91.89917,78.236865],[-92.678271,78.389111],[-92.725586,78.48667],[-93.266602,78.608301],[-94.162793,78.994189],[-93.293896,79.139502],[-92.683643,79.185791],[-92.547217,79.282617],[-91.867578,79.317432],[-92.821924,79.449902],[-93.933154,79.290723],[-94.404883,79.390527],[-95.103174,79.289893],[-95.733008,79.418213],[-95.296973,79.653076],[-95.85752,79.673779],[-96.462744,79.84751],[-96.773242,80.135791],[-95.781982,80.066406],[-94.645898,80.04873],[-94.590137,80.201514],[-95.405078,80.13501],[-96.368408,80.293066],[-95.614453,80.39624],[-96.151807,80.553467],[-96.132812,80.691406],[-94.788477,80.75127],[-95.514746,80.838135],[-95.269775,81.000781],[-93.235645,81.128857],[-94.194434,81.240918],[-94.059717,81.349316],[-93.332764,81.364404],[-92.412598,81.278271],[-91.885547,81.132861]]],[[[-94.294971,76.912451],[-93.810937,76.91416],[-92.71626,76.602979],[-91.305029,76.680762],[-90.738428,76.581348],[-90.854785,76.437305],[-89.284521,76.301611],[-89.406592,76.18916],[-90.312061,76.158008],[-91.2604,76.22998],[-91.279443,76.159912],[-90.251367,76.053467],[-89.204883,75.762012],[-89.28042,75.564111],[-88.569043,75.645117],[-88.201318,75.512012],[-87.256934,75.617725],[-86.814453,75.491357],[-86.236328,75.406348],[-86.06875,75.502246],[-84.986768,75.644922],[-84.604883,75.653467],[-83.931982,75.818945],[-83.237109,75.75083],[-82.153662,75.831055],[-81.150781,75.735547],[-81.000781,75.643115],[-80.321973,75.629102],[-80.099609,75.467432],[-79.660205,75.449512],[-79.507812,75.295361],[-79.634424,75.199316],[-80.357568,75.051563],[-79.524805,74.989697],[-79.507959,74.880127],[-80.212695,74.749463],[-80.277734,74.581592],[-81.226221,74.56665],[-81.808838,74.476611],[-82.931055,74.565576],[-83.341309,74.7646],[-83.531885,74.585693],[-84.425537,74.508105],[-86.109863,74.539746],[-86.666113,74.489111],[-87.592578,74.470361],[-88.423047,74.494141],[-88.777832,74.715186],[-89.844385,74.548584],[-90.553271,74.612744],[-90.784082,74.695898],[-91.50835,74.650684],[-91.961572,74.793213],[-92.17417,75.051074],[-92.076318,75.123535],[-92.4271,75.346387],[-92.068848,75.65791],[-92.185107,75.846533],[-93.091748,76.354004],[-93.665186,76.273145],[-94.736719,76.293262],[-95.273877,76.264404],[-95.788867,76.537207],[-96.639697,76.70293],[-96.433203,76.810693],[-96.758301,76.971777],[-95.638232,77.06377],[-94.294971,76.912451]]],[[[-96.204492,78.531299],[-95.561133,78.516602],[-94.887158,78.345215],[-95.329248,78.225049],[-94.936035,78.106396],[-95.087012,77.992627],[-96.989648,77.806006],[-97.093311,77.933496],[-97.658154,78.090625],[-98.254932,78.429248],[-98.060352,78.55835],[-98.212109,78.804541],[-97.382324,78.78291],[-96.587061,78.687109],[-96.204492,78.531299]]],[[[-93.17085,74.160986],[-92.492822,74.062061],[-92.222705,73.972363],[-91.63042,74.027783],[-91.087988,74.009277],[-90.35459,73.868652],[-90.565576,73.686426],[-90.933691,73.527686],[-91.620996,73.025879],[-92.11792,72.753809],[-92.391943,72.718457],[-93.340625,72.801855],[-94.211328,72.756934],[-93.770557,72.668213],[-93.555176,72.421143],[-93.870605,72.252637],[-94.037549,72.02876],[-95.192969,72.027441],[-95.251025,72.501953],[-95.547607,72.781543],[-95.63291,73.695459],[-95.385986,73.755127],[-94.816846,73.662549],[-95.149023,73.906396],[-95.039844,74.023877],[-94.482568,74.113135],[-93.17085,74.160986]]],[[[-97.439453,69.642676],[-97.236084,69.673486],[-96.875195,69.51001],[-96.299951,69.344385],[-95.951367,69.02373],[-95.465576,68.747266],[-95.685645,68.73584],[-96.401562,68.470703],[-97.008398,68.538672],[-97.472021,68.543701],[-97.885352,68.672461],[-98.829639,68.838623],[-99.254004,68.863184],[-99.564063,69.034131],[-99.455713,69.131201],[-98.912207,69.167578],[-98.455957,69.334668],[-98.548242,69.544971],[-98.288818,69.629004],[-98.268213,69.754443],[-97.790723,69.861621],[-97.411377,69.738477],[-97.439453,69.642676]]],[[[-61.105176,45.944727],[-60.806104,45.738086],[-60.472363,45.946533],[-60.573193,46.061426],[-60.504932,46.203857],[-60.297949,46.31123],[-60.226465,46.195557],[-59.865039,46.159521],[-60.01582,45.880469],[-60.386084,45.654639],[-60.672949,45.59082],[-60.871582,45.610693],[-61.283691,45.573877],[-61.449805,45.716211],[-61.495312,45.941455],[-61.408643,46.170361],[-61.240527,46.302539],[-60.870166,46.796777],[-60.61665,46.975781],[-60.425439,46.923193],[-60.331738,46.767822],[-60.576855,46.172168],[-61.105176,45.944727]]],[[[-67.124854,45.169434],[-67.366943,45.173779],[-67.472559,45.275879],[-67.493652,45.474072],[-67.432666,45.603125],[-67.784668,45.701709],[-67.806787,47.082813],[-68.096777,47.274854],[-68.310889,47.354492],[-68.828711,47.20332],[-69.048584,47.273633],[-69.050195,47.426611],[-69.242871,47.462988],[-70.007715,46.708936],[-70.067187,46.441064],[-70.248291,46.250879],[-70.29624,45.906104],[-70.421094,45.738232],[-70.702246,45.551367],[-70.897998,45.262451],[-70.999902,45.337256],[-71.134668,45.262842],[-71.327295,45.290088],[-71.517529,45.007568],[-73.182031,45.005615],[-74.708887,45.003857],[-74.269043,45.188281],[-74.049805,45.241406],[-73.764648,45.395459],[-73.558105,45.425098],[-73.465283,45.632324],[-73.15957,46.010059],[-72.733447,46.181836],[-72.496191,46.352686],[-72.240137,46.44209],[-72.187207,46.511523],[-71.900928,46.631934],[-71.671289,46.65376],[-71.261182,46.75625],[-70.519482,47.03252],[-70.017139,47.471436],[-69.581055,47.823682],[-69.471045,47.967285],[-69.306348,48.047021],[-68.987061,48.275],[-68.552002,48.457324],[-68.238184,48.626416],[-67.560889,48.855957],[-67.11748,48.96416],[-66.598096,49.126367],[-66.178174,49.213135],[-65.523389,49.266162],[-64.836328,49.191748],[-64.567725,49.104785],[-64.261816,48.921875],[-64.208789,48.806201],[-64.25376,48.550391],[-64.348828,48.423193],[-64.633154,48.360498],[-64.764502,48.228076],[-65.259424,48.02124],[-65.475879,48.031494],[-65.926709,48.188867],[-66.210205,47.988574],[-65.849414,47.911035],[-65.666455,47.696143],[-65.483496,47.687012],[-65.228174,47.811279],[-64.873975,47.797217],[-64.703223,47.724854],[-64.852148,47.569873],[-64.912207,47.368652],[-65.318896,47.101221],[-64.831396,47.060791],[-64.905762,46.887939],[-64.816699,46.698682],[-64.725879,46.671436],[-64.647852,46.355957],[-64.541504,46.240332],[-64.211816,46.220215],[-63.915918,46.16582],[-64.056396,46.021338],[-63.702881,45.858008],[-63.509229,45.874707],[-63.292773,45.751953],[-63.10791,45.782422],[-62.700684,45.740576],[-62.483057,45.621826],[-61.955518,45.868164],[-61.877246,45.714209],[-61.656885,45.642187],[-61.492285,45.687012],[-61.281982,45.441064],[-61.106738,45.348633],[-61.101074,45.233447],[-61.283789,45.235498],[-62.514014,44.843652],[-63.306299,44.642578],[-63.544336,44.655078],[-63.609766,44.47998],[-63.761133,44.486426],[-63.999707,44.644922],[-64.286084,44.550342],[-64.378223,44.303564],[-64.862354,43.867871],[-65.086816,43.727197],[-65.32959,43.668115],[-65.344287,43.549609],[-65.481689,43.518066],[-65.738135,43.560742],[-65.886914,43.795215],[-66.125732,43.813818],[-66.193066,44.143848],[-66.099561,44.36748],[-65.868018,44.568799],[-65.681836,44.650928],[-65.656738,44.760303],[-64.90293,45.120801],[-64.448828,45.256055],[-64.23501,45.114307],[-64.093164,45.21709],[-63.74834,45.310889],[-64.087158,45.410889],[-64.600195,45.410059],[-64.74668,45.324365],[-64.912891,45.374805],[-64.827393,45.475537],[-64.560059,45.625488],[-64.482227,45.806348],[-64.536328,45.866602],[-64.778516,45.638428],[-64.8979,45.625977],[-65.282324,45.473096],[-65.54502,45.337305],[-65.884473,45.2229],[-66.107324,45.256934],[-66.439844,45.095898],[-66.510937,45.143359],[-66.872461,45.067285],[-66.918701,45.145605],[-67.124854,45.169434]]],[[[-55.45874,51.536523],[-55.583398,51.388574],[-56.031104,51.328369],[-55.999902,51.199268],[-55.815088,51.191162],[-55.8,51.033301],[-55.871387,50.907373],[-56.078125,50.780957],[-56.135645,50.650977],[-56.382422,50.416992],[-56.693994,50.059668],[-56.848633,49.765332],[-56.756787,49.651611],[-56.376416,49.933691],[-56.24707,50.090088],[-55.764746,49.960449],[-55.717627,49.829004],[-55.892041,49.580273],[-55.678125,49.434619],[-55.375928,49.489746],[-55.200293,49.408496],[-55.244531,49.199805],[-55.026172,49.305371],[-54.717627,49.388574],[-54.579053,49.49082],[-54.316748,49.424121],[-53.957715,49.441846],[-53.619434,49.321631],[-53.573437,49.141211],[-53.758057,49.0354],[-53.852881,48.811328],[-53.966016,48.706689],[-53.698047,48.679834],[-53.794629,48.526367],[-53.552051,48.481787],[-53.411328,48.562158],[-53.020752,48.571631],[-53.135742,48.401855],[-53.334326,48.355957],[-53.531201,48.231885],[-53.569434,48.088086],[-53.69502,47.921191],[-53.86167,47.799268],[-53.765137,47.650098],[-53.60376,47.662305],[-53.282715,47.997852],[-52.920996,48.14707],[-52.95498,48.029297],[-53.175537,47.652979],[-53.122461,47.455127],[-52.94502,47.552832],[-52.782422,47.769434],[-52.653662,47.549414],[-52.683643,47.426318],[-52.912402,47.103223],[-52.889209,46.974121],[-53.069775,46.68125],[-53.291309,46.717041],[-53.536133,46.63252],[-53.616357,46.680273],[-53.581348,46.957275],[-53.636377,47.137695],[-53.86001,46.939453],[-54.076025,46.819971],[-54.17373,46.880371],[-54.092676,47.08623],[-53.869092,47.387012],[-53.989014,47.756201],[-54.191846,47.859814],[-54.434473,47.462305],[-54.856641,47.38501],[-55.09043,47.173926],[-55.139648,47.045947],[-55.315723,46.905713],[-55.530713,46.914014],[-55.788525,46.867236],[-55.949902,46.927686],[-55.838379,47.071631],[-55.491504,47.160645],[-55.19082,47.448975],[-54.869531,47.570898],[-55.074561,47.657568],[-55.366309,47.661084],[-55.434668,47.50127],[-55.576123,47.465234],[-55.862061,47.530078],[-55.844385,47.787842],[-56.150586,47.774512],[-56.221289,47.671387],[-56.45957,47.616943],[-56.95249,47.574463],[-57.925537,47.674902],[-58.333203,47.676855],[-58.941162,47.580469],[-59.116943,47.570703],[-59.259766,47.63418],[-59.362402,47.865674],[-59.27207,47.995557],[-58.710596,48.325049],[-58.492236,48.513037],[-58.722559,48.540723],[-59.166797,48.521777],[-58.906445,48.650195],[-58.716455,48.598047],[-58.49375,49.003223],[-58.403662,49.084326],[-58.098926,49.077441],[-58.049072,49.17998],[-58.190918,49.25874],[-58.213379,49.38667],[-58.01582,49.54248],[-57.7125,50.024902],[-57.465527,50.463672],[-57.297998,50.69873],[-57.131641,50.787402],[-56.976367,51.027979],[-56.805469,51.144482],[-56.750195,51.274902],[-56.517969,51.399316],[-56.025586,51.568359],[-55.69043,51.471338],[-55.45874,51.536523]]],[[[-86.589355,71.010791],[-86.127148,71.048975],[-85.643848,71.152441],[-85.094873,71.151953],[-84.7896,71.093262],[-84.659961,71.586133],[-85.250488,71.675293],[-85.911621,71.986523],[-85.545801,72.101562],[-85.405908,72.214844],[-84.642969,72.189551],[-84.849414,72.40625],[-85.341113,72.421533],[-85.637891,72.633203],[-85.644531,72.774463],[-85.262109,72.954004],[-85.454736,73.105469],[-85.018408,73.335498],[-84.416064,73.456494],[-84.088965,73.459375],[-83.729834,73.575879],[-82.659619,73.72959],[-81.946143,73.729834],[-81.406152,73.634521],[-81.151758,73.314014],[-80.603467,73.121191],[-80.591895,72.927686],[-80.274707,72.745557],[-80.675098,72.558643],[-80.604687,72.425781],[-80.941211,72.210156],[-80.802246,71.929199],[-80.386133,72.148779],[-80.116113,72.214062],[-80.041797,72.394238],[-79.653857,72.332178],[-79.32334,72.39082],[-79.000244,72.272021],[-78.699268,72.351416],[-78.287207,72.359814],[-78.479492,72.50874],[-78.001025,72.687598],[-77.566797,72.736865],[-76.893506,72.720654],[-76.18877,72.572217],[-75.704297,72.571533],[-75.185791,72.434229],[-74.903174,72.100488],[-74.266357,72.037695],[-74.315723,71.842676],[-74.700781,71.675586],[-73.713574,71.719873],[-73.712842,71.587598],[-73.481592,71.479248],[-72.901953,71.677783],[-72.580615,71.606787],[-71.875195,71.56123],[-71.459912,71.463721],[-71.219385,71.238818],[-71.742529,71.046875],[-71.18623,70.978027],[-70.79248,71.10332],[-70.655225,70.870898],[-71.021777,70.674121],[-71.585938,70.565869],[-71.275879,70.500293],[-70.560937,70.738281],[-69.949805,70.84502],[-69.695508,70.785889],[-69.168701,70.76416],[-68.495752,70.610254],[-68.363525,70.48125],[-68.793652,70.324414],[-69.29873,70.276807],[-70.061426,70.07085],[-69.79585,70.046924],[-69.483008,70.160059],[-68.918555,70.206982],[-68.723291,70.145654],[-69.008301,69.978955],[-68.744043,69.941406],[-68.318604,70.160596],[-68.203516,70.281494],[-67.855322,70.281787],[-67.363672,70.034424],[-67.172656,69.799463],[-67.259277,69.721289],[-67.806201,69.777393],[-68.113965,69.754297],[-68.513037,69.577295],[-68.058154,69.475879],[-67.360938,69.47251],[-66.77085,69.33667],[-66.802881,69.152734],[-67.483789,69.166992],[-67.938477,69.248145],[-68.303955,69.166406],[-67.751709,69.038672],[-67.883203,68.783984],[-68.324219,68.844043],[-68.037939,68.550732],[-66.762402,68.424658],[-67.032959,68.326074],[-66.729004,68.129004],[-66.530762,68.250342],[-66.212402,68.28042],[-66.225195,67.95874],[-65.864355,67.922852],[-65.701709,67.98667],[-65.300342,67.939502],[-64.976904,68.043408],[-65.021094,67.787549],[-64.527539,67.812695],[-64.15625,67.622998],[-64.007959,67.347314],[-63.83623,67.264111],[-63.591602,67.377539],[-63.040137,67.23501],[-63.258398,67.024658],[-63.701563,66.822363],[-62.962305,66.949268],[-62.379736,66.905371],[-61.968555,67.019043],[-61.299707,66.64873],[-61.527832,66.558105],[-61.904492,66.678125],[-62.089307,66.625928],[-61.652637,66.503125],[-61.570801,66.3729],[-61.862695,66.312842],[-62.405664,66.315918],[-62.533594,66.227002],[-61.991602,66.035303],[-62.497363,65.974023],[-62.381982,65.833301],[-62.658887,65.639941],[-62.968896,65.622363],[-63.420898,65.708594],[-63.364258,65.543213],[-63.401807,65.118457],[-63.606592,64.928076],[-63.895605,65.109277],[-64.151855,65.066162],[-64.469824,65.252734],[-64.665332,65.168945],[-65.108496,65.46377],[-65.401611,65.764014],[-65.305371,66.008447],[-65.825732,65.996924],[-65.857178,66.086426],[-66.476953,66.279736],[-66.787402,66.555664],[-67.317676,66.520361],[-67.191748,66.432764],[-67.31123,66.30376],[-67.883398,66.467432],[-67.704492,66.268604],[-67.183203,66.034424],[-67.550781,65.921631],[-67.828027,65.965186],[-68.147266,66.129834],[-68.256836,65.938623],[-67.866455,65.773682],[-67.906055,65.563477],[-67.569629,65.643555],[-67.303418,65.48291],[-67.326074,65.356641],[-66.860645,65.091602],[-66.22373,64.854102],[-65.768066,64.853564],[-65.274805,64.631543],[-65.074609,64.43667],[-65.212988,64.303271],[-65.507471,64.318311],[-65.010596,64.008838],[-64.678467,64.027979],[-64.410937,63.706348],[-64.561572,63.679688],[-64.514355,63.263965],[-64.695605,63.268848],[-64.886279,63.54873],[-65.068945,63.263477],[-64.672363,62.921973],[-64.923242,62.88916],[-65.162793,62.932617],[-65.046582,62.701465],[-65.26582,62.715088],[-65.740381,62.931982],[-65.978857,63.000684],[-66.414453,63.027197],[-66.636426,63.080127],[-66.974707,63.255566],[-67.179785,63.305029],[-67.709229,63.633936],[-67.837891,63.449219],[-68.49375,63.725488],[-68.911084,63.703223],[-68.670557,63.513672],[-68.14126,63.172314],[-67.675977,63.093555],[-67.736963,63.00957],[-67.468213,62.948242],[-66.979541,62.70083],[-66.644873,62.602051],[-66.28125,62.302686],[-65.980176,62.208887],[-66.133154,62.102393],[-66.058887,61.913867],[-66.256689,61.868262],[-67.440137,62.15127],[-68.378613,62.235156],[-69.082324,62.405176],[-69.366016,62.571875],[-69.545166,62.74458],[-69.799512,62.790479],[-70.236133,62.763379],[-71.253711,63.042529],[-71.617139,63.187207],[-71.973047,63.429883],[-71.696533,63.430225],[-71.455859,63.512256],[-71.725293,63.706152],[-72.222949,63.708887],[-72.586133,63.900781],[-73.443652,64.423486],[-73.278174,64.560254],[-73.626953,64.602539],[-73.910352,64.578125],[-74.512451,64.670166],[-74.634277,64.823926],[-74.919434,64.765527],[-74.640039,64.55708],[-75.067383,64.456689],[-75.487793,64.540771],[-75.715039,64.524365],[-75.766699,64.391943],[-76.118066,64.376318],[-76.723828,64.242041],[-77.28252,64.280371],[-77.791162,64.36709],[-78.174561,64.617725],[-78.095605,64.939258],[-77.876172,65.072949],[-77.447461,65.161572],[-77.461475,65.328174],[-77.326709,65.453125],[-76.481689,65.369727],[-75.82832,65.227051],[-75.708594,65.315723],[-75.166309,65.283936],[-74.981738,65.381445],[-74.390723,65.397559],[-74.236865,65.483887],[-73.560742,65.54292],[-73.746094,65.766699],[-74.033105,65.877051],[-74.433936,66.139014],[-74.374902,66.208154],[-73.933691,66.358057],[-73.280811,66.674951],[-73.033252,66.728174],[-72.788818,67.030615],[-72.364941,67.133398],[-72.22002,67.254297],[-72.352881,67.341895],[-72.576465,67.658643],[-73.063428,68.106982],[-73.328223,68.266748],[-73.644482,68.294531],[-73.879346,68.429395],[-73.78252,68.578027],[-74.270117,68.541211],[-74.647949,68.70752],[-74.917285,68.982861],[-75.213281,68.909375],[-75.623047,68.887744],[-76.403418,68.692334],[-76.619434,68.721387],[-76.557227,69.009473],[-75.953711,69.030811],[-75.667969,69.158838],[-75.787158,69.318652],[-76.407959,69.441113],[-76.520361,69.516602],[-77.128809,69.652734],[-76.868604,69.745166],[-76.962256,69.824854],[-77.494287,69.83623],[-77.635303,69.900439],[-77.721924,70.170801],[-77.842529,70.24707],[-78.282813,70.22915],[-78.621436,70.353418],[-79.066406,70.603564],[-79.397314,70.437256],[-79.017529,70.325195],[-78.809814,70.178564],[-78.889648,69.97749],[-79.30332,69.894824],[-79.615918,69.894727],[-80.162109,69.995996],[-81.098291,70.091162],[-81.196826,69.982812],[-80.924805,69.850586],[-80.921729,69.730908],[-81.564697,69.942725],[-82.138721,69.841211],[-82.487744,69.865967],[-83.091162,70.003906],[-83.859082,69.962744],[-84.521875,70.005225],[-84.909082,70.078223],[-85.432373,70.111377],[-85.780029,70.03667],[-86.322021,70.14541],[-86.624316,70.40127],[-87.122461,70.411963],[-87.900684,70.251904],[-88.4021,70.44248],[-88.848437,70.5229],[-89.208301,70.759717],[-89.365527,71.067188],[-88.51665,71.030566],[-87.844922,70.944385],[-87.181592,70.987549],[-87.872461,71.208545],[-89.079346,71.287939],[-89.845752,71.492285],[-90.025195,71.948779],[-89.663818,72.157959],[-89.8229,72.207813],[-89.861523,72.411914],[-89.357715,72.80415],[-89.263232,73.068994],[-88.705176,73.403271],[-87.719775,73.7229],[-86.76875,73.833984],[-85.950781,73.850146],[-85.110498,73.808154],[-84.974512,73.694775],[-85.681885,73.461475],[-86.086475,73.260254],[-86.629346,72.870801],[-86.594629,72.661133],[-86.322559,72.46084],[-86.341357,72.123193],[-86.218457,71.899121],[-86.036133,71.770947],[-85.023389,71.353223],[-85.405371,71.226758],[-85.94541,71.162646],[-86.589355,71.010791]]],[[[-61.801123,49.093896],[-62.219531,49.079102],[-63.041504,49.224951],[-63.565869,49.399316],[-63.676221,49.534326],[-63.884912,49.657715],[-64.440039,49.827734],[-64.372949,49.925928],[-64.131445,49.94165],[-63.291992,49.816846],[-62.858545,49.705469],[-61.817139,49.283545],[-61.696143,49.139014],[-61.801123,49.093896]]],[[[-63.811279,46.468701],[-63.681445,46.561914],[-63.368652,46.508252],[-63.129395,46.422217],[-62.163574,46.487207],[-62.02373,46.421582],[-62.552002,46.165918],[-62.531348,45.977295],[-62.878369,46.001367],[-62.894531,46.123584],[-63.116992,46.252832],[-63.276611,46.153271],[-63.641016,46.230469],[-63.860547,46.408154],[-64.11084,46.425439],[-64.106543,46.562109],[-64.388037,46.640869],[-64.35459,46.769238],[-63.993555,47.061572],[-63.981494,46.912988],[-64.087891,46.775439],[-63.903027,46.639111],[-63.811279,46.468701]]],[[[-82.000488,62.954199],[-81.948584,62.884033],[-82.113721,62.652246],[-82.568262,62.403223],[-83.01582,62.209912],[-83.376807,62.238135],[-83.698877,62.160254],[-83.899268,62.476465],[-83.739062,62.568848],[-83.376416,62.904932],[-82.965771,62.873926],[-82.706445,62.944531],[-82.234766,62.977441],[-82.000488,62.954199]]],[[[-79.545312,62.411719],[-79.286475,62.247656],[-79.323926,62.026074],[-79.714258,61.612549],[-79.816113,61.594629],[-80.276172,61.858594],[-80.234668,62.152686],[-79.868066,62.404346],[-79.545312,62.411719]]],[[[-75.675879,68.32251],[-75.153809,68.234033],[-75.063477,68.141211],[-75.127344,67.965234],[-75.127295,67.537305],[-75.400098,67.366699],[-75.780078,67.283545],[-76.693945,67.23584],[-77.004883,67.266943],[-77.15708,67.40835],[-77.305908,67.706104],[-77.228564,67.850098],[-76.740234,68.23125],[-76.364453,68.318701],[-75.675879,68.32251]]],[[[-79.537305,73.654492],[-78.286523,73.66582],[-77.206543,73.499561],[-76.758691,73.31001],[-76.569775,73.159277],[-76.289551,73.081006],[-76.08999,72.881201],[-76.400537,72.820654],[-77.835938,72.896826],[-78.314209,72.881836],[-79.13418,72.771631],[-79.500537,72.755957],[-79.936865,72.863623],[-80.183301,73.224658],[-80.61792,73.270801],[-80.82417,73.380664],[-80.848877,73.72124],[-80.412305,73.76543],[-79.537305,73.654492]]],[[[-80.731689,52.747266],[-81.009863,52.760645],[-81.839062,52.95791],[-82.039258,53.049902],[-81.847314,53.186279],[-81.335352,53.224268],[-81.135596,53.205811],[-80.765332,52.923242],[-80.731689,52.747266]]],[[[-78.935596,56.266064],[-79.175488,55.885059],[-79.407422,55.934863],[-79.764746,55.806787],[-79.497461,56.093164],[-79.564551,56.120947],[-79.90459,55.871045],[-80.000781,55.93208],[-79.596338,56.244482],[-79.392627,56.276465],[-79.272412,56.600439],[-78.963184,56.421729],[-78.935596,56.266064]]],[[[-89.833252,77.267627],[-90.228271,77.212451],[-91.147266,77.387305],[-91.149463,77.608057],[-90.842578,77.65498],[-90.171924,77.594678],[-89.719482,77.442139],[-89.833252,77.267627]]],[[[-104.558154,77.141748],[-105.215088,77.18208],[-105.556348,77.352637],[-106.066113,77.725391],[-105.587891,77.735986],[-104.542236,77.337744],[-104.558154,77.141748]]],[[[-98.791602,79.981104],[-98.840625,79.737061],[-99.515625,79.887158],[-100.092432,79.918652],[-100.053271,80.093359],[-99.731201,80.144092],[-98.894678,80.081787],[-98.791602,79.981104]]],[[[-105.288916,72.919922],[-106.071045,73.196387],[-106.180029,73.304102],[-106.921533,73.479834],[-106.613965,73.695605],[-105.512305,73.765771],[-105.114453,73.744434],[-104.648779,73.614404],[-104.582861,73.353906],[-104.791016,73.167627],[-105.288916,72.919922]]],[[[-102.227344,76.014893],[-102.047461,75.927734],[-102.57959,75.780225],[-103.314746,75.764209],[-103.041504,75.918848],[-103.769775,75.892383],[-103.800781,76.037012],[-104.24248,76.046973],[-104.350635,76.182324],[-103.098242,76.311475],[-102.584082,76.281641],[-102.490039,76.095068],[-102.227344,76.014893]]],[[[-104.022852,76.583105],[-103.051318,76.449854],[-103.472217,76.329053],[-104.270654,76.32627],[-104.585693,76.606494],[-104.022852,76.583105]]],[[[-118.328125,75.579688],[-118.817139,75.522119],[-119.39458,75.617334],[-118.626074,75.90625],[-118.13667,75.994482],[-117.626367,75.965967],[-118.328125,75.579688]]],[[[-113.832471,77.754639],[-114.60835,77.769336],[-115.029346,77.967529],[-114.279834,78.004297],[-113.768018,77.903564],[-113.832471,77.754639]]],[[[-130.236279,53.958545],[-130.384229,53.843945],[-130.695703,53.95127],[-130.397314,54.085693],[-130.236279,53.958545]]],[[[-129.848584,53.16792],[-130.517578,53.544238],[-130.452002,53.631152],[-129.944727,53.436377],[-129.754834,53.244775],[-129.848584,53.16792]]],[[[-130.575342,54.769678],[-130.214063,55.025879],[-130.349414,54.814551],[-130.575342,54.769678]]],[[[-128.552441,52.939746],[-128.509912,52.518604],[-128.624023,52.339893],[-128.730908,52.356543],[-128.766455,52.598389],[-129.084717,52.822461],[-129.177686,53.01792],[-129.033252,53.279932],[-128.632666,53.1125],[-128.552441,52.939746]]],[[[-126.641211,49.605811],[-126.938574,49.718457],[-126.92583,49.837744],[-126.738135,49.843652],[-126.641211,49.605811]]],[[[-125.184131,50.097119],[-125.358447,50.311523],[-125.195996,50.389746],[-125.074023,50.220654],[-125.184131,50.097119]]],[[[-128.36875,52.400879],[-128.439795,52.696387],[-128.248437,52.741211],[-128.36875,52.400879]]],[[[-73.566504,45.469092],[-73.775342,45.467627],[-73.522461,45.701172],[-73.566504,45.469092]]],[[[-64.823828,62.55874],[-64.515332,62.551807],[-64.47832,62.417871],[-64.901221,62.421045],[-64.823828,62.55874]]],[[[-68.233789,60.240918],[-68.338281,60.360596],[-68.141895,60.562012],[-67.914209,60.539844],[-67.844238,60.39165],[-68.233789,60.240918]]],[[[-70.337061,62.54873],[-70.766064,62.596875],[-70.85127,62.704346],[-70.674316,62.807031],[-70.442627,62.733789],[-70.337061,62.54873]]],[[[-64.832617,61.366064],[-65.393896,61.562842],[-65.432129,61.649512],[-65.129785,61.685693],[-64.789648,61.662207],[-64.66958,61.593018],[-64.832617,61.366064]]],[[[-64.407031,60.36709],[-64.808984,60.4104],[-64.646289,60.5146],[-64.407031,60.36709]]],[[[-79.063086,75.925879],[-79.69873,75.883252],[-79.009326,76.145898],[-79.063086,75.925879]]],[[[-73.621729,67.783838],[-74.374072,67.7896],[-74.573389,67.828662],[-74.706543,68.06709],[-74.379395,68.093457],[-73.435254,67.97002],[-73.407178,67.793066],[-73.621729,67.783838]]],[[[-77.876709,63.470557],[-77.538477,63.287061],[-77.593896,63.188428],[-77.942432,63.114404],[-78.46875,63.35791],[-78.507324,63.451123],[-78.234912,63.489551],[-77.876709,63.470557]]],[[[-94.526562,75.749316],[-94.901221,75.930762],[-94.537891,75.996436],[-94.296289,75.788086],[-94.526562,75.749316]]],[[[-96.782324,72.936621],[-97.092773,72.996924],[-97.069238,73.130176],[-96.598486,73.073828],[-96.782324,72.936621]]],[[[-98.270361,73.868506],[-98.973926,73.812061],[-99.385156,73.879297],[-98.904492,74.006885],[-98.061035,74.104687],[-97.754736,74.005518],[-98.270361,73.868506]]],[[[-74.880859,68.348682],[-75.400244,68.525488],[-75.287402,68.687744],[-74.983643,68.647607],[-74.798242,68.457959],[-74.880859,68.348682]]],[[[-76.677588,63.393945],[-77.057227,63.449756],[-77.364746,63.58833],[-77.133691,63.682031],[-76.763623,63.573584],[-76.677588,63.393945]]],[[[-79.430664,69.787793],[-79.552832,69.630859],[-80.161475,69.535938],[-80.652539,69.750586],[-80.213672,69.801953],[-79.97085,69.738965],[-79.430664,69.787793]]],[[[-78.029102,69.714893],[-77.969141,69.638965],[-78.470068,69.502539],[-78.578564,69.638818],[-78.029102,69.714893]]],[[[-79.210645,68.845459],[-79.405762,68.923047],[-79.242676,69.049268],[-78.9,69.1354],[-78.59668,69.370605],[-78.228955,69.304004],[-78.852686,68.915674],[-79.210645,68.845459]]],[[[-76.995361,69.14375],[-77.215039,69.138086],[-77.379395,69.274023],[-77.318701,69.416309],[-76.745703,69.404004],[-76.687451,69.327686],[-76.995361,69.14375]]],[[[-83.725977,65.796729],[-83.233936,65.696582],[-83.381445,65.62998],[-83.813574,65.7875],[-84.118262,65.771777],[-84.143213,65.915967],[-83.950391,66.02749],[-83.701367,65.920117],[-83.725977,65.796729]]],[[[-86.595557,67.735938],[-86.861084,67.810498],[-86.84707,68.010254],[-86.959814,68.100244],[-86.7021,68.305615],[-86.421143,68.183447],[-86.382422,67.927295],[-86.595557,67.735938]]],[[[-84.674756,65.575],[-84.78291,65.570068],[-85.136279,65.82085],[-85.149609,66.015381],[-84.938574,66.008545],[-84.602637,65.657373],[-84.674756,65.575]]],[[[-101.693555,77.696582],[-102.458203,77.770166],[-102.447705,77.880615],[-101.639404,77.89209],[-101.002051,77.735107],[-101.693555,77.696582]]],[[[-89.726465,76.507422],[-90.054297,76.495117],[-90.55625,76.73457],[-89.948779,76.83623],[-89.69541,76.741162],[-89.726465,76.507422]]],[[[-113.560693,76.743262],[-113.712451,76.710547],[-114.751465,76.758887],[-114.419873,76.875342],[-113.89165,76.894873],[-113.560693,76.743262]]],[[[-104.119922,75.036328],[-104.634326,75.061279],[-104.887402,75.147754],[-104.648828,75.349756],[-104.346191,75.429932],[-103.804102,75.345508],[-103.642139,75.162939],[-104.119922,75.036328]]],[[[-100.217236,68.806689],[-100.615967,68.78291],[-100.611572,68.990186],[-100.178467,68.903906],[-100.217236,68.806689]]],[[[-95.513672,69.573633],[-95.380908,69.506592],[-95.49624,69.350098],[-95.994775,69.469678],[-95.87583,69.606006],[-95.513672,69.573633]]],[[[-101.845898,68.586328],[-102.266357,68.663672],[-102.013379,68.825391],[-101.721631,68.724121],[-101.845898,68.586328]]],[[[-104.540674,68.405908],[-104.965234,68.491748],[-104.907275,68.581787],[-104.472119,68.503516],[-104.540674,68.405908]]]]},"properties":{"name":"Canada"},"id":"CA"},
    {"type":"Feature","geometry":{"type":"MultiPolygon","coordinates":[[[[-117.128271,32.53335],[-116.269824,32.597607],[-114.724756,32.715332],[-114.835938,32.508301],[-113.887451,32.212305],[-112.938965,31.91626],[-111.990479,31.620215],[-111.041992,31.324219],[-109.981641,31.326172],[-109.274756,31.327441],[-108.214453,31.329443],[-108.211816,31.779346],[-107.552344,31.775879],[-106.453223,31.770166],[-106.255713,31.544678],[-105.812695,31.241016],[-105.514014,30.980762],[-105.27583,30.807275],[-104.978809,30.645947],[-104.835889,30.447656],[-104.681348,30.134375],[-104.681348,29.990527],[-104.504004,29.677686],[-104.400635,29.57373],[-103.989746,29.323145],[-103.85293,29.291064],[-103.257715,29.001123],[-103.08999,29.041895],[-102.891992,29.216406],[-102.833984,29.443945],[-102.73418,29.643945],[-102.614941,29.752344],[-102.47627,29.769092],[-102.268945,29.871191],[-101.990918,29.795703],[-101.440381,29.776855],[-101.303516,29.634082],[-101.038965,29.4604],[-101.016309,29.400684],[-100.658643,29.068555],[-100.549707,28.821338],[-100.331738,28.502539],[-100.296045,28.327686],[-100.001416,28.047852],[-99.889648,27.867285],[-99.754248,27.729932],[-99.505322,27.54834],[-99.510059,27.340332],[-99.440234,27.170117],[-99.443555,27.03667],[-99.229932,26.761914],[-99.107764,26.446924],[-98.765234,26.34043],[-98.598291,26.237842],[-98.378125,26.182373],[-98.275049,26.111182],[-98.082812,26.064453],[-97.801416,26.042041],[-97.587256,25.98418],[-97.358154,25.870508],[-97.14624,25.961475],[-97.164453,25.754932],[-97.224902,25.585449],[-97.424072,25.233105],[-97.50708,25.014551],[-97.667676,24.38999],[-97.717041,23.980615],[-97.765869,23.306152],[-97.745215,22.942383],[-97.857812,22.624512],[-97.782373,22.279297],[-97.753809,22.02666],[-97.637549,21.603662],[-97.500586,21.398047],[-97.194971,20.800098],[-97.121436,20.61499],[-96.708691,20.188281],[-96.456055,19.869775],[-96.289551,19.34375],[-95.984668,19.05376],[-95.821094,18.754639],[-95.626807,18.690576],[-95.561426,18.719141],[-95.181836,18.700732],[-95.014697,18.570605],[-94.798145,18.5146],[-94.546191,18.174854],[-94.189014,18.195264],[-93.552344,18.430469],[-93.127344,18.423437],[-92.884766,18.468652],[-92.710107,18.61167],[-92.441016,18.675293],[-91.973779,18.715869],[-91.880371,18.637793],[-91.913574,18.528516],[-91.802979,18.470605],[-91.533984,18.456543],[-91.275244,18.624463],[-91.367773,18.806104],[-91.343066,18.900586],[-90.955029,19.15166],[-90.739258,19.352246],[-90.693164,19.729883],[-90.50708,19.911865],[-90.482422,20.025732],[-90.484131,20.556348],[-90.458447,20.713721],[-90.353125,21.009424],[-90.18291,21.120898],[-89.819775,21.274609],[-88.878711,21.414111],[-88.466699,21.569385],[-88.251025,21.566895],[-88.131641,21.615869],[-87.688818,21.53584],[-87.480469,21.472461],[-87.250879,21.446973],[-87.216455,21.582422],[-87.034766,21.592236],[-86.824072,21.42168],[-86.771777,21.150537],[-86.864697,20.885059],[-87.05957,20.63125],[-87.22124,20.507275],[-87.421387,20.231396],[-87.467187,20.102148],[-87.431934,19.898486],[-87.585791,19.779492],[-87.687695,19.637109],[-87.645312,19.553906],[-87.424756,19.58335],[-87.482666,19.44375],[-87.658691,19.352344],[-87.62207,19.250488],[-87.501074,19.287793],[-87.593555,19.046387],[-87.653027,18.798535],[-87.733545,18.655029],[-87.761816,18.446143],[-87.853223,18.268994],[-88.056445,18.524463],[-88.011133,18.726855],[-88.073779,18.834473],[-88.196777,18.719678],[-88.295654,18.472412],[-88.522998,18.445898],[-88.586182,18.290527],[-88.806348,17.965527],[-88.897803,17.914551],[-89.050439,17.999707],[-89.133545,17.970801],[-89.161475,17.814844],[-90.183594,17.815723],[-90.98916,17.816406],[-90.992969,17.252441],[-91.409619,17.255859],[-91.22417,17.112256],[-90.97583,16.867822],[-90.710693,16.708105],[-90.634082,16.510742],[-90.416992,16.391016],[-90.447168,16.072705],[-91.736572,16.070166],[-92.187158,15.320898],[-92.204346,15.237695],[-92.074805,15.074219],[-92.144238,15.001953],[-92.186377,14.818359],[-92.159912,14.691016],[-92.235156,14.54541],[-92.808936,15.138574],[-93.166895,15.448047],[-93.734375,15.888477],[-93.916064,16.053564],[-94.37417,16.284766],[-94.470752,16.186572],[-94.661523,16.201904],[-94.900439,16.41748],[-95.023535,16.30625],[-94.949316,16.21001],[-95.134375,16.176953],[-95.464404,15.974707],[-95.771777,15.887793],[-96.213574,15.693066],[-96.51084,15.651904],[-96.807959,15.726416],[-97.184668,15.909277],[-97.754785,15.966846],[-98.138965,16.206299],[-98.520312,16.304834],[-98.762207,16.534766],[-99.348047,16.664746],[-99.690674,16.719629],[-100.024512,16.920508],[-100.847803,17.200488],[-101.147852,17.393115],[-101.600293,17.651563],[-101.84707,17.922266],[-101.995508,17.972705],[-102.216602,17.957422],[-102.699561,18.062842],[-103.441602,18.325391],[-103.698926,18.632959],[-103.912451,18.828467],[-104.405176,19.091211],[-104.602979,19.152881],[-104.938477,19.309375],[-105.107666,19.562207],[-105.286377,19.706494],[-105.48208,19.976074],[-105.57041,20.227832],[-105.669434,20.385596],[-105.542578,20.497949],[-105.377051,20.511865],[-105.260156,20.579053],[-105.327051,20.752979],[-105.492383,20.776611],[-105.237061,21.119189],[-105.208691,21.49082],[-105.431445,21.618262],[-105.649121,21.988086],[-105.645508,22.326904],[-105.791797,22.62749],[-106.021729,22.829053],[-106.23457,23.060938],[-106.402246,23.195605],[-106.566504,23.449463],[-106.72876,23.610693],[-106.935498,23.88125],[-107.527246,24.360059],[-107.511914,24.48916],[-107.816699,24.539014],[-107.951172,24.614893],[-108.015088,24.783398],[-108.207666,24.974805],[-108.092822,25.093506],[-108.373682,25.194336],[-108.750977,25.424219],[-108.787256,25.538037],[-109.028809,25.480469],[-109.068457,25.551562],[-109.304297,25.633154],[-109.384961,25.727148],[-109.425635,26.032568],[-109.199707,26.305225],[-109.27627,26.533887],[-109.482861,26.710352],[-109.754785,26.70293],[-109.890918,26.883398],[-109.943994,27.079346],[-110.277148,27.162207],[-110.477783,27.322656],[-110.560645,27.450146],[-110.615479,27.653906],[-110.529883,27.864209],[-110.759033,27.915186],[-110.920801,27.888867],[-111.121387,27.966992],[-111.282422,28.115234],[-111.47168,28.383984],[-111.680078,28.470557],[-111.94082,28.823193],[-112.161768,29.018896],[-112.223486,29.269482],[-112.378223,29.347705],[-112.414551,29.536426],[-112.5729,29.719531],[-112.738379,29.985449],[-112.824805,30.300146],[-113.057666,30.651025],[-113.110449,30.793311],[-113.107959,31.077295],[-113.046729,31.179248],[-113.231445,31.255957],[-113.623486,31.345898],[-113.633008,31.467627],[-113.947754,31.629346],[-114.002686,31.525146],[-114.149316,31.507373],[-114.548682,31.733545],[-114.839502,31.798535],[-114.789893,31.647119],[-114.848145,31.537939],[-114.881885,31.156396],[-114.761035,30.95874],[-114.685449,30.621191],[-114.633301,30.506885],[-114.649756,30.238135],[-114.550488,30.022266],[-114.372607,29.830225],[-114.179199,29.734326],[-114.061914,29.609521],[-113.755469,29.36748],[-113.545312,29.102246],[-113.499707,28.926709],[-113.381836,28.94668],[-113.320703,28.813135],[-113.205566,28.798779],[-113.093652,28.511768],[-112.87085,28.424219],[-112.868457,28.291992],[-112.795703,28.207129],[-112.734033,27.825977],[-112.552637,27.657471],[-112.329199,27.523438],[-112.191455,27.18667],[-112.003955,27.079102],[-112.009082,26.96709],[-111.816846,26.75625],[-111.795264,26.879687],[-111.569678,26.707617],[-111.545898,26.579199],[-111.332129,26.125439],[-111.291602,25.789795],[-111.149561,25.572607],[-111.034424,25.526953],[-110.893945,25.144238],[-110.755664,24.99458],[-110.677246,24.788525],[-110.734521,24.589844],[-110.659326,24.341455],[-110.546973,24.21416],[-110.296826,24.194873],[-110.262891,24.344531],[-110.022803,24.174609],[-109.710547,23.803809],[-109.676563,23.661572],[-109.509619,23.5979],[-109.42085,23.480127],[-109.458057,23.214746],[-109.728418,22.981836],[-109.923438,22.885889],[-110.086035,23.005469],[-110.180615,23.341504],[-110.362695,23.604932],[-110.62998,23.737305],[-111.036182,24.105273],[-111.419336,24.329004],[-111.68291,24.555811],[-111.80249,24.542529],[-111.848242,24.670068],[-112.072559,24.840039],[-112.128516,25.043115],[-112.055762,25.488232],[-112.173828,25.912598],[-112.377246,26.213916],[-112.658398,26.316748],[-113.020752,26.583252],[-113.205762,26.856982],[-113.272266,26.790967],[-113.425879,26.795801],[-113.598535,26.721289],[-113.840967,26.966504],[-113.996484,26.987695],[-114.110059,27.105957],[-114.445264,27.218164],[-114.539893,27.431104],[-114.993506,27.736035],[-115.036475,27.841846],[-114.57002,27.783936],[-114.300586,27.872998],[-114.175391,27.830566],[-114.185254,28.013281],[-114.092725,28.221338],[-114.048486,28.426172],[-114.145508,28.60542],[-114.309229,28.729932],[-114.664014,29.09458],[-114.993506,29.384424],[-115.166357,29.427246],[-115.673828,29.756396],[-115.789551,30.08418],[-115.815625,30.303613],[-115.995801,30.414453],[-116.062158,30.80415],[-116.296289,30.970508],[-116.333447,31.202783],[-116.662158,31.564893],[-116.620801,31.851074],[-116.847998,31.997363],[-116.913672,32.198535],[-117.063135,32.343604],[-117.128271,32.53335]]],[[[-86.939648,20.30332],[-87.019434,20.382324],[-86.927832,20.551514],[-86.755029,20.551758],[-86.939648,20.30332]]],[[[-113.155615,29.052246],[-113.264746,29.096729],[-113.580615,29.413232],[-113.587207,29.573047],[-113.415918,29.485937],[-113.373828,29.338916],[-113.202148,29.301855],[-113.155615,29.052246]]],[[[-115.170605,28.069385],[-115.35293,28.103955],[-115.196973,28.327881],[-115.170605,28.069385]]],[[[-112.203076,29.005322],[-112.278418,28.769336],[-112.514062,28.847607],[-112.469824,29.167725],[-112.285059,29.24043],[-112.203076,29.005322]]],[[[-112.057275,24.545703],[-112.175488,24.72959],[-112.296777,24.789648],[-112.222314,24.951123],[-112.057275,24.545703]]]]},"properties":{"name":"Mexico"},"id":"MX"},
    {"type":"Feature","geometry":{"type":"Polygon","coordinates":[[[-89.161475,17.814844],[-89.133545,17.970801],[-89.050439,17.999707],[-88.897803,17.914551],[-88.806348,17.965527],[-88.586182,18.290527],[-88.522998,18.445898],[-88.295654,18.472412],[-88.349268,18.358838],[-88.130273,18.350732],[-88.097217,18.121631],[-88.207471,17.846094],[-88.271729,17.609863],[-88.203467,17.516602],[-88.267188,17.392578],[-88.293994,17.192139],[-88.261816,16.963037],[-88.313428,16.632764],[-88.562305,16.29043],[-88.695166,16.247656],[-88.879102,16.01665],[-88.894043,15.890625],[-89.2375,15.894434],[-89.212451,16.527148],[-89.161475,17.814844]]]},"properties":{"name":"Belize"},"id":"BZ"},
    {"type":"Feature","geometry":{"type":"MultiPolygon","coordinates":[[[[-77.374219,8.658301],[-77.478516,8.498437],[-77.407275,8.427246],[-77.212305,8.033887],[-77.215967,7.93252],[-77.345605,7.836523],[-77.350781,7.705859],[-77.586572,7.543066],[-77.732031,7.710938],[-77.743896,7.536963],[-77.82832,7.442822],[-77.901172,7.229346],[-78.170117,7.543799],[-78.378223,7.899902],[-78.421582,8.060986],[-78.254883,8.138623],[-78.281201,8.247559],[-78.113867,8.37959],[-78.350146,8.46001],[-78.469434,8.44668],[-78.514062,8.628174],[-78.620898,8.713721],[-79.086377,8.997168],[-79.441504,9.006006],[-79.687451,8.850977],[-79.815918,8.639209],[-79.750439,8.595508],[-80.125781,8.349658],[-80.368701,8.28877],[-80.458984,8.213867],[-80.458105,8.077051],[-80.075195,7.667041],[-80.01123,7.500049],[-80.110596,7.433447],[-80.287305,7.425635],[-80.438867,7.274951],[-80.845557,7.220068],[-81.035107,7.711133],[-81.063867,7.899756],[-81.157813,7.854395],[-81.195459,7.668408],[-81.268408,7.625488],[-81.50415,7.721191],[-81.727637,8.137549],[-81.973291,8.215088],[-82.224316,8.230371],[-82.679541,8.321973],[-82.866113,8.246338],[-82.879346,8.070654],[-82.997559,8.367773],[-82.861621,8.453516],[-82.855713,8.635303],[-82.917041,8.740332],[-82.73999,8.898584],[-82.741162,8.951709],[-82.940332,9.060107],[-82.939844,9.44917],[-82.801025,9.591797],[-82.644092,9.505859],[-82.563574,9.57666],[-82.370801,9.428564],[-82.339746,9.20918],[-82.235449,9.14165],[-82.244189,9.031494],[-82.077881,8.934863],[-81.780225,8.957227],[-81.712207,9.018945],[-81.545605,8.827002],[-81.354785,8.780566],[-81.063086,8.812646],[-80.838672,8.887207],[-80.546875,9.081934],[-80.1271,9.209912],[-79.977979,9.343701],[-79.855078,9.378076],[-79.577295,9.597852],[-79.016699,9.510449],[-78.931641,9.428467],[-78.696924,9.434766],[-78.504346,9.406299],[-78.082764,9.236279],[-77.830811,9.068115],[-77.697217,8.889453],[-77.374219,8.658301]]],[[[-78.89834,8.274268],[-78.960596,8.43584],[-78.856152,8.448242],[-78.89834,8.274268]]],[[[-81.603271,7.332812],[-81.770117,7.370361],[-81.852051,7.45332],[-81.812158,7.592383],[-81.671436,7.523438],[-81.694727,7.425],[-81.603271,7.332812]]]]},"properties":{"name":"Panama"},"id":"PA"},
    {"type":"Feature","geometry":{"type":"MultiPolygon","coordinates":[[[[-29.952881,83.564844],[-28.483789,83.434912],[-25.947412,83.289648],[-26.182715,83.221387],[-30.091992,83.157422],[-31.992676,83.085352],[-31.515576,82.99165],[-30.386035,83.093701],[-27.002051,83.067188],[-25.123389,83.159619],[-24.470312,82.877393],[-22.524902,82.78916],[-21.520654,82.59541],[-22.472559,82.384717],[-23.862207,82.287061],[-29.579395,82.161182],[-29.887402,82.054834],[-29.543848,81.939941],[-27.839502,82.048877],[-25.148828,82.001123],[-24.58916,81.882812],[-24.293066,81.700977],[-23.636523,81.741846],[-23.103711,82.011816],[-21.337988,82.068701],[-21.146582,81.695166],[-21.723633,81.348242],[-23.072461,80.926709],[-21.931348,81.050195],[-20.755859,81.312012],[-20.015723,81.564355],[-17.226221,81.43042],[-16.358984,81.729053],[-15.555518,81.833594],[-13.704492,81.789062],[-12.192871,81.649121],[-11.425537,81.480615],[-11.528809,81.424023],[-13.451172,81.038086],[-14.490137,80.973291],[-14.228564,80.870459],[-14.503564,80.763281],[-15.542676,80.650391],[-16.318945,80.649805],[-16.760596,80.573389],[-15.932617,80.395117],[-16.868408,80.198242],[-18.070947,80.17207],[-19.429199,80.257715],[-20.150146,80.01123],[-20.138477,79.803369],[-19.283594,79.683154],[-19.414014,79.348828],[-19.074951,79.152344],[-19.723047,79.065039],[-20.050488,78.841797],[-20.615576,78.803906],[-21.13374,78.658643],[-20.955664,78.555029],[-21.397266,78.073584],[-21.747559,77.790625],[-21.379687,77.697559],[-20.862598,77.911865],[-19.49043,77.718896],[-20.680811,77.618994],[-20.231934,77.368408],[-19.300293,77.222363],[-18.585889,77.283057],[-18.339014,77.215283],[-18.337256,76.921191],[-18.510303,76.778174],[-20.064355,76.927588],[-20.94209,76.887012],[-21.614697,76.687891],[-22.185254,76.794092],[-22.606641,76.680762],[-21.877344,76.573486],[-21.569092,76.293701],[-20.887402,76.304004],[-20.103613,76.219092],[-19.862891,76.120654],[-19.957715,75.99668],[-19.508984,75.75752],[-19.366455,75.386426],[-19.425977,75.229834],[-19.798486,75.157471],[-20.198682,75.307959],[-20.484961,75.314258],[-20.985791,75.074365],[-20.611133,74.728223],[-20.41709,74.975195],[-19.984912,74.975195],[-19.537793,74.624561],[-19.225098,74.479492],[-19.369141,74.284033],[-20.256445,74.282813],[-20.230566,74.204639],[-21.129443,74.110889],[-22.321582,74.302539],[-22.335254,74.063428],[-21.987695,73.970996],[-21.298291,73.962451],[-20.367285,73.848242],[-20.509668,73.492871],[-21.547998,73.431689],[-22.185059,73.269873],[-22.9875,73.34624],[-23.760596,73.543115],[-24.157715,73.764453],[-24.79126,73.511279],[-25.450098,73.390674],[-25.66543,73.292822],[-26.062305,73.253027],[-26.406738,73.312939],[-26.753223,73.121094],[-25.399023,73.275781],[-25.268311,73.361963],[-24.587207,73.422949],[-23.898975,73.398291],[-22.852295,73.083984],[-22.036328,72.918457],[-22.006738,72.635449],[-22.074805,72.399219],[-22.280225,72.344775],[-22.293213,72.119531],[-24.069043,72.49873],[-24.358594,72.687305],[-24.62998,73.037646],[-25.255859,72.924121],[-26.657617,72.71582],[-26.39209,72.672803],[-25.687988,72.797363],[-24.771045,72.868652],[-24.666846,72.437354],[-24.417187,72.348242],[-22.868506,71.970654],[-22.496875,71.913818],[-22.370215,71.769824],[-22.01333,71.688818],[-22.503223,71.500439],[-22.299023,71.432324],[-21.752246,71.47832],[-21.671191,71.205957],[-21.674512,70.856299],[-21.522656,70.526221],[-21.943506,70.443457],[-23.327832,70.450977],[-23.791797,70.555176],[-24.130371,70.791064],[-24.377002,71.146387],[-25.655859,71.530029],[-26.211426,71.589941],[-26.688525,71.58335],[-26.737207,71.500781],[-25.842725,71.480176],[-25.699414,71.368311],[-25.742236,71.183594],[-26.15752,71.050293],[-26.71792,70.950488],[-27.335693,70.952783],[-27.68877,70.993457],[-27.992188,70.895215],[-28.145654,70.655664],[-28.540918,70.476904],[-28.015039,70.402246],[-27.596094,70.406689],[-26.747266,70.475537],[-26.576807,70.35708],[-27.07251,70.281201],[-27.56084,70.124463],[-27.38418,69.991602],[-27.027734,70.201221],[-26.155713,70.245605],[-25.529883,70.353174],[-24.748828,70.295068],[-24.041016,70.181201],[-23.173242,70.1146],[-22.284473,70.12583],[-22.435107,69.985742],[-23.088232,69.882959],[-23.014551,69.804834],[-23.552539,69.740527],[-23.708984,69.627246],[-24.740576,69.318408],[-25.188574,69.260547],[-25.092432,69.165186],[-25.544043,69.045703],[-25.697998,68.889893],[-26.341406,68.702148],[-26.815332,68.654346],[-27.851221,68.493506],[-28.126465,68.479004],[-29.249512,68.298779],[-29.868506,68.311572],[-30.610742,68.11792],[-30.978564,68.061328],[-31.419482,68.128467],[-32.137256,68.384912],[-32.366846,68.213037],[-32.155957,68.063184],[-32.274805,67.922852],[-33.156982,67.626709],[-33.517578,67.354199],[-33.527979,67.258154],[-34.10166,66.725928],[-34.422852,66.630176],[-34.632812,66.434766],[-35.188574,66.250293],[-35.755518,66.323535],[-35.630078,66.139941],[-36.379199,65.830811],[-36.932422,65.782568],[-37.062793,65.871436],[-37.410059,65.656348],[-37.754199,65.593066],[-38.00127,65.709619],[-37.797363,65.856787],[-37.787842,65.977979],[-37.278711,66.304395],[-37.813916,66.385498],[-37.752344,66.261523],[-37.969434,66.141113],[-38.216357,65.83833],[-38.203369,65.711719],[-38.636719,65.624365],[-39.960938,65.556201],[-40.191553,65.52251],[-39.57793,65.340771],[-40.028027,65.102539],[-40.253125,65.048877],[-40.667578,65.10874],[-41.084424,65.10083],[-40.966016,64.868848],[-40.655469,64.915332],[-40.432715,64.673193],[-40.182227,64.479932],[-40.781738,64.221777],[-40.617773,64.131738],[-40.652344,63.927734],[-40.550391,63.725244],[-41.04873,63.513818],[-41.107715,63.273779],[-41.387891,63.061865],[-41.634473,62.972461],[-41.908984,62.737109],[-42.058252,62.693994],[-42.42373,62.723145],[-42.467139,62.598193],[-42.152979,62.568457],[-42.321484,62.152734],[-42.143066,62.013525],[-42.110205,61.857227],[-42.249707,61.771387],[-42.41875,61.537012],[-42.645996,61.064111],[-42.717041,60.76748],[-43.044092,60.523682],[-43.34834,60.519775],[-43.156494,60.332861],[-43.1229,60.06123],[-43.320117,59.928125],[-43.616895,59.936914],[-43.906543,59.815479],[-44.065479,59.924805],[-44.383594,59.899072],[-44.453467,60.014551],[-44.812207,60.049902],[-45.379248,60.20293],[-45.367773,60.372949],[-45.590283,60.518848],[-46.046631,60.615723],[-46.141943,60.776514],[-46.011719,61.096826],[-46.582422,60.962061],[-46.874463,60.816406],[-47.224414,60.782861],[-47.464648,60.842627],[-47.79624,60.828857],[-48.013965,60.721973],[-48.205176,60.855908],[-47.858789,61.015674],[-48.386426,61.004736],[-48.494824,61.224707],[-48.92207,61.277441],[-49.049219,61.523877],[-49.289062,61.589941],[-49.265234,61.710059],[-49.380273,61.890186],[-49.039648,62.039355],[-49.623779,61.998584],[-49.667725,62.150879],[-49.553467,62.232715],[-50.070215,62.364502],[-50.319238,62.473193],[-50.259326,62.578076],[-50.33833,62.82876],[-50.743506,63.05127],[-51.468848,63.642285],[-51.538184,63.758008],[-51.451074,63.904785],[-51.54751,64.006104],[-50.897559,64.105566],[-51.072314,64.159033],[-51.584912,64.103174],[-51.707861,64.205078],[-51.231543,64.560596],[-50.834912,64.558984],[-50.849219,64.644678],[-50.49209,64.693164],[-50.648145,64.85332],[-50.989062,64.664844],[-51.400928,64.623096],[-51.758105,64.279932],[-51.998682,64.256787],[-52.093408,64.415918],[-52.088867,64.681543],[-52.259033,65.154932],[-52.447607,65.205127],[-52.55127,65.461377],[-52.760937,65.59082],[-53.198975,65.594043],[-53.23374,65.77085],[-53.106348,65.977148],[-53.356934,66.073291],[-53.017871,66.170898],[-52.056104,66.507324],[-51.823047,66.697852],[-52.921924,66.241113],[-53.156055,66.177734],[-53.614697,66.154492],[-53.634717,66.413672],[-53.41875,66.648535],[-53.038281,66.826807],[-53.687158,66.986475],[-53.884424,67.135547],[-53.798584,67.418164],[-52.666455,67.749707],[-52.383594,67.752344],[-51.909082,67.663721],[-51.181445,67.636523],[-50.968848,67.806641],[-51.765234,67.737842],[-52.344824,67.836914],[-52.97959,67.757764],[-53.418799,67.574561],[-53.735205,67.549023],[-53.577979,67.836816],[-53.35293,67.970508],[-53.151562,68.207764],[-52.436084,68.145654],[-52.058496,68.075488],[-51.596875,68.054785],[-51.207275,68.325537],[-51.456104,68.393506],[-51.632422,68.273047],[-52.198535,68.220801],[-52.780029,68.309863],[-53.383154,68.297363],[-53.039453,68.610889],[-52.60459,68.70874],[-52.302783,68.701123],[-51.780664,68.548193],[-51.133301,68.598438],[-51.249414,68.739941],[-51.084863,69.128271],[-50.392676,69.137402],[-50.536621,69.247852],[-51.076953,69.209473],[-50.892236,69.411768],[-50.720264,69.725342],[-50.349463,69.79624],[-50.5,69.935791],[-51.105713,70.057422],[-51.418848,69.989209],[-52.254639,70.058936],[-53.023047,70.301904],[-54.014453,70.42168],[-54.501172,70.656885],[-54.16582,70.820117],[-53.513086,70.766602],[-53.091309,70.769385],[-52.405225,70.686768],[-51.524463,70.439453],[-50.946875,70.363623],[-50.932666,70.453857],[-51.322852,70.58877],[-51.256592,70.852686],[-51.130078,70.971729],[-51.37666,71.119043],[-52.061377,71.121631],[-52.53457,71.200439],[-53.007568,71.17998],[-53.117041,71.312891],[-52.749414,71.501514],[-51.967285,71.599121],[-52.656299,71.672266],[-53.167529,71.535938],[-53.476025,71.640186],[-53.138867,71.775195],[-53.477588,71.849951],[-53.779688,71.678516],[-54.019922,71.657861],[-53.962988,71.458984],[-54.689062,71.367236],[-55.336426,71.426758],[-55.594043,71.553516],[-55.549219,71.768262],[-55.315576,72.110693],[-55.659473,72.222607],[-55.601709,72.453467],[-55.121875,72.499609],[-54.790381,72.641602],[-54.737939,72.87251],[-55.073096,73.015137],[-55.288916,72.933203],[-55.668555,73.00791],[-55.692773,73.112842],[-55.297168,73.262305],[-55.738867,73.383984],[-56.104053,73.558154],[-55.929492,73.89541],[-56.298486,74.163428],[-56.706348,74.219189],[-56.656006,74.457568],[-56.255469,74.526807],[-56.801318,74.67168],[-57.190869,74.89375],[-57.813184,75.03999],[-58.25332,75.278955],[-58.603467,75.385303],[-58.249658,75.506689],[-58.516211,75.689063],[-61.188232,76.157861],[-62.09668,76.242334],[-62.823437,76.261523],[-63.438867,76.339453],[-63.843066,76.217139],[-64.387305,76.304004],[-64.911963,76.17251],[-65.456787,76.129834],[-65.954053,76.241699],[-66.465771,76.13916],[-67.054785,76.151855],[-66.826172,75.968799],[-68.14873,76.067041],[-69.3729,76.331885],[-69.399658,76.436279],[-68.223389,76.677686],[-69.252051,76.686133],[-69.888086,76.827051],[-70.441309,76.807373],[-70.792822,76.869092],[-71.154883,77.073877],[-70.862842,77.175439],[-69.656543,77.229004],[-68.97832,77.195312],[-68.591602,77.342529],[-68.135547,77.37959],[-66.937988,77.364209],[-66.453076,77.393066],[-66.306445,77.564502],[-66.691211,77.681201],[-67.514648,77.54292],[-67.977344,77.518896],[-68.621533,77.601855],[-69.351367,77.467139],[-69.976758,77.547656],[-70.126367,77.637793],[-71.649902,77.899805],[-72.064941,77.936816],[-72.818066,78.194336],[-72.395605,78.504346],[-71.651318,78.623145],[-70.905762,78.638477],[-69.973535,78.777686],[-68.993457,78.857422],[-69.030518,78.942871],[-67.482227,79.116895],[-65.967871,79.132373],[-65.419873,79.340234],[-65.116943,79.589014],[-64.792285,80.000635],[-65.394922,80.077734],[-65.810449,80.024072],[-66.843652,80.076221],[-67.141309,80.166455],[-66.995898,80.412988],[-66.372314,80.58418],[-65.645215,80.685059],[-64.515527,81],[-63.441699,81.013867],[-62.993262,81.206982],[-61.435986,81.133594],[-61.1,81.396094],[-61.20293,81.746875],[-60.432373,81.920166],[-59.281934,81.884033],[-59.261816,82.006641],[-58.717383,82.093066],[-56.589355,82.227148],[-55.548682,82.245752],[-54.725879,82.351367],[-53.987305,82.279248],[-53.582031,82.061572],[-52.925537,82.038379],[-53.110742,82.251221],[-52.775586,82.321729],[-50.894434,81.895215],[-49.867041,81.893018],[-49.694287,81.972119],[-50.713135,82.237354],[-50.989941,82.460156],[-50.037109,82.472412],[-48.861182,82.40542],[-47.357422,82.173633],[-46.617334,82.096973],[-45.291064,81.828809],[-44.532422,81.848926],[-44.637109,82.104443],[-44.238867,82.368164],[-44.577246,82.542627],[-45.552441,82.725244],[-44.761963,82.883545],[-46.136816,82.858838],[-46.478174,82.951904],[-45.4146,83.017676],[-43.19458,83.255127],[-42.259521,83.231982],[-41.300146,83.100781],[-40.356836,83.332178],[-38.931104,83.175342],[-38.747803,83.332568],[-37.828027,83.485547],[-34.667773,83.571143],[-33.837354,83.52998],[-32.984424,83.599609],[-29.952881,83.564844]]],[[[-52.731152,69.944727],[-52.045313,69.807227],[-51.900195,69.604785],[-52.112598,69.489111],[-52.770459,69.363916],[-53.578418,69.256641],[-54.051172,69.337158],[-53.783057,69.506299],[-54.804102,69.630518],[-54.919141,69.713623],[-54.84126,69.901904],[-54.6646,69.965674],[-54.830469,70.161084],[-54.371631,70.317285],[-53.375146,70.221289],[-52.731152,69.944727]]],[[[-51.013672,69.55249],[-51.233984,69.551855],[-51.350293,69.854785],[-50.940234,69.908691],[-51.013672,69.55249]]],[[[-53.535205,71.04082],[-53.947461,71.155518],[-53.700977,71.283008],[-53.441406,71.18584],[-53.535205,71.04082]]],[[[-55.016895,72.791113],[-55.523633,72.568408],[-56.214795,72.719189],[-55.993555,72.782275],[-55.016895,72.791113]]],[[[-71.667334,77.325293],[-72.494922,77.385547],[-72.089062,77.46709],[-71.667334,77.325293]]],[[[-44.864551,82.083643],[-46.751904,82.348193],[-47.30752,82.533398],[-47.272266,82.656934],[-46.39917,82.692139],[-45.411377,82.577539],[-44.749902,82.401123],[-44.864551,82.083643]]],[[[-25.432324,70.921338],[-25.402246,70.652686],[-25.911328,70.573047],[-26.217871,70.454053],[-26.604687,70.553369],[-27.897998,70.454004],[-28.036816,70.514355],[-27.714209,70.712793],[-27.708936,70.897119],[-26.975586,70.862695],[-26.337451,70.919238],[-25.818896,71.043652],[-25.432324,70.921338]]],[[[-17.6125,79.825879],[-18.03584,79.71123],[-19.032422,79.772949],[-18.997168,79.940479],[-17.98291,80.055176],[-17.471387,80.028711],[-17.6125,79.825879]]],[[[-18.582617,76.042334],[-19.085352,76.430371],[-18.732617,76.642041],[-18.582617,76.042334]]],[[[-18.000537,75.407324],[-17.885889,75.204443],[-17.497852,75.151514],[-17.586035,74.992773],[-18.670801,75.00166],[-18.891309,75.072168],[-18.856055,75.319141],[-18.000537,75.407324]]],[[[-46.266699,60.781396],[-46.381543,60.660303],[-46.78999,60.779834],[-46.205225,60.943506],[-46.266699,60.781396]]]]},"properties":{"name":"Greenland"},"id":"GL"},
    {"type":"Feature","geometry":{"type":"Polygon","coordinates":[[[-68.751074,12.059766],[-68.80332,12.045459],[-68.995117,12.141846],[-69.153809,12.298438],[-69.076758,12.342041],[-69.013135,12.231348],[-68.827393,12.158545],[-68.751074,12.059766]]]},"properties":{"name":"Curaçao"},"id":"CW"},
    {"type":"Feature","geometry":{"type":"Polygon","coordinates":[[[-69.899121,12.452002],[-69.942187,12.438525],[-70.066113,12.546973],[-69.973145,12.567627],[-69.899121,12.452002]]]},"properties":{"name":"Aruba"},"id":"AW"},
    {"type":"Feature","geometry":{"type":"MultiPolygon","coordinates":[[[[-77.657715,24.249463],[-77.561523,24.136816],[-77.51875,23.869434],[-77.57373,23.73916],[-77.771289,23.752539],[-77.852246,24.040381],[-77.999902,24.219824],[-77.701465,24.287549],[-77.657715,24.249463]]],[[[-77.225635,25.904199],[-77.333252,25.995605],[-77.246777,26.156348],[-77.206055,26.488965],[-77.066357,26.530176],[-77.038281,26.333447],[-77.167285,26.240332],[-77.225635,25.904199]]],[[[-73.026855,21.192383],[-73.164551,20.97915],[-73.661035,20.937402],[-73.680371,21.10332],[-73.523096,21.19082],[-73.235352,21.154492],[-73.026855,21.192383]]],[[[-77.743848,24.707422],[-77.745215,24.463477],[-78.044922,24.287451],[-78.191602,24.466064],[-78.366504,24.544189],[-78.242725,24.653809],[-78.298828,24.753906],[-78.159326,25.022363],[-78.211377,25.19126],[-78.033301,25.143115],[-77.840137,24.794385],[-77.743848,24.707422]]],[[[-78.492871,26.729053],[-78.371729,26.697949],[-77.943945,26.744238],[-77.926123,26.663379],[-78.233887,26.637354],[-78.670947,26.506543],[-78.597119,26.797949],[-78.492871,26.729053]]],[[[-74.05752,22.723486],[-74.098584,22.66543],[-74.274609,22.71167],[-74.221484,22.811572],[-74.05752,22.723486]]]]},"properties":{"name":"The Bahamas"},"id":"BS"},
    {"type":"Feature","geometry":{"type":"Polygon","coordinates":[[[-71.661426,21.765234],[-71.83042,21.790625],[-71.806152,21.8521],[-71.668359,21.833447],[-71.661426,21.765234]]]},"properties":{"name":"Turks and Caicos Islands"},"id":"TC"},
    {"type":"Feature","geometry":{"type":"Polygon","coordinates":[[[-56.26709,46.838477],[-56.386914,47.067969],[-56.287354,47.070996],[-56.314893,46.953857],[-56.26709,46.838477]]]},"properties":{"name":"Saint Pierre and Miquelon"},"id":"PM"},
    {"type":"Feature","geometry":{"type":"Polygon","coordinates":[[[-61.012109,10.134326],[-61.174268,10.078027],[-61.59668,10.064648],[-61.77168,10.085059],[-61.632715,10.243408],[-61.499316,10.268555],[-61.464746,10.538965],[-61.591846,10.747949],[-61.37002,10.796826],[-60.917627,10.840234],[-61.03374,10.669873],[-61.0375,10.482275],[-60.968457,10.323389],[-61.012109,10.134326]]]},"properties":{"name":"Trinidad and Tobago"},"id":"TT"},
    {"type":"Feature","geometry":{"type":"Polygon","coordinates":[[[-61.715527,12.012646],[-61.71499,12.185156],[-61.607031,12.223291],[-61.627148,12.053955],[-61.715527,12.012646]]]},"properties":{"name":"Grenada"},"id":"GD"},
    {"type":"Feature","geometry":{"type":"Polygon","coordinates":[[[-61.174512,13.158105],[-61.277295,13.20957],[-61.182129,13.355957],[-61.124023,13.294043],[-61.174512,13.158105]]]},"properties":{"name":"Saint Vincent and the Grenadines"},"id":"VC"},
    {"type":"Feature","geometry":{"type":"Polygon","coordinates":[[[-59.493311,13.081982],[-59.611328,13.1021],[-59.591602,13.317676],[-59.427637,13.152783],[-59.493311,13.081982]]]},"properties":{"name":"Barbados"},"id":"BB"},
    {"type":"Feature","geometry":{"type":"Polygon","coordinates":[[[-60.895215,13.821973],[-60.951416,13.717578],[-61.060645,13.783105],[-61.063574,13.915576],[-60.94458,14.072852],[-60.886768,14.011133],[-60.895215,13.821973]]]},"properties":{"name":"Saint Lucia"},"id":"LC"},
    {"type":"Feature","geometry":{"type":"Polygon","coordinates":[[[-61.281689,15.249023],[-61.375391,15.227295],[-61.481152,15.525146],[-61.458105,15.633105],[-61.32002,15.585059],[-61.251074,15.373145],[-61.281689,15.249023]]]},"properties":{"name":"Dominica"},"id":"DM"},
    {"type":"Feature","geometry":{"type":"Polygon","coordinates":[[[-62.148438,16.740332],[-62.154248,16.681201],[-62.221631,16.699512],[-62.223047,16.751562],[-62.148438,16.740332]]]},"properties":{"name":"Montserrat"},"id":"MS"},
    {"type":"Feature","geometry":{"type":"Polygon","coordinates":[[[-61.716064,17.037012],[-61.859668,17.01333],[-61.817285,17.168945],[-61.716064,17.037012]]]},"properties":{"name":"Antigua and Barbuda"},"id":"AG"},
    {"type":"Feature","geometry":{"type":"Polygon","coordinates":[[[-62.630664,17.23999],[-62.838916,17.339258],[-62.794629,17.402588],[-62.713721,17.353271],[-62.630664,17.23999]]]},"properties":{"name":"Saint Kitts and Nevis"},"id":"KN"},
    {"type":"Feature","geometry":{"type":"Polygon","coordinates":[[[-64.765625,17.794336],[-64.686279,17.706104],[-64.889111,17.701709],[-64.884717,17.772266],[-64.765625,17.794336]]]},"properties":{"name":"United States Virgin Islands"},"id":"VI"},
    {"type":"Feature","geometry":{"type":"Polygon","coordinates":[[[-62.831934,17.876465],[-62.86543,17.918262],[-62.799707,17.908691],[-62.831934,17.876465]]]},"properties":{"name":"Saint Barthélemy"},"id":"BL"},
    {"type":"Feature","geometry":{"type":"Polygon","coordinates":[[[-66.129395,18.444922],[-66.07041,18.468994],[-65.628809,18.381396],[-65.62085,18.242334],[-65.970801,17.974365],[-66.408545,17.950586],[-66.510791,17.987012],[-66.772412,17.986572],[-66.9,17.9479],[-67.196875,17.994189],[-67.172461,18.224219],[-67.264062,18.3646],[-67.158643,18.499219],[-67.059619,18.522168],[-66.812891,18.492529],[-66.188574,18.475781],[-66.129395,18.444922]]]},"properties":{"name":"Puerto Rico"},"id":"PR"},
    {"type":"Feature","geometry":{"type":"Polygon","coordinates":[[[-63.001221,18.221777],[-63.15332,18.200293],[-63.026025,18.269727],[-63.001221,18.221777]]]},"properties":{"name":"Anguilla"},"id":"AI"},
    {"type":"Feature","geometry":{"type":"Polygon","coordinates":[[[-64.395215,18.4646],[-64.426074,18.513086],[-64.324658,18.51748],[-64.395215,18.4646]]]},"properties":{"name":"British Virgin Islands"},"id":"VG"},
    {"type":"Feature","geometry":{"type":"Polygon","coordinates":[[[-77.261475,18.457422],[-76.908203,18.39043],[-76.700732,18.257178],[-76.349854,18.151855],[-76.210791,17.913525],[-76.524609,17.866211],[-76.853223,17.97373],[-76.944141,17.848779],[-77.071289,17.90127],[-77.20498,17.714941],[-77.361426,17.833691],[-77.768164,17.877393],[-77.962988,18.047559],[-78.073633,18.191162],[-78.294092,18.218066],[-78.325977,18.349756],[-78.216699,18.448096],[-77.978174,18.467822],[-77.873437,18.522217],[-77.261475,18.457422]]]},"properties":{"name":"Jamaica"},"id":"JM"},
    {"type":"Feature","geometry":{"type":"Polygon","coordinates":[[[-81.369531,19.348877],[-81.284814,19.362549],[-81.130469,19.346777],[-81.303711,19.271875],[-81.369531,19.348877]]]},"properties":{"name":"Cayman Islands"},"id":"KY"},
    {"type":"Feature","geometry":{"type":"Polygon","coordinates":[[[-64.730273,32.293457],[-64.820117,32.259619],[-64.694629,32.386914],[-64.730273,32.293457]]]},"properties":{"name":"Bermuda"},"id":"BM"},
    {"type":"Feature","geometry":{"type":"MultiPolygon","coordinates":[[[[97.481543,1.465088],[97.69834,1.18374],[97.786426,1.145898],[97.931934,0.973926],[97.876465,0.62832],[97.82041,0.564453],[97.683984,0.596094],[97.603906,0.833887],[97.405371,0.946973],[97.296875,1.187354],[97.079199,1.425488],[97.244238,1.423633],[97.355957,1.539746],[97.481543,1.465088]]],[[[99.163867,-1.77793],[99.071777,-1.783496],[98.874316,-1.663672],[98.601758,-1.197852],[98.676074,-0.970508],[98.869043,-0.915625],[99.065039,-1.240723],[99.130664,-1.442383],[99.267285,-1.627734],[99.271484,-1.738477],[99.163867,-1.77793]]],[[[116.64082,-8.613867],[116.514258,-8.820996],[116.377246,-8.929004],[116.026758,-8.873145],[115.874609,-8.825586],[115.869336,-8.742773],[116.076465,-8.744922],[116.061133,-8.437402],[116.219824,-8.295215],[116.401563,-8.204199],[116.646973,-8.282715],[116.734082,-8.386914],[116.64082,-8.613867]]],[[[115.447852,-8.155176],[115.549414,-8.208301],[115.704297,-8.407129],[115.559961,-8.51416],[115.333789,-8.615723],[115.236133,-8.797559],[115.055078,-8.573047],[114.84209,-8.428516],[114.613184,-8.37832],[114.501758,-8.26084],[114.475293,-8.119434],[114.833008,-8.182617],[114.998145,-8.174414],[115.154004,-8.065723],[115.447852,-8.155176]]],[[[106.045703,-1.669434],[106.161719,-1.866992],[106.208789,-2.188672],[106.365918,-2.464844],[106.818457,-2.57334],[106.678809,-2.704004],[106.612012,-2.895508],[106.667188,-3.071777],[106.546777,-3.055566],[106.250098,-2.894043],[105.99873,-2.824902],[105.908008,-2.643262],[105.939063,-2.493457],[105.806836,-2.307422],[105.78584,-2.181348],[105.552734,-2.079004],[105.342871,-2.125098],[105.133398,-2.042578],[105.191016,-1.916895],[105.374805,-1.813184],[105.373145,-1.657324],[105.585449,-1.526758],[105.700879,-1.731055],[105.754492,-1.658691],[105.72041,-1.533887],[105.910059,-1.50498],[106.045703,-1.669434]]],[[[123.179785,-4.551172],[123.203027,-4.766211],[123.055176,-4.748242],[122.986523,-4.963086],[122.97168,-5.138477],[123.201953,-5.27334],[123.043359,-5.419336],[122.985742,-5.393555],[122.812109,-5.671289],[122.64502,-5.663379],[122.584961,-5.544629],[122.670117,-5.330859],[122.766504,-5.210156],[122.849414,-4.83125],[122.85332,-4.618359],[122.946875,-4.442676],[123.038281,-4.394727],[123.179785,-4.551172]]],[[[122.645117,-5.269434],[122.563867,-5.3875],[122.283105,-5.319531],[122.329004,-5.137695],[122.396289,-5.069824],[122.334473,-4.846582],[122.368945,-4.767188],[122.701953,-4.618652],[122.739746,-4.675],[122.759863,-4.933887],[122.614062,-5.138672],[122.645117,-5.269434]]],[[[108.316016,3.689648],[108.243262,3.810352],[108.088477,3.8521],[108.003516,4.042578],[108.201953,4.200488],[108.392871,3.986182],[108.393555,3.836182],[108.316016,3.689648]]],[[[108.207227,-2.997656],[108.167285,-3.142773],[108.055273,-3.226855],[107.941113,-3.129297],[107.614453,-3.209375],[107.598145,-2.799707],[107.666309,-2.566309],[107.837793,-2.530273],[108.074414,-2.596973],[108.215137,-2.696973],[108.290625,-2.82998],[108.207227,-2.997656]]],[[[135.383008,-0.651367],[135.749023,-0.73252],[135.893555,-0.725781],[136.154688,-0.97832],[136.282617,-1.064648],[136.305371,-1.173145],[136.110352,-1.216797],[135.915039,-1.178418],[135.83877,-1.119434],[135.74707,-0.823047],[135.645703,-0.881934],[135.431641,-0.768848],[135.383008,-0.651367]]],[[[135.474219,-1.591797],[135.869141,-1.641992],[136.201563,-1.65498],[136.389648,-1.721582],[136.718555,-1.733984],[136.892578,-1.799707],[136.46084,-1.89043],[136.192578,-1.85918],[135.865723,-1.752148],[135.487598,-1.668359],[135.474219,-1.591797]]],[[[130.813281,-0.004102],[131.025781,-0.039941],[131.276855,-0.149805],[131.339746,-0.290332],[131.25752,-0.365723],[131.097754,-0.330078],[130.750195,-0.443848],[130.688672,-0.296582],[130.550781,-0.366406],[130.496289,-0.267383],[130.236621,-0.209668],[130.294922,-0.101465],[130.813281,-0.004102]]],[[[128.453906,2.051758],[128.295898,2.034717],[128.217969,2.297461],[128.330371,2.469336],[128.47207,2.570508],[128.602148,2.597607],[128.688477,2.473682],[128.623242,2.224414],[128.547559,2.09707],[128.453906,2.051758]]],[[[128.153027,-1.660547],[128.06123,-1.712402],[127.91377,-1.685156],[127.561621,-1.728516],[127.392188,-1.644824],[127.456738,-1.453711],[127.591797,-1.350781],[127.742969,-1.360254],[128.14873,-1.603711],[128.153027,-1.660547]]],[[[126.024219,-1.789746],[126.288086,-1.858887],[125.956445,-1.916602],[125.838867,-1.906152],[125.479199,-1.940039],[125.520898,-1.800879],[125.720313,-1.81377],[126.024219,-1.789746]]],[[[124.969531,-1.705469],[125.320215,-1.810059],[125.314063,-1.877148],[125.134766,-1.888965],[125.006738,-1.943066],[124.834473,-1.894434],[124.63916,-1.978223],[124.417773,-2.005176],[124.329688,-1.858887],[124.380859,-1.6875],[124.663965,-1.635938],[124.969531,-1.705469]]],[[[131.325586,-7.999512],[131.11377,-7.997363],[131.086816,-7.865039],[131.137793,-7.684863],[131.260059,-7.470508],[131.349219,-7.425391],[131.560742,-7.135742],[131.643848,-7.266895],[131.691113,-7.438867],[131.624414,-7.626172],[131.377051,-7.869141],[131.325586,-7.999512]]],[[[126.800977,-7.667871],[126.812695,-7.737891],[126.577344,-7.807617],[126.47207,-7.950391],[126.108398,-7.883984],[125.951563,-7.910938],[125.843164,-7.816699],[125.975293,-7.663379],[126.213672,-7.706738],[126.359375,-7.676758],[126.60957,-7.571777],[126.800977,-7.667871]]],[[[124.575586,-8.14082],[125.124609,-8.204785],[125.096777,-8.352832],[124.444238,-8.444629],[124.430664,-8.183203],[124.575586,-8.14082]]],[[[131.001855,-1.315527],[130.845117,-1.317285],[130.782324,-1.255469],[130.672949,-0.959766],[130.897168,-0.890039],[131.073926,-0.968262],[131.001855,-1.315527]]],[[[96.492578,5.229346],[96.615234,5.220215],[96.842676,5.274463],[97.19043,5.207324],[97.451172,5.236035],[97.547168,5.205859],[97.706738,5.040137],[97.908398,4.87998],[98.020703,4.635205],[98.248438,4.414551],[98.241211,4.194531],[98.307324,4.092871],[98.658691,3.928125],[98.77793,3.759424],[99.151172,3.58125],[99.521484,3.311182],[99.732324,3.183057],[99.906641,2.988184],[100.127246,2.647607],[100.307227,2.466602],[100.457031,2.257422],[100.685254,2.120068],[100.816797,1.989258],[100.828223,2.242578],[100.935938,2.294727],[101.046191,2.257471],[101.300781,2.011816],[101.405078,1.757422],[101.47666,1.693066],[101.784766,1.621387],[102.019922,1.442139],[102.157227,1.258887],[102.239062,0.990332],[102.469238,0.779297],[102.849414,0.715479],[102.949316,0.664209],[103.066504,0.491992],[102.895898,0.278613],[103.276563,0.494531],[103.478906,0.480176],[103.672656,0.288916],[103.786719,0.046973],[103.428516,-0.191797],[103.405176,-0.362207],[103.50918,-0.465527],[103.431152,-0.533594],[103.532715,-0.754687],[103.721094,-0.886719],[104.198535,-1.054297],[104.360547,-1.038379],[104.446875,-1.362402],[104.515918,-1.819434],[104.56875,-1.921777],[104.845215,-2.092969],[104.826074,-2.23418],[104.668457,-2.385547],[104.630566,-2.543359],[104.735742,-2.570898],[104.878418,-2.418848],[105.025879,-2.35752],[105.396973,-2.380176],[105.582031,-2.491992],[105.899121,-2.887793],[106.044336,-3.10625],[106.058398,-3.217188],[105.901465,-3.410059],[105.84375,-3.613672],[105.927734,-3.881348],[105.831445,-4.162891],[105.886523,-4.553906],[105.887207,-5.00957],[105.816113,-5.676563],[105.74834,-5.818262],[105.618555,-5.799609],[105.522656,-5.672754],[105.349414,-5.549512],[105.081348,-5.745508],[104.639551,-5.52041],[104.618164,-5.641504],[104.683984,-5.892676],[104.601562,-5.90459],[104.066797,-5.385938],[103.831445,-5.07959],[103.405664,-4.816406],[103.138672,-4.596191],[102.918945,-4.470703],[102.537695,-4.152148],[102.371973,-3.969238],[102.127539,-3.599219],[101.817871,-3.378027],[101.578613,-3.166992],[101.305664,-2.728711],[101.118555,-2.587793],[100.944434,-2.345215],[100.848047,-2.143945],[100.855273,-1.93418],[100.486523,-1.299121],[100.393945,-1.10127],[100.308203,-0.82666],[100.087891,-0.55293],[99.860059,-0.31377],[99.721289,-0.032959],[99.597656,0.102441],[99.33457,0.208594],[99.15918,0.351758],[98.935547,1.031934],[98.796387,1.494629],[98.702539,1.701953],[98.564258,1.902148],[98.005078,2.238184],[97.79502,2.282861],[97.700781,2.358545],[97.59082,2.846582],[97.391309,2.975293],[96.968945,3.575146],[96.800977,3.708545],[96.525391,3.766602],[96.444727,3.816309],[96.230078,4.072754],[95.987988,4.263281],[95.494727,4.761377],[95.206641,5.284033],[95.24707,5.410791],[95.227832,5.564795],[95.396094,5.628809],[95.628906,5.609082],[95.841309,5.514502],[96.133301,5.294287],[96.492578,5.229346]]],[[[122.78291,-8.611719],[122.470215,-8.725488],[122.094141,-8.744727],[121.838672,-8.860352],[121.651367,-8.89873],[121.58457,-8.820605],[121.414648,-8.814844],[121.32832,-8.916895],[121.19082,-8.895508],[121.035254,-8.935449],[120.780957,-8.848828],[120.550488,-8.801855],[120.319531,-8.820312],[120.120898,-8.776953],[119.909375,-8.857617],[119.80791,-8.697656],[119.818164,-8.570508],[119.918262,-8.445117],[120.231152,-8.289844],[120.610254,-8.24043],[120.751367,-8.321484],[120.886133,-8.32666],[121.27666,-8.47793],[121.444531,-8.577832],[121.683398,-8.505859],[121.966504,-8.455176],[122.263086,-8.624902],[122.433496,-8.600781],[122.603516,-8.402441],[122.850488,-8.304395],[122.758594,-8.185937],[122.845703,-8.093262],[122.97832,-8.151953],[123.005957,-8.329102],[122.811133,-8.481152],[122.78291,-8.611719]]],[[[120.0125,-9.374707],[120.221094,-9.506348],[120.291113,-9.647852],[120.503711,-9.674023],[120.832617,-10.0375],[120.698047,-10.206641],[120.43916,-10.294043],[120.144824,-10.200098],[119.930664,-9.966504],[119.601074,-9.773535],[119.362598,-9.771777],[119.085449,-9.706934],[118.958789,-9.519336],[119.031445,-9.440234],[119.185645,-9.384473],[119.614746,-9.352441],[119.795117,-9.380469],[119.94209,-9.301465],[120.0125,-9.374707]]],[[[118.242383,-8.317773],[118.337891,-8.353516],[118.490625,-8.271484],[118.74834,-8.331152],[118.845703,-8.293066],[118.987793,-8.337695],[119.04209,-8.560937],[119.129687,-8.668164],[119.00625,-8.749609],[118.90332,-8.702734],[118.818066,-8.79082],[118.478613,-8.856445],[118.397852,-8.813379],[118.378906,-8.674609],[118.189941,-8.840527],[117.86123,-8.931445],[117.731641,-8.919922],[117.50791,-9.00752],[117.210254,-9.034082],[117.061328,-9.099023],[116.788477,-9.006348],[116.783105,-8.664648],[116.835059,-8.532422],[116.953125,-8.503418],[117.164844,-8.367188],[117.356641,-8.428516],[117.56709,-8.426367],[117.806055,-8.711133],[117.969531,-8.728027],[118.234863,-8.591895],[118.100488,-8.475195],[117.979102,-8.458887],[117.814844,-8.34209],[117.755273,-8.149512],[117.920996,-8.089063],[118.11748,-8.122266],[118.242383,-8.317773]]],[[[124.888867,0.995313],[124.698145,0.825586],[124.427539,0.470605],[124.216797,0.380371],[123.753809,0.305518],[123.26543,0.326611],[123.08252,0.48584],[122.280762,0.481055],[121.841992,0.436572],[121.425781,0.494824],[121.012988,0.441699],[120.700391,0.514697],[120.459961,0.510303],[120.349023,0.449219],[120.127344,0.166553],[120.013281,-0.196191],[120.031738,-0.432031],[120.097461,-0.649902],[120.269824,-0.899219],[120.517578,-1.039453],[120.667383,-1.370117],[121.033691,-1.406543],[121.148535,-1.339453],[121.276855,-1.118164],[121.519336,-0.855566],[121.632715,-0.840332],[121.737695,-0.925684],[121.969629,-0.933301],[122.27998,-0.757031],[122.658789,-0.769824],[122.88877,-0.755176],[122.829492,-0.658887],[123.171484,-0.570703],[123.379687,-0.648535],[123.43418,-0.778223],[123.37793,-1.004102],[123.225781,-1.001758],[123.049414,-0.872363],[122.807422,-0.966016],[122.506641,-1.347852],[122.33418,-1.497852],[122.157617,-1.593945],[121.858594,-1.693262],[121.71875,-1.862793],[121.572656,-1.905762],[121.394727,-1.833789],[121.348828,-1.945996],[121.501953,-2.04502],[121.575,-2.150879],[121.725977,-2.208008],[121.848242,-2.331543],[122.082617,-2.749512],[122.291699,-2.907617],[122.306543,-3.051563],[122.399023,-3.200879],[122.317285,-3.275098],[122.25293,-3.62041],[122.43457,-3.739844],[122.609961,-3.923437],[122.689648,-4.084473],[122.877344,-4.109082],[122.897363,-4.349121],[122.72168,-4.410742],[122.471387,-4.42207],[122.207129,-4.496387],[122.054199,-4.620117],[122.073242,-4.791699],[121.916992,-4.847949],[121.588672,-4.75957],[121.486523,-4.581055],[121.541211,-4.28291],[121.618066,-4.092676],[121.537402,-4.014844],[121.312695,-3.919434],[120.914258,-3.555762],[120.906934,-3.404004],[121.054297,-3.16709],[121.052148,-2.75166],[120.990137,-2.670313],[120.765039,-2.641602],[120.653613,-2.667578],[120.341406,-2.869629],[120.254102,-3.052832],[120.392383,-3.348145],[120.436621,-3.707324],[120.383008,-3.852344],[120.3625,-4.085742],[120.420117,-4.617383],[120.310156,-4.963184],[120.279297,-5.146094],[120.390918,-5.392578],[120.430371,-5.591016],[120.311621,-5.541602],[119.951563,-5.577637],[119.717285,-5.693359],[119.557422,-5.611035],[119.376172,-5.424805],[119.360352,-5.31416],[119.519531,-4.877344],[119.515527,-4.741895],[119.611719,-4.423535],[119.623633,-4.034375],[119.493652,-3.768555],[119.494531,-3.554102],[119.419824,-3.475391],[119.240039,-3.475293],[118.994629,-3.537598],[118.867676,-3.398047],[118.8125,-3.156641],[118.858105,-2.928516],[118.783691,-2.764746],[118.85332,-2.650195],[119.092188,-2.48291],[119.172266,-2.140039],[119.321875,-1.929688],[119.348242,-1.825293],[119.308301,-1.659668],[119.308984,-1.408203],[119.35918,-1.243457],[119.508203,-0.906738],[119.711328,-0.680762],[119.845215,-0.773242],[119.77168,-0.483594],[119.721875,-0.088477],[119.865625,0.040088],[119.809277,0.238672],[119.913281,0.445068],[120.035156,0.566602],[120.056445,0.692529],[120.229785,0.86123],[120.269531,0.970801],[120.516602,0.817529],[120.602539,0.854395],[120.754883,1.035645],[120.912109,1.288965],[121.081738,1.327637],[121.208398,1.2625],[121.440039,1.214404],[121.591797,1.067969],[121.867383,1.088525],[122.108203,1.031152],[122.436621,1.018066],[122.89248,0.85],[122.960059,0.922998],[123.278125,0.928076],[123.84668,0.838184],[123.930762,0.850439],[124.273633,1.022266],[124.41084,1.185107],[124.533691,1.230469],[124.600195,1.392432],[124.787695,1.467578],[124.989258,1.701025],[125.164844,1.643652],[125.233789,1.502295],[125.11748,1.378906],[125.028027,1.180225],[124.888867,0.995313]]],[[[107.373926,-6.007617],[107.474707,-6.121777],[107.666797,-6.21582],[107.883789,-6.233301],[108.137598,-6.29668],[108.29502,-6.265039],[108.515918,-6.471191],[108.603613,-6.729199],[108.677832,-6.790527],[109.018359,-6.817285],[109.294238,-6.866992],[109.500586,-6.810156],[109.820996,-6.902441],[110.198438,-6.895117],[110.42627,-6.947266],[110.583594,-6.805664],[110.736914,-6.472363],[110.972266,-6.435645],[111.154395,-6.669043],[111.34209,-6.699512],[111.540332,-6.648242],[111.737598,-6.773438],[111.989844,-6.805957],[112.087305,-6.893359],[112.539258,-6.926465],[112.64873,-7.221289],[112.794336,-7.304492],[112.794531,-7.552441],[113.013574,-7.657715],[113.248438,-7.718164],[113.747461,-7.703027],[114.070703,-7.633008],[114.382715,-7.771094],[114.444238,-7.895605],[114.384961,-8.263281],[114.386914,-8.405176],[114.481738,-8.603809],[114.59502,-8.684766],[114.583789,-8.769629],[114.383203,-8.705371],[114.276953,-8.614648],[114.159668,-8.626465],[113.692578,-8.478027],[113.25332,-8.286719],[113.133691,-8.288281],[112.678809,-8.40918],[112.115137,-8.323926],[111.509961,-8.305078],[111.338574,-8.261719],[111.055371,-8.239551],[110.607227,-8.149414],[110.038672,-7.890527],[109.852637,-7.828418],[109.281641,-7.704883],[108.986719,-7.704102],[108.741211,-7.66709],[108.570508,-7.707227],[108.451758,-7.796973],[108.220508,-7.782324],[107.91748,-7.724121],[107.546875,-7.541895],[107.284961,-7.47168],[106.631445,-7.415527],[106.455273,-7.368652],[106.416895,-7.239355],[106.519727,-7.053711],[106.198242,-6.927832],[105.944336,-6.858984],[105.255469,-6.835254],[105.273438,-6.729395],[105.483691,-6.781543],[105.580859,-6.670996],[105.655078,-6.469531],[105.786914,-6.456934],[105.868262,-6.116406],[106.075,-5.91416],[106.16582,-5.964746],[106.675879,-6.038379],[106.825195,-6.098242],[107.011621,-6.008496],[107.046289,-5.904199],[107.373926,-6.007617]]],[[[109.628906,2.027539],[109.538965,1.896191],[109.63584,1.77666],[109.654004,1.614893],[109.818066,1.438965],[110.114746,1.190137],[110.315234,0.995996],[110.505762,0.861963],[110.614746,0.878125],[110.938086,1.017334],[111.286719,1.043213],[111.483203,0.995752],[111.769727,0.999463],[111.923145,1.113281],[112.078516,1.143359],[112.185742,1.439062],[112.476172,1.559082],[112.942969,1.566992],[113.006543,1.433887],[113.358984,1.327148],[113.513184,1.308398],[113.622266,1.235937],[113.902344,1.434277],[114.387109,1.500049],[114.545898,1.467139],[114.660937,1.686279],[114.703516,1.850781],[114.830566,1.980029],[114.758691,2.162402],[114.786426,2.250488],[114.969141,2.35083],[115.179102,2.523193],[115.080762,2.634229],[115.086328,2.841113],[115.246973,3.025928],[115.454395,3.034326],[115.519922,3.36167],[115.566113,3.445752],[115.544531,3.633691],[115.568457,3.93877],[115.678809,4.193018],[115.896191,4.348682],[116.021582,4.290674],[116.134473,4.355176],[116.320312,4.353711],[116.414551,4.308203],[116.514746,4.370801],[117.100586,4.337061],[117.277539,4.299316],[117.450879,4.192871],[117.574414,4.170605],[117.465332,4.076074],[117.566016,3.929932],[117.728223,3.796729],[117.777246,3.689258],[117.629883,3.636328],[117.509668,3.730371],[117.450391,3.628516],[117.171582,3.638965],[117.166406,3.591992],[117.384668,3.365381],[117.352441,3.19375],[117.610645,3.064355],[117.638867,2.825293],[117.785937,2.746777],[117.885742,2.541748],[118.066602,2.317822],[118.041602,2.21543],[117.881055,2.060645],[117.864648,1.968408],[118.080371,1.701855],[118.47168,1.416455],[118.638965,1.318994],[118.984961,0.982129],[118.892383,0.886865],[118.534766,0.813525],[118.196094,0.874365],[118.016309,1.03916],[117.923047,0.831348],[117.745117,0.729639],[117.55332,0.341016],[117.522168,0.235889],[117.462891,-0.32373],[117.548926,-0.554395],[117.5625,-0.770898],[117.240723,-0.925684],[117.003223,-1.187695],[116.770996,-1.266602],[116.715234,-1.375781],[116.554492,-1.473926],[116.424316,-1.784863],[116.423535,-2.052539],[116.313965,-2.139844],[116.528125,-2.20791],[116.56543,-2.299707],[116.529297,-2.510547],[116.375488,-2.578027],[116.330664,-2.902148],[116.172266,-3.025293],[116.16709,-3.183008],[116.05752,-3.348242],[115.956152,-3.59502],[115.258203,-3.906836],[114.693555,-4.169727],[114.625293,-4.111719],[114.605957,-3.70332],[114.536133,-3.494434],[114.445996,-3.481836],[114.082227,-3.278906],[113.958789,-3.394336],[113.795801,-3.45625],[113.633594,-3.419922],[113.630078,-3.246094],[113.525977,-3.184082],[113.343164,-3.246484],[113.033984,-2.933496],[112.971484,-3.187109],[112.600293,-3.400488],[112.284961,-3.320996],[112.12666,-3.381445],[111.954883,-3.529688],[111.82207,-3.53252],[111.823047,-3.057227],[111.694727,-2.889453],[111.625488,-2.975488],[111.367578,-2.933691],[111.044336,-3.055762],[110.86875,-3.04873],[110.811133,-2.938477],[110.703125,-3.020898],[110.574023,-2.891406],[110.377539,-2.933789],[110.232617,-2.925098],[110.224316,-2.688672],[110.075,-1.946387],[109.959863,-1.862793],[110.023438,-1.642578],[110.019238,-1.398828],[109.938086,-1.181152],[109.787402,-1.011328],[109.453809,-0.86875],[109.333496,-0.875391],[109.270996,-0.732031],[109.372754,-0.638184],[109.160547,-0.494922],[109.121777,-0.265039],[109.194629,-0.009424],[109.25752,0.031152],[109.074805,0.252832],[108.944531,0.355664],[108.905859,0.793945],[108.958594,1.134619],[109.075879,1.495898],[109.273145,1.705469],[109.378516,1.922705],[109.628906,2.027539]]],[[[127.732715,0.848145],[127.881055,0.832129],[127.967285,1.042578],[128.160742,1.157812],[128.157422,1.316602],[128.222461,1.400635],[128.424121,1.517529],[128.688379,1.572559],[128.716895,1.367285],[128.702637,1.106396],[128.514551,0.979248],[128.298828,0.876807],[128.260645,0.733789],[128.397949,0.638818],[128.61123,0.549951],[128.691602,0.360352],[128.54043,0.337891],[128.446484,0.391553],[127.983105,0.471875],[127.887402,0.29834],[127.888965,0.049512],[127.977832,-0.24834],[128.089453,-0.485254],[128.253516,-0.731641],[128.046387,-0.706055],[127.888965,-0.423535],[127.691602,-0.241895],[127.685449,0.149023],[127.708691,0.288086],[127.555371,0.489648],[127.541797,0.680664],[127.608008,0.848242],[127.52041,0.924023],[127.428516,1.13999],[127.420313,1.251953],[127.537109,1.46748],[127.534668,1.57207],[127.631738,1.843701],[127.899902,2.137354],[128.03125,2.119873],[127.906738,1.945654],[127.886816,1.832959],[128.010938,1.701221],[128.011719,1.331738],[127.885352,1.162793],[127.652832,1.013867],[127.732715,0.848145]]],[[[129.754688,-2.86582],[129.984375,-2.97666],[130.379102,-2.989355],[130.569922,-3.130859],[130.671094,-3.391504],[130.773438,-3.41875],[130.859961,-3.570312],[130.805078,-3.857715],[130.269727,-3.579297],[130.019531,-3.474707],[129.844141,-3.327148],[129.511719,-3.328516],[129.467676,-3.453223],[128.96748,-3.326074],[128.8625,-3.234961],[128.638965,-3.433398],[128.419238,-3.416016],[128.27998,-3.240527],[128.082129,-3.184082],[127.97002,-3.444336],[127.87793,-3.22207],[128.113379,-2.93457],[128.198535,-2.865918],[128.569824,-2.842188],[128.790527,-2.856641],[129.057715,-2.838477],[129.116309,-2.937012],[129.27959,-2.889063],[129.427344,-2.790723],[129.542969,-2.790332],[129.754688,-2.86582]]],[[[126.861133,-3.087891],[127.025488,-3.166016],[127.227344,-3.391016],[127.22959,-3.633008],[127.085059,-3.670898],[126.940918,-3.764551],[126.686328,-3.823633],[126.214551,-3.605176],[126.056543,-3.420996],[126.026465,-3.170508],[126.088281,-3.105469],[126.219629,-3.148145],[126.30625,-3.103223],[126.555078,-3.065234],[126.861133,-3.087891]]],[[[124.922266,-8.94248],[124.973242,-9.064258],[125.100391,-9.004004],[125.149414,-9.122949],[124.977539,-9.194922],[124.968262,-9.294238],[125.068164,-9.511914],[124.963086,-9.665625],[124.708398,-9.91416],[124.427539,-10.148633],[124.175977,-10.183301],[123.857617,-10.343555],[123.644141,-10.310937],[123.614062,-10.215039],[123.716406,-10.078613],[123.589258,-9.966797],[123.709375,-9.614844],[124.036328,-9.341602],[124.090137,-9.416406],[124.282324,-9.42793],[124.412988,-9.314355],[124.444434,-9.190332],[124.575488,-9.155371],[124.922266,-8.94248]]],[[[134.746973,-5.707031],[134.712207,-5.949707],[134.755859,-6.170605],[134.637598,-6.365332],[134.441113,-6.334863],[134.154883,-6.062891],[134.301953,-6.009766],[134.341309,-5.712891],[134.490332,-5.525098],[134.616504,-5.438574],[134.746973,-5.707031]]],[[[134.536816,-6.442285],[134.504297,-6.591406],[134.355957,-6.814844],[134.2,-6.908789],[134.05918,-6.769336],[134.124609,-6.426465],[134.114648,-6.19082],[134.168066,-6.17627],[134.415039,-6.386719],[134.536816,-6.442285]]],[[[138.535352,-8.273633],[138.296289,-8.405176],[137.871875,-8.379687],[137.687695,-8.411719],[137.685156,-8.262207],[137.83252,-7.932227],[138.00752,-7.641602],[138.295508,-7.438477],[138.543848,-7.37959],[138.769824,-7.39043],[138.962598,-7.587988],[138.989063,-7.696094],[138.785938,-8.059082],[138.535352,-8.273633]]],[[[140.973438,-2.609766],[140.973828,-3.413281],[140.974219,-4.226465],[140.974707,-5.649512],[140.975,-6.346094],[140.874609,-6.611523],[140.862305,-6.740039],[140.975195,-6.905371],[140.975391,-7.479199],[140.975781,-8.495703],[140.976172,-9.11875],[140.661523,-8.846777],[140.489746,-8.62041],[140.10166,-8.300586],[139.934766,-8.101172],[139.649414,-8.125391],[139.385645,-8.189063],[139.192969,-8.086133],[138.933496,-8.262402],[138.856152,-8.145117],[138.935938,-7.913086],[139.003027,-7.837598],[139.087988,-7.587207],[138.937891,-7.472461],[138.747949,-7.251465],[138.919336,-7.203613],[138.72002,-7.069824],[138.601367,-6.936523],[138.864551,-6.858398],[138.72666,-6.731152],[138.698145,-6.625684],[138.438672,-6.343359],[138.296289,-5.949023],[138.252148,-5.688184],[138.087109,-5.70918],[138.06084,-5.465234],[137.759082,-5.256152],[137.306641,-5.014355],[137.089258,-4.924414],[136.856836,-4.893164],[136.618848,-4.81875],[136.39375,-4.70127],[136.210645,-4.650684],[135.979688,-4.530859],[135.450195,-4.443066],[135.195605,-4.450684],[134.754199,-4.19541],[134.679688,-4.079102],[134.707617,-3.929883],[134.546875,-3.979297],[134.391016,-3.909961],[134.266211,-3.945801],[134.14707,-3.796777],[133.973828,-3.817969],[133.904004,-3.720117],[133.723047,-3.57793],[133.653125,-3.364355],[133.518164,-3.411914],[133.542285,-3.516406],[133.415137,-3.732129],[133.400879,-3.899023],[133.24873,-4.062305],[132.968555,-4.094922],[132.837109,-3.948926],[132.753906,-3.703613],[132.869727,-3.550977],[132.751367,-3.294629],[132.348242,-2.975098],[132.053906,-2.914551],[131.971191,-2.788574],[132.230664,-2.680371],[132.575488,-2.727148],[132.725,-2.789062],[132.897266,-2.658203],[133.033789,-2.487402],[133.191016,-2.437793],[133.411426,-2.513965],[133.608691,-2.547168],[133.700098,-2.624609],[133.75332,-2.450684],[133.904883,-2.390918],[133.921582,-2.102051],[133.710352,-2.18916],[133.487793,-2.225586],[133.224902,-2.214453],[132.962793,-2.272559],[132.502637,-2.218457],[132.307617,-2.242285],[132.023438,-1.990332],[131.936133,-1.714941],[131.930371,-1.559668],[131.731445,-1.541211],[131.29375,-1.393457],[131.117773,-1.455273],[130.995898,-1.424707],[131.046191,-1.284082],[131.151855,-1.218848],[131.254102,-1.006934],[131.257227,-0.855469],[131.461523,-0.781836],[131.804297,-0.703809],[132.128418,-0.454102],[132.39375,-0.355469],[132.625098,-0.358887],[132.856445,-0.417383],[133.077148,-0.511816],[133.268457,-0.635742],[133.472656,-0.726172],[133.974512,-0.744336],[134.111523,-0.846777],[134.071973,-1.001855],[134.25957,-1.362988],[134.216992,-1.529102],[134.105859,-1.720996],[134.155664,-2.195215],[134.194824,-2.309082],[134.459961,-2.832324],[134.483301,-2.583008],[134.627441,-2.536719],[134.702148,-2.933594],[134.843359,-2.90918],[134.852734,-3.107617],[134.917188,-3.249902],[135.037402,-3.333105],[135.371582,-3.374902],[135.486621,-3.345117],[135.627734,-3.186035],[135.85918,-2.995313],[136.012988,-2.734277],[136.243262,-2.583105],[136.389941,-2.27334],[136.843262,-2.197656],[137.07207,-2.105078],[137.171094,-2.025488],[137.123438,-1.840918],[137.380566,-1.685645],[137.80625,-1.483203],[137.911133,-1.483789],[138.110938,-1.615918],[138.649805,-1.791113],[138.811426,-1.917773],[139.039453,-1.99209],[139.789551,-2.348242],[140.15459,-2.35],[140.250977,-2.412012],[140.622559,-2.445801],[140.747461,-2.607129],[140.973438,-2.609766]]],[[[138.895117,-8.388672],[138.594238,-8.371484],[138.67666,-8.199219],[138.796191,-8.173633],[138.895117,-8.388672]]],[[[101.708105,2.078418],[101.773535,1.943457],[101.719434,1.78916],[101.602734,1.715723],[101.467773,1.759375],[101.403418,1.901318],[101.409668,2.02168],[101.640723,2.126709],[101.708105,2.078418]]],[[[102.427148,0.990137],[102.325293,1.007031],[102.255469,1.147168],[102.228613,1.347852],[102.358594,1.345654],[102.442871,1.234229],[102.427148,0.990137]]],[[[102.491895,1.45918],[102.499414,1.330908],[102.274219,1.453125],[102.078711,1.498584],[102.042188,1.625391],[102.469531,1.510059],[102.491895,1.45918]]],[[[103.027539,0.746631],[102.971484,0.736523],[102.541602,0.831592],[102.453906,0.889502],[102.549219,1.130225],[102.780078,0.959375],[103.002441,0.859277],[103.027539,0.746631]]],[[[103.166406,0.870166],[103.086719,0.848145],[102.886328,0.996777],[102.701855,1.053711],[102.790137,1.165479],[103.067578,1.014746],[103.166406,0.870166]]],[[[104.024805,1.180566],[104.127344,1.092383],[104.066113,0.989551],[103.963574,1.013232],[104.024805,1.180566]]],[[[104.585352,1.216113],[104.648145,1.10459],[104.652832,0.961035],[104.575195,0.831934],[104.428613,0.956494],[104.439258,1.050439],[104.251953,1.014893],[104.250195,1.102637],[104.361816,1.181494],[104.585352,1.216113]]],[[[104.778613,-0.175977],[104.949707,-0.247266],[104.914258,-0.32334],[104.702246,-0.208691],[104.566602,-0.245605],[104.44707,-0.18916],[104.542676,0.017725],[104.778613,-0.175977]]],[[[104.474219,-0.334668],[104.590137,-0.466602],[104.485352,-0.612891],[104.257129,-0.463281],[104.474219,-0.334668]]],[[[103.736523,-0.347949],[103.606348,-0.38291],[103.461328,-0.357617],[103.548926,-0.227539],[103.723926,-0.27666],[103.736523,-0.347949]]],[[[109.710254,-1.180664],[109.51084,-1.282812],[109.428125,-1.241211],[109.475977,-0.985352],[109.614648,-0.979102],[109.743359,-1.039355],[109.710254,-1.180664]]],[[[113.844531,-7.105371],[113.655859,-7.111719],[113.470703,-7.218457],[113.04043,-7.211816],[112.76377,-7.139648],[112.725879,-7.072754],[112.868066,-6.899902],[113.067383,-6.87998],[113.974707,-6.873047],[114.083008,-6.989355],[113.885352,-7.049023],[113.844531,-7.105371]]],[[[134.965332,-1.116016],[134.808887,-1.037598],[134.889258,-0.938477],[134.996289,-1.034082],[134.965332,-1.116016]]],[[[127.249902,-0.495313],[127.119141,-0.520508],[127.126465,-0.278613],[127.280566,-0.391016],[127.249902,-0.495313]]],[[[127.566992,-0.318945],[127.682422,-0.468359],[127.60498,-0.610156],[127.658594,-0.689453],[127.804297,-0.694434],[127.880176,-0.808691],[127.761133,-0.883691],[127.623828,-0.766016],[127.462695,-0.805957],[127.468652,-0.642969],[127.3,-0.500293],[127.371191,-0.331641],[127.455176,-0.406348],[127.566992,-0.318945]]],[[[132.92627,-5.902051],[132.937695,-5.682617],[133.008789,-5.621387],[133.114648,-5.310645],[133.172852,-5.348145],[133.119629,-5.575977],[132.971094,-5.73584],[132.92627,-5.902051]]],[[[132.807129,-5.850781],[132.681445,-5.912598],[132.697852,-5.608984],[132.807129,-5.850781]]],[[[128.275586,-3.674609],[128.143164,-3.732715],[127.927539,-3.679395],[128.016211,-3.600879],[128.264355,-3.512305],[128.275586,-3.674609]]],[[[126.816602,4.033496],[126.704492,4.070996],[126.813574,4.258496],[126.72207,4.344189],[126.757324,4.5479],[126.865137,4.479834],[126.921094,4.291016],[126.816602,4.033496]]],[[[125.658105,3.436035],[125.511523,3.461133],[125.543457,3.67041],[125.658105,3.436035]]],[[[130.862207,-8.31875],[130.833398,-8.270801],[131.020117,-8.091309],[131.04375,-8.212012],[130.862207,-8.31875]]],[[[129.838867,-7.95459],[129.713477,-8.040723],[129.591895,-7.917383],[129.608984,-7.803418],[129.812988,-7.819727],[129.838867,-7.95459]]],[[[127.823438,-8.098828],[128.119238,-8.170703],[128.023535,-8.255371],[127.820898,-8.190234],[127.823438,-8.098828]]],[[[130.35332,-1.690527],[130.425,-1.80459],[130.418848,-1.971289],[130.248047,-2.047754],[129.886523,-1.986426],[129.737695,-1.866895],[129.993652,-1.758887],[130.35332,-1.690527]]],[[[102.367188,-5.478711],[102.285937,-5.483496],[102.135547,-5.360547],[102.198438,-5.288867],[102.371777,-5.366406],[102.367188,-5.478711]]],[[[100.425098,-3.18291],[100.204297,-2.986816],[100.179297,-2.820215],[100.245605,-2.783203],[100.45459,-3.001953],[100.425098,-3.18291]]],[[[100.204102,-2.741016],[100.132715,-2.821387],[100.014941,-2.819727],[100.011914,-2.510254],[100.201953,-2.679688],[100.204102,-2.741016]]],[[[99.843066,-2.343066],[99.607031,-2.25752],[99.537402,-2.161523],[99.572168,-2.025781],[99.686426,-2.063379],[99.843066,-2.343066]]],[[[98.459277,-0.530469],[98.309668,-0.531836],[98.427148,-0.226465],[98.544141,-0.257617],[98.459277,-0.530469]]],[[[96.463672,2.36001],[96.29043,2.42959],[96.021973,2.595752],[95.808594,2.655615],[95.717188,2.825977],[95.80625,2.916016],[96.417285,2.515186],[96.463672,2.36001]]],[[[122.042969,-5.437988],[121.97959,-5.464746],[121.808496,-5.256152],[121.965723,-5.075586],[122.061816,-5.221289],[122.042969,-5.437988]]],[[[123.212305,-1.171289],[123.338574,-1.254004],[123.434766,-1.236816],[123.547266,-1.337402],[123.511914,-1.447363],[123.366992,-1.507129],[123.274902,-1.437207],[123.18291,-1.492773],[123.150391,-1.304492],[122.89043,-1.587207],[122.81084,-1.432129],[122.832227,-1.283008],[122.908008,-1.182227],[123.212305,-1.171289]]],[[[120.52832,-6.298438],[120.460742,-6.254004],[120.446484,-5.87627],[120.549219,-5.969238],[120.52832,-6.298438]]],[[[115.377051,-6.970801],[115.220313,-6.952539],[115.240527,-6.86123],[115.414453,-6.839746],[115.377051,-6.970801]]],[[[116.30332,-3.868164],[116.093359,-4.054102],[116.076953,-3.81748],[116.018359,-3.699902],[116.117383,-3.339551],[116.269727,-3.251074],[116.262109,-3.394824],[116.318652,-3.762988],[116.30332,-3.868164]]],[[[122.948926,-10.909277],[122.826172,-10.899121],[122.845703,-10.761816],[123.061426,-10.698438],[123.26543,-10.518164],[123.371094,-10.474902],[123.418164,-10.65127],[123.214844,-10.806152],[122.948926,-10.909277]]],[[[124.286621,-8.329492],[124.184375,-8.49873],[124.065723,-8.55166],[123.971484,-8.354102],[124.110547,-8.364258],[124.239551,-8.203418],[124.286621,-8.329492]]],[[[123.924805,-8.272461],[123.783887,-8.299609],[123.629199,-8.422461],[123.553027,-8.566797],[123.410742,-8.586621],[123.325,-8.439063],[123.52998,-8.265234],[123.600586,-8.291309],[123.775977,-8.19043],[123.924805,-8.272461]]],[[[123.31748,-8.354785],[123.297266,-8.398633],[123.025,-8.395508],[123.133496,-8.253809],[123.336035,-8.269043],[123.31748,-8.354785]]],[[[123.242383,-4.112988],[123.144531,-4.233301],[122.994727,-4.148047],[123.024902,-3.980957],[123.211914,-3.997559],[123.242383,-4.112988]]],[[[119.464063,-8.741016],[119.378906,-8.586523],[119.430176,-8.45498],[119.546973,-8.482617],[119.464063,-8.741016]]],[[[117.649023,4.168994],[117.884766,4.186133],[117.922852,4.054297],[117.736816,4.004004],[117.649023,4.168994]]],[[[117.556348,-8.367285],[117.490527,-8.183398],[117.669238,-8.189258],[117.556348,-8.367285]]],[[[130.905273,-0.777441],[130.832422,-0.862891],[130.402441,-0.923926],[130.484277,-0.83252],[130.813477,-0.813867],[130.905273,-0.777441]]]]},"properties":{"name":"Indonesia"},"id":"ID"},
    {"type":"Feature","geometry":{"type":"MultiPolygon","coordinates":[[[[100.119141,6.441992],[100.176758,6.671826],[100.261426,6.682715],[100.34541,6.549902],[100.629492,6.447998],[100.79375,6.426172],[100.873926,6.24541],[101.053516,6.242578],[101.075586,5.956494],[100.981641,5.771045],[101.113965,5.636768],[101.257031,5.789355],[101.556055,5.907764],[101.65,5.795996],[101.873633,5.825293],[101.936133,5.979346],[102.055176,6.09668],[102.101074,6.242236],[102.340137,6.172021],[102.534375,5.862549],[102.790234,5.644922],[102.982422,5.524951],[103.196973,5.262158],[103.41582,4.850293],[103.453906,4.669482],[103.46875,4.393262],[103.420508,3.976855],[103.362012,3.769141],[103.453516,3.520605],[103.439453,2.933105],[103.537305,2.774756],[103.812207,2.580469],[104.218555,1.722852],[104.288477,1.480664],[104.176367,1.364893],[104.076172,1.529785],[103.991504,1.454785],[103.694531,1.449658],[103.480273,1.329492],[103.356836,1.546143],[102.896875,1.792334],[102.727148,1.855566],[102.548242,2.042383],[102.145605,2.248486],[101.889941,2.449414],[101.78125,2.573584],[101.519727,2.683643],[101.295508,2.885205],[101.354297,3.011133],[101.299902,3.253271],[101.11543,3.472021],[101.024805,3.624707],[100.85127,3.776709],[100.71543,3.966211],[100.795508,4.023389],[100.661035,4.225732],[100.614551,4.373437],[100.614551,4.652246],[100.473437,5.044287],[100.352637,5.587695],[100.374023,5.777979],[100.343262,5.98418],[100.263281,6.18252],[100.119141,6.441992]]],[[[117.574414,4.170605],[117.450879,4.192871],[117.277539,4.299316],[117.100586,4.337061],[116.514746,4.370801],[116.414551,4.308203],[116.320312,4.353711],[116.134473,4.355176],[116.021582,4.290674],[115.896191,4.348682],[115.678809,4.193018],[115.568457,3.93877],[115.544531,3.633691],[115.566113,3.445752],[115.519922,3.36167],[115.454395,3.034326],[115.246973,3.025928],[115.086328,2.841113],[115.080762,2.634229],[115.179102,2.523193],[114.969141,2.35083],[114.786426,2.250488],[114.758691,2.162402],[114.830566,1.980029],[114.703516,1.850781],[114.660937,1.686279],[114.545898,1.467139],[114.387109,1.500049],[113.902344,1.434277],[113.622266,1.235937],[113.513184,1.308398],[113.358984,1.327148],[113.006543,1.433887],[112.942969,1.566992],[112.476172,1.559082],[112.185742,1.439062],[112.078516,1.143359],[111.923145,1.113281],[111.769727,0.999463],[111.483203,0.995752],[111.286719,1.043213],[110.938086,1.017334],[110.614746,0.878125],[110.505762,0.861963],[110.315234,0.995996],[110.114746,1.190137],[109.818066,1.438965],[109.654004,1.614893],[109.63584,1.77666],[109.538965,1.896191],[109.628906,2.027539],[109.719629,1.857813],[109.98457,1.717627],[110.245898,1.694727],[110.349219,1.719727],[110.675195,1.548047],[110.939941,1.517334],[111.154199,1.73877],[111.17002,1.902295],[111.268164,2.139746],[111.195508,2.297168],[111.242188,2.435742],[111.443848,2.381543],[111.443262,2.634326],[111.5125,2.743018],[111.727734,2.853809],[112.118848,2.914697],[112.737305,3.070459],[113.044727,3.205225],[113.446094,3.740576],[113.712109,4.001416],[113.923926,4.243213],[113.987793,4.420703],[113.984277,4.545801],[114.063867,4.592676],[114.224121,4.477881],[114.322949,4.262793],[114.416602,4.255859],[114.608301,4.023975],[114.776172,4.168799],[114.840234,4.393213],[114.790137,4.463916],[114.74668,4.718066],[115.026758,4.899707],[115.026758,4.691357],[115.107031,4.39043],[115.24668,4.347217],[115.266699,4.633984],[115.140039,4.899756],[115.374902,4.932764],[115.519824,5.048926],[115.582031,5.194141],[115.466895,5.254102],[115.419043,5.413184],[115.556445,5.566699],[115.796875,5.536133],[116.059766,5.882373],[116.138379,6.129541],[116.494727,6.52168],[116.749805,6.9771],[116.833008,6.952051],[116.807715,6.691064],[116.913281,6.659668],[117.128516,6.968896],[117.252441,6.919238],[117.294043,6.676904],[117.645703,6.473682],[117.695605,6.272314],[117.615918,6.196533],[117.649805,6.073584],[117.617188,5.940723],[117.817676,5.94043],[118.003809,6.05332],[118.11582,5.8625],[117.934766,5.7875],[117.973633,5.70625],[118.249121,5.820557],[118.456348,5.763428],[118.594824,5.59209],[118.957324,5.429004],[119.223437,5.412646],[119.249707,5.19873],[119.132227,5.100488],[118.67207,4.964062],[118.381836,5.018506],[118.260547,4.988867],[118.185352,4.828516],[118.324219,4.668701],[118.5625,4.502148],[118.498047,4.362354],[118.008203,4.250244],[117.741016,4.337549],[117.649805,4.304492],[117.574414,4.170605]]],[[[100.288965,5.294727],[100.191016,5.282861],[100.203906,5.446875],[100.338867,5.410059],[100.288965,5.294727]]],[[[99.848047,6.465723],[99.918652,6.358594],[99.74375,6.263281],[99.749219,6.409619],[99.848047,6.465723]]],[[[117.141602,7.168213],[117.064258,7.260693],[117.264063,7.35166],[117.239355,7.184766],[117.141602,7.168213]]],[[[111.389258,2.415332],[111.311523,2.437598],[111.300391,2.741162],[111.37832,2.709326],[111.389258,2.415332]]],[[[117.884766,4.186133],[117.649023,4.168994],[117.761426,4.252344],[117.884766,4.186133]]]]},"properties":{"name":"Malaysia"},"id":"MY"},
    {"type":"Feature","geometry":{"type":"Polygon","coordinates":[[[32.712695,35.171045],[32.919531,35.087842],[33.191016,35.173145],[33.383789,35.162695],[33.525684,35.038672],[33.675391,35.017871],[33.866406,35.093604],[34.050195,34.988379],[33.699414,34.969873],[33.514453,34.806445],[33.296582,34.717725],[33.115527,34.695557],[32.941797,34.575879],[32.867188,34.661133],[32.692969,34.649365],[32.449023,34.729443],[32.317188,34.95332],[32.555957,35.155762],[32.712695,35.171045]]]},"properties":{"name":"Cyprus"},"id":"CY"},
    {"type":"Feature","geometry":{"type":"MultiPolygon","coordinates":[[[[68.165039,23.857324],[68.28252,23.927979],[68.488672,23.967236],[68.724121,23.964697],[68.728125,24.265625],[68.900781,24.292432],[69.119531,24.268652],[69.55918,24.273096],[69.716211,24.172607],[70.021094,24.191553],[70.098242,24.2875],[70.546777,24.418311],[70.579297,24.279053],[70.716309,24.237988],[71.044043,24.400098],[70.973242,24.487402],[71.047852,24.687744],[70.877734,25.062988],[70.652051,25.4229],[70.648438,25.666943],[70.264648,25.706543],[70.100195,25.910059],[70.077734,26.071973],[70.132617,26.214795],[70.156836,26.471436],[70.059375,26.57876],[69.735938,26.627051],[69.506934,26.742676],[69.47002,26.804443],[69.567969,27.174609],[69.896289,27.473633],[70.144531,27.849023],[70.403711,28.025049],[70.629102,27.937451],[70.737402,27.729004],[70.874902,27.714453],[71.184766,27.831641],[71.542969,27.869873],[71.870313,27.9625],[71.948047,28.177295],[72.179199,28.421777],[72.341895,28.751904],[72.90332,29.02876],[73.231152,29.550635],[73.381641,29.934375],[73.80918,30.093359],[73.933398,30.22207],[73.899316,30.435352],[74.008984,30.519678],[74.215625,30.768994],[74.632812,31.034668],[74.517676,31.185596],[74.593945,31.465381],[74.509961,31.712939],[74.555566,31.818555],[74.739453,31.948828],[75.254102,32.140332],[75.333496,32.279199],[75.233691,32.372119],[74.987305,32.462207],[74.788867,32.457813],[74.657813,32.518945],[74.663281,32.757666],[74.35459,32.768701],[74.303613,32.991797],[74.12627,33.075439],[73.994238,33.242188],[74.117773,33.384131],[74.15,33.506982],[74.004004,33.632422],[74.000977,33.788184],[74.215625,33.886572],[74.246484,33.990186],[73.949902,34.018799],[73.979492,34.191309],[73.809961,34.325342],[73.812109,34.422363],[73.96123,34.653467],[74.300391,34.765381],[74.951855,34.64585],[75.1875,34.639014],[75.452539,34.536719],[75.70918,34.503076],[76.041016,34.669922],[76.172461,34.667725],[76.456738,34.756104],[76.594434,34.73584],[76.78291,34.900195],[77.000879,34.991992],[77.048633,35.109912],[77.799414,35.495898],[78.047461,35.449414],[78.012207,35.251025],[78.282031,34.653906],[78.326953,34.606396],[78.670801,34.518164],[78.936426,34.351953],[78.970605,34.228223],[78.753027,34.087695],[78.801855,33.499707],[79.1125,33.22627],[79.108594,33.022656],[79.202246,32.946045],[79.233887,32.703076],[79.219336,32.501074],[79.066992,32.388184],[78.918945,32.358203],[78.771289,32.468066],[78.700879,32.597021],[78.389648,32.519873],[78.495898,32.215771],[78.735449,31.957959],[78.693457,31.740381],[78.80293,31.618066],[78.726758,31.471826],[78.791602,31.293652],[79.107129,31.402637],[79.33877,31.105713],[79.56543,30.949072],[79.794629,30.968262],[80.081445,30.781934],[80.194336,30.759229],[80.191211,30.568408],[80.682129,30.414844],[80.985449,30.237109],[81.010254,30.164502],[80.907617,30.171924],[80.549023,29.899805],[80.401855,29.730273],[80.254883,29.42334],[80.233008,29.194629],[80.130469,29.100391],[80.070703,28.830176],[80.418555,28.612012],[80.587012,28.649609],[80.750781,28.539697],[81.168945,28.33501],[81.31084,28.176367],[81.852637,27.86709],[81.987695,27.91377],[82.451367,27.671826],[82.677344,27.673437],[82.733398,27.518994],[83.289746,27.370996],[83.447168,27.465332],[83.828809,27.377832],[84.091016,27.491357],[84.610156,27.298682],[84.685352,27.041016],[85.020117,26.878516],[85.151563,26.846631],[85.292969,26.741016],[85.568457,26.839844],[85.699902,26.781641],[85.737305,26.639746],[85.855664,26.600195],[86.007324,26.649365],[86.366113,26.574414],[86.701367,26.435059],[87.016406,26.55542],[87.089551,26.433203],[87.287402,26.360303],[87.413574,26.422949],[87.633398,26.399121],[87.849219,26.436914],[88.054883,26.430029],[88.161523,26.724805],[88.111035,26.928467],[87.984375,27.133936],[88.024121,27.408887],[88.146973,27.749219],[88.109766,27.870605],[88.108984,27.933008],[88.425977,28.01167],[88.621094,28.091846],[88.803711,28.006934],[88.848828,27.868652],[88.749023,27.521875],[88.764844,27.429883],[88.891406,27.316064],[88.73877,27.175586],[88.857617,26.961475],[89.148242,26.816162],[89.332129,26.848633],[89.763867,26.701563],[90.122949,26.75459],[90.206055,26.84751],[90.345898,26.890332],[90.559863,26.796582],[90.739648,26.77168],[91.133887,26.803418],[91.286523,26.789941],[91.426758,26.86709],[91.671582,26.802002],[91.99834,26.85498],[92.073438,26.914844],[91.992285,27.099902],[92.083398,27.290625],[91.99082,27.450195],[91.743066,27.442529],[91.594727,27.557666],[91.631934,27.759961],[91.977637,27.730371],[92.10127,27.807617],[92.414844,27.824609],[92.664355,27.948926],[92.701855,28.147119],[92.881836,28.228125],[93.119238,28.402295],[93.206543,28.59082],[93.360547,28.654053],[93.664941,28.690234],[93.902246,28.803223],[94.293262,29.144629],[94.623047,29.312402],[94.769434,29.175879],[94.998828,29.14917],[95.279102,29.049561],[95.420215,29.054297],[95.51582,29.206348],[95.710352,29.313818],[96.035352,29.447168],[96.234961,29.245801],[96.122363,29.08208],[96.162207,28.909717],[96.435742,29.050684],[96.580859,28.763672],[96.395605,28.606543],[96.278906,28.428174],[96.427734,28.406006],[96.602637,28.459912],[96.775781,28.367041],[96.980859,28.337695],[97.075391,28.368945],[97.322461,28.217969],[97.335156,27.937744],[97.226074,27.890039],[96.899707,27.643848],[96.901953,27.4396],[97.103711,27.16333],[97.038086,27.102051],[96.880273,27.177832],[96.797852,27.296191],[96.665723,27.339258],[96.274219,27.278369],[96.061426,27.21709],[95.905273,27.046631],[95.463867,26.756055],[95.128711,26.597266],[95.059766,26.473975],[95.068945,26.191113],[95.132422,26.04126],[95.015234,25.912939],[94.991992,25.770459],[94.78584,25.519336],[94.622852,25.41001],[94.554395,25.243457],[94.707617,25.04873],[94.584082,24.767236],[94.399414,24.514063],[94.293066,24.321875],[94.127637,23.876465],[93.683398,24.006543],[93.49375,23.972852],[93.307324,24.021875],[93.414941,23.68208],[93.366016,23.13252],[93.308008,23.030371],[93.150977,22.997314],[93.1625,22.907959],[93.078711,22.718213],[93.162012,22.360205],[92.964551,22.00376],[92.854297,22.010156],[92.688965,22.130957],[92.574902,21.978076],[92.491406,22.6854],[92.361621,22.929004],[92.33418,23.323828],[92.246094,23.683594],[92.127051,23.720996],[91.92959,23.685986],[91.937891,23.504687],[91.754199,23.287305],[91.773828,23.106104],[91.619531,22.979688],[91.51123,23.033691],[91.43623,23.199902],[91.315234,23.104395],[91.160449,23.660645],[91.232031,23.920459],[91.36709,24.093506],[91.526367,24.090771],[91.66875,24.190088],[91.876953,24.195312],[91.95166,24.356738],[92.06416,24.374365],[92.198047,24.685742],[92.25127,24.895068],[92.443164,24.849414],[92.468359,24.944141],[92.204688,25.110937],[92.049707,25.169482],[91.479688,25.142139],[91.293164,25.177979],[90.439355,25.157715],[90.250391,25.184961],[89.814063,25.305371],[89.824902,25.560156],[89.799609,25.8396],[89.822949,25.941406],[89.709863,26.17124],[89.619043,26.215674],[89.549902,26.005273],[89.289258,26.037598],[89.108301,26.202246],[88.682813,26.291699],[88.680664,26.352979],[88.518262,26.517773],[88.345898,26.504785],[88.44043,26.369482],[88.150781,26.087158],[88.08457,25.888232],[88.25293,25.789795],[88.452344,25.574414],[88.593457,25.495313],[88.769141,25.490479],[88.820312,25.365527],[88.944141,25.290771],[88.890137,25.194385],[88.747559,25.168945],[88.45625,25.188428],[88.313379,24.881836],[88.149805,24.914648],[88.023438,24.627832],[88.145508,24.485791],[88.287109,24.479736],[88.396973,24.389258],[88.642285,24.325977],[88.733594,24.230908],[88.699805,24.002539],[88.567383,23.674414],[88.74082,23.436621],[88.724414,23.25498],[88.928125,23.186621],[88.850586,23.040527],[88.920703,22.632031],[89.05,22.274609],[89.051465,22.093164],[89.019629,21.833643],[89.05166,21.654102],[88.834375,21.661377],[88.691211,21.733496],[88.740234,22.00542],[88.65957,22.066943],[88.566797,21.832129],[88.584668,21.659717],[88.445996,21.614258],[88.305469,21.72334],[88.253711,21.622314],[88.056836,21.694141],[88.181055,22.03291],[88.050781,22.001074],[87.948437,21.825439],[87.678223,21.653516],[87.200684,21.544873],[87.100684,21.500781],[86.85957,21.236719],[86.842285,21.106348],[86.939355,20.745068],[86.975488,20.700146],[86.7625,20.419141],[86.750391,20.313232],[86.49873,20.171631],[86.279492,19.919434],[85.575,19.69292],[85.555078,19.866895],[85.459961,19.895898],[85.248633,19.757666],[85.441602,19.626562],[85.225586,19.50835],[84.770996,19.125391],[84.749805,19.050098],[84.462793,18.689746],[84.104102,18.292676],[83.654297,18.069873],[83.19834,17.608984],[82.976855,17.461816],[82.593164,17.273926],[82.35957,17.096191],[82.281934,16.936084],[82.359766,16.782813],[82.258789,16.559863],[82.141504,16.485352],[81.761914,16.329492],[81.401855,16.365234],[81.238574,16.263965],[81.132129,15.961768],[81.030078,15.881445],[80.978711,15.75835],[80.825977,15.765918],[80.781836,15.867334],[80.646582,15.89502],[80.384863,15.792773],[80.293457,15.710742],[80.101074,15.323633],[80.053418,15.074023],[80.098633,14.798242],[80.16543,14.577832],[80.170117,14.349414],[80.111719,14.212207],[80.244141,13.773486],[80.062109,13.60625],[80.114258,13.528711],[80.290332,13.436719],[80.342383,13.361328],[80.229102,12.690332],[80.143066,12.452002],[79.981738,12.235449],[79.858496,11.98877],[79.754102,11.575293],[79.848633,11.196875],[79.838184,10.322559],[79.390527,10.305957],[79.253613,10.174805],[79.257812,10.035205],[78.996289,9.683105],[78.919141,9.452881],[79.019922,9.33335],[78.97959,9.268555],[78.421484,9.105029],[78.19248,8.890869],[78.126367,8.511328],[78.060156,8.38457],[77.770312,8.189844],[77.517578,8.07832],[77.301465,8.145313],[76.966895,8.407275],[76.617285,8.84707],[76.553418,8.902783],[76.471777,9.16084],[76.403125,9.236816],[76.324609,9.4521],[76.242383,9.9271],[76.343066,9.827344],[76.375586,9.539893],[76.458789,9.53623],[76.346484,9.922119],[76.195605,10.086133],[76.201465,10.200635],[75.922559,10.784082],[75.844629,11.057568],[75.723828,11.361768],[75.524512,11.703125],[75.314648,11.958447],[75.19668,12.05752],[74.945508,12.564551],[74.868262,12.84458],[74.770508,13.077344],[74.682324,13.506934],[74.670898,13.667627],[74.498535,14.046338],[74.382227,14.494727],[73.949219,15.074756],[73.884277,15.306445],[73.931934,15.396973],[73.771777,15.573047],[73.607715,15.871094],[73.476074,16.054248],[73.337598,16.459863],[73.23916,17.198535],[73.149023,17.527441],[73.156055,17.621924],[72.993945,18.097705],[72.917187,18.576123],[72.870898,18.683057],[73.005566,19.021094],[72.834668,18.975586],[72.811621,19.298926],[72.667773,19.830957],[72.708984,20.078027],[72.881152,20.563184],[72.878906,20.828516],[72.813867,21.117188],[72.692383,21.177637],[72.613281,21.461816],[72.810547,21.619922],[72.839746,21.687256],[72.543066,21.696582],[72.59248,21.877588],[72.522266,21.976221],[72.590137,22.278125],[72.332617,22.270215],[72.244336,22.027637],[72.037207,21.823047],[72.170898,21.774316],[72.256641,21.66123],[72.254004,21.531006],[72.015234,21.155713],[71.571094,20.970557],[71.396484,20.869775],[71.024609,20.738867],[70.719336,20.74043],[70.485059,20.840186],[70.127344,21.094678],[69.748438,21.505713],[69.385449,21.839551],[69.191699,21.991504],[69.008789,22.196777],[68.983496,22.3854],[69.131348,22.41626],[69.276563,22.285498],[69.549219,22.408398],[69.819043,22.451758],[70.005859,22.547705],[70.177246,22.572754],[70.327734,22.815771],[70.251172,22.970898],[69.849805,22.856445],[69.664648,22.759082],[69.235937,22.848535],[68.81709,23.053711],[68.640723,23.189941],[68.41748,23.571484],[68.234961,23.596973],[68.165039,23.857324]]],[[[93.890039,6.831055],[93.828809,6.748682],[93.709277,7.000684],[93.68418,7.183594],[93.858984,7.206836],[93.92959,6.973486],[93.890039,6.831055]]],[[[92.502832,10.554883],[92.369531,10.547412],[92.352832,10.751123],[92.510352,10.897461],[92.574316,10.704248],[92.502832,10.554883]]],[[[92.722754,11.536084],[92.668359,11.538721],[92.533887,11.873389],[92.60752,11.949512],[92.694727,12.214697],[92.740039,12.779639],[92.807031,12.878906],[92.857324,13.358105],[92.924609,13.48584],[93.062305,13.545459],[93.073828,13.2521],[93.004687,13.089355],[92.88623,12.942285],[92.965039,12.850488],[92.990234,12.538525],[92.863672,12.436035],[92.879492,12.22793],[92.747656,11.992773],[92.797559,11.874658],[92.722754,11.536084]]]]},"properties":{"name":"India"},"id":"IN"},
    {"type":"Feature","geometry":{"type":"MultiPolygon","coordinates":[[[[121.862695,31.492285],[121.780469,31.46377],[121.336426,31.64375],[121.46416,31.756445],[121.576563,31.637305],[121.862695,31.492285]]],[[[122.295898,29.963428],[122.024023,30.01333],[122.110547,30.139746],[122.284473,30.068018],[122.295898,29.963428]]],[[[119.820898,25.456982],[119.700293,25.432715],[119.722559,25.638818],[119.828711,25.607373],[119.820898,25.456982]]],[[[107.972656,21.507959],[107.802051,21.645166],[107.471387,21.59834],[107.351172,21.608887],[107.178516,21.71709],[107.006445,21.893408],[106.729492,22.000342],[106.654199,22.241455],[106.536328,22.39541],[106.582422,22.573242],[106.701563,22.637744],[106.780273,22.778906],[106.541797,22.90835],[106.249414,22.869434],[106.148438,22.970068],[105.842969,22.922803],[105.691211,23.029932],[105.548145,23.072656],[105.494531,23.180859],[105.275391,23.345215],[104.864746,23.136377],[104.795703,22.911133],[104.687305,22.822217],[104.526855,22.804102],[104.371777,22.704053],[104.2125,22.809424],[104.053906,22.752295],[103.971387,22.550488],[103.915039,22.538232],[103.620215,22.782031],[103.470996,22.597412],[103.356055,22.754687],[103.137598,22.592969],[103.005371,22.452979],[102.830078,22.587158],[102.517188,22.741016],[102.42793,22.732813],[102.237012,22.466016],[102.127441,22.379199],[102.024414,22.439209],[101.841797,22.388477],[101.671484,22.462305],[101.619922,22.327441],[101.524512,22.253662],[101.60293,21.989697],[101.736523,21.826514],[101.747266,21.605762],[101.722949,21.314941],[101.802051,21.235986],[101.704785,21.150146],[101.542383,21.234277],[101.281445,21.184131],[101.224414,21.22373],[101.138867,21.56748],[101.120703,21.746094],[100.835156,21.655176],[100.677148,21.504932],[100.531348,21.458105],[100.350586,21.501025],[100.214746,21.462988],[100.089258,21.55791],[100.095508,21.660645],[99.978223,21.701611],[99.925586,21.820801],[99.917676,22.028027],[99.592676,22.08916],[99.192969,22.125977],[99.172363,22.19248],[99.337695,22.498047],[99.338281,22.688672],[99.385156,22.825098],[99.507129,22.959131],[99.34082,23.095898],[99.055078,23.130566],[98.86377,23.19126],[98.885547,23.307471],[98.797852,23.52041],[98.832227,23.624365],[98.680859,23.841797],[98.764355,24.116064],[98.583398,24.069824],[98.499414,24.115674],[98.2125,24.110645],[98.016895,24.06543],[97.686035,23.898096],[97.568262,23.988477],[97.690625,24.130811],[97.666602,24.37998],[97.531445,24.491699],[97.583301,24.774805],[97.723828,24.841992],[97.714941,25.034326],[97.819531,25.251855],[98.010742,25.292529],[98.172559,25.594531],[98.333789,25.586768],[98.465527,25.788867],[98.625391,25.826709],[98.654688,25.917773],[98.571973,26.114062],[98.663184,26.139453],[98.731836,26.583398],[98.716504,27.044922],[98.674805,27.190625],[98.651172,27.572461],[98.504492,27.647656],[98.298828,27.550098],[98.130469,27.967578],[98.098926,28.142285],[97.864941,28.363574],[97.769043,28.356152],[97.694629,28.469336],[97.537891,28.510205],[97.322461,28.217969],[97.075391,28.368945],[96.980859,28.337695],[96.775781,28.367041],[96.602637,28.459912],[96.427734,28.406006],[96.278906,28.428174],[96.395605,28.606543],[96.580859,28.763672],[96.435742,29.050684],[96.162207,28.909717],[96.122363,29.08208],[96.234961,29.245801],[96.035352,29.447168],[95.710352,29.313818],[95.51582,29.206348],[95.420215,29.054297],[95.279102,29.049561],[94.998828,29.14917],[94.769434,29.175879],[94.623047,29.312402],[94.293262,29.144629],[93.902246,28.803223],[93.664941,28.690234],[93.360547,28.654053],[93.206543,28.59082],[93.119238,28.402295],[92.881836,28.228125],[92.701855,28.147119],[92.664355,27.948926],[92.414844,27.824609],[92.10127,27.807617],[91.977637,27.730371],[91.631934,27.759961],[91.605566,27.951709],[91.225879,28.07124],[91.077734,27.974463],[90.715723,28.071729],[90.352734,28.080225],[90.348242,28.243945],[89.981055,28.311182],[89.536914,28.107422],[89.160449,27.711279],[89.102344,27.592578],[88.947559,27.464014],[88.891406,27.316064],[88.764844,27.429883],[88.749023,27.521875],[88.848828,27.868652],[88.803711,28.006934],[88.621094,28.091846],[88.425977,28.01167],[88.108984,27.933008],[88.109766,27.870605],[87.860742,27.886084],[87.682715,27.821387],[87.141406,27.83833],[87.020117,27.928662],[86.554492,28.085205],[86.516895,27.963525],[86.408691,27.928662],[86.078711,28.083594],[86.06416,27.934717],[85.954102,27.928223],[85.840234,28.135352],[85.67832,28.277441],[85.410645,28.276025],[85.122461,28.315967],[85.088574,28.372266],[85.159082,28.592236],[84.855078,28.553613],[84.714258,28.595557],[84.228711,28.911768],[84.101367,29.219971],[83.935938,29.279492],[83.583496,29.183594],[83.355176,29.43916],[83.155469,29.612646],[82.854297,29.683398],[82.486523,29.941504],[82.158984,30.115186],[82.043359,30.326758],[81.641895,30.3875],[81.417188,30.337598],[81.255078,30.093311],[81.110352,30.036816],[81.010254,30.164502],[80.985449,30.237109],[80.682129,30.414844],[80.191211,30.568408],[80.194336,30.759229],[80.081445,30.781934],[79.794629,30.968262],[79.56543,30.949072],[79.33877,31.105713],[79.107129,31.402637],[78.791602,31.293652],[78.726758,31.471826],[78.80293,31.618066],[78.693457,31.740381],[78.735449,31.957959],[78.495898,32.215771],[78.389648,32.519873],[78.700879,32.597021],[78.771289,32.468066],[78.918945,32.358203],[79.066992,32.388184],[79.219336,32.501074],[79.233887,32.703076],[79.202246,32.946045],[79.108594,33.022656],[79.1125,33.22627],[78.801855,33.499707],[78.753027,34.087695],[78.970605,34.228223],[78.936426,34.351953],[78.670801,34.518164],[78.326953,34.606396],[78.282031,34.653906],[78.012207,35.251025],[78.047461,35.449414],[77.799414,35.495898],[77.446484,35.475586],[77.090039,35.552051],[76.766895,35.661719],[76.563477,35.772998],[76.55127,35.887061],[76.25166,35.810938],[76.147852,35.829004],[76.070898,35.983008],[75.945117,36.017578],[75.974414,36.382422],[75.840234,36.649707],[75.667188,36.741992],[75.424219,36.738232],[75.34668,36.913477],[75.053906,36.987158],[74.889258,36.952441],[74.692188,37.035742],[74.541406,37.022168],[74.372168,37.157715],[74.72666,37.290723],[74.891309,37.231641],[75.11875,37.385693],[74.894238,37.601416],[74.938281,37.77251],[74.789648,38.103613],[74.77207,38.274756],[74.835938,38.404297],[74.74502,38.51001],[74.277441,38.659766],[74.131348,38.661182],[74.025586,38.539844],[73.80166,38.606885],[73.696094,38.854297],[73.795605,39.002148],[73.607324,39.229199],[73.631641,39.448877],[73.822949,39.488965],[73.914648,39.606494],[73.835352,39.800146],[73.991602,40.043115],[74.411914,40.137207],[74.679883,40.310596],[74.841797,40.344971],[74.865625,40.493506],[75.004492,40.449512],[75.241016,40.480273],[75.520801,40.627539],[75.583496,40.605322],[75.655957,40.329248],[75.871973,40.303223],[76.258301,40.430762],[76.480176,40.449512],[76.639844,40.742236],[76.824023,40.982324],[76.986621,41.03916],[77.581738,40.992773],[77.815234,41.055615],[78.123438,41.075635],[78.346289,41.281445],[78.362402,41.371631],[78.742578,41.560059],[79.293555,41.782812],[79.766113,41.898877],[79.84043,41.995752],[80.216211,42.032422],[80.209375,42.190039],[80.259082,42.2354],[80.165039,42.665527],[80.250293,42.797266],[80.54375,42.911719],[80.390234,43.043115],[80.785742,43.161572],[80.667773,43.310059],[80.703809,43.427051],[80.495996,43.89209],[80.355273,44.097266],[80.336328,44.438379],[80.455469,44.746094],[80.255078,44.808105],[79.997168,44.797217],[79.871875,44.883789],[80.05918,45.006445],[80.634766,45.126514],[80.85332,45.129297],[81.602051,45.31084],[81.989258,45.161865],[82.266602,45.219092],[82.478711,45.123584],[82.621094,45.293115],[82.58252,45.442578],[82.32666,45.519922],[82.555078,46.158691],[82.692187,46.38667],[83.004102,47.033496],[83.029492,47.185938],[83.193066,47.186572],[83.634082,47.043213],[84.016016,46.970508],[84.338867,46.996143],[84.666602,46.972363],[84.786133,46.830713],[85.012207,46.909229],[85.233496,47.036377],[85.484766,47.063525],[85.656641,47.254639],[85.586621,47.493652],[85.525977,47.915625],[85.626367,48.204004],[85.749414,48.385059],[86.265625,48.454541],[86.549414,48.528613],[86.717969,48.697168],[86.753125,49.008838],[86.885938,49.090576],[87.322852,49.085791],[87.814258,49.162305],[87.859863,48.965527],[87.743164,48.881641],[87.831836,48.79165],[88.02793,48.735596],[87.979688,48.555127],[88.51709,48.384473],[88.575977,48.220166],[89.047656,48.002539],[89.560938,48.003955],[89.778125,47.827002],[90.02793,47.877686],[90.103223,47.74541],[90.313281,47.676172],[90.425195,47.504102],[90.496191,47.285156],[90.715527,47.003857],[90.869922,46.954492],[90.985742,46.749023],[91.033887,46.529004],[90.911523,46.270654],[91.001758,46.035791],[90.709668,45.730811],[90.661816,45.525244],[90.877246,45.196094],[91.05,45.217432],[91.312109,45.118115],[91.584375,45.076514],[92.029785,45.068506],[92.423828,45.008936],[92.787891,45.035742],[93.294336,44.983154],[93.656445,44.900977],[93.95791,44.674951],[94.199316,44.645166],[94.364746,44.519482],[94.712012,44.35083],[95.049805,44.259424],[95.350293,44.278076],[95.356445,44.005957],[95.525586,43.953955],[95.841992,43.383691],[95.9125,43.206494],[96.299512,42.928711],[96.385449,42.720361],[97.205664,42.789795],[97.718945,42.736279],[99.467871,42.568213],[99.983789,42.677344],[101.091992,42.551318],[101.495313,42.53877],[101.713867,42.46582],[101.972949,42.215869],[102.156641,42.158105],[103.072852,42.005957],[103.711133,41.751318],[104.498242,41.877002],[104.498242,41.658691],[105.050586,41.615918],[105.19707,41.738037],[105.867578,41.993994],[106.77002,42.288721],[108.171191,42.447314],[108.687305,42.416113],[109.443164,42.455957],[109.698047,42.553809],[110.400391,42.773682],[111.007227,43.341406],[111.547363,43.496289],[111.771094,43.6646],[111.933203,43.711426],[111.836914,43.934668],[111.519727,44.191895],[111.402246,44.367285],[111.621289,44.827148],[111.898047,45.064062],[112.411328,45.058203],[112.596777,44.917676],[113.049414,44.810352],[113.587012,44.745703],[114.030273,44.942578],[114.419141,45.202588],[114.517188,45.3646],[114.73877,45.419629],[114.919238,45.378271],[115.681055,45.458252],[115.93418,45.626172],[116.109863,45.686719],[116.240625,45.795996],[116.212988,45.886914],[116.357617,46.096582],[116.562598,46.289795],[116.859082,46.387939],[117.333398,46.362012],[117.405566,46.570898],[117.671094,46.52207],[117.910449,46.619336],[118.308691,46.717041],[118.722949,46.691895],[118.843945,46.760205],[119.162109,46.638672],[119.706641,46.606006],[119.867188,46.672168],[119.897852,46.857813],[119.711133,47.15],[119.526953,47.255908],[119.122949,47.558496],[119.081934,47.65415],[118.759961,47.757617],[118.498438,47.983984],[118.14707,48.028906],[117.768359,47.987891],[117.350781,47.652197],[117.069727,47.806396],[116.760547,47.869775],[116.513477,47.839551],[116.231152,47.858203],[115.898242,47.686914],[115.557617,47.94502],[115.525098,48.130859],[115.785547,48.248242],[115.820508,48.577246],[115.953809,48.689355],[116.243359,49.170361],[116.683301,49.823779],[117.245605,49.624854],[117.477148,49.609424],[117.873438,49.513477],[118.451563,49.844482],[118.755957,49.962842],[118.979492,49.978857],[119.259863,50.066406],[119.346289,50.278955],[119.191895,50.379834],[119.280664,50.560986],[119.445703,50.702832],[119.573438,50.946777],[119.745996,51.107715],[119.813184,51.267041],[120.066895,51.600684],[120.510547,51.848535],[120.749805,52.096533],[120.66543,52.299902],[120.656152,52.56665],[120.360059,52.627002],[120.067578,52.63291],[120.094531,52.787207],[120.421289,52.968066],[120.704102,53.171826],[120.985449,53.28457],[121.405469,53.317041],[122.337793,53.48501],[122.744727,53.468506],[123.154102,53.54458],[123.607813,53.546533],[123.994727,53.405615],[124.291406,53.340869],[124.465918,53.229639],[124.812305,53.133838],[124.970898,53.197314],[125.225586,53.16582],[125.649023,53.042285],[125.728125,52.890723],[125.871875,52.871533],[126.048145,52.739453],[126.016016,52.610205],[126.312891,52.399756],[126.455566,52.126465],[126.510547,51.92583],[126.700781,51.703027],[126.805469,51.505664],[126.924805,51.100146],[127.307031,50.707959],[127.306055,50.453516],[127.395313,50.298584],[127.590234,50.208984],[127.512305,50.07168],[127.502441,49.873438],[127.711133,49.671533],[127.999609,49.568604],[128.237109,49.559277],[128.704004,49.600146],[128.819336,49.46377],[129.120117,49.362061],[129.498145,49.388818],[129.792578,49.198877],[130.037109,48.972266],[130.195996,48.89165],[130.553125,48.861182],[130.617188,48.773193],[130.552148,48.60249],[130.804297,48.341504],[130.712109,48.127637],[131.002734,47.691455],[131.319336,47.727832],[131.785254,47.680518],[132.380176,47.729492],[132.561914,47.768506],[132.707227,47.947266],[132.877148,47.979102],[133.144043,48.105664],[133.468359,48.097168],[133.842188,48.27373],[134.293359,48.373438],[134.563574,48.321729],[134.669336,48.15332],[134.566016,48.02251],[134.752344,47.71543],[134.483496,47.447363],[134.29082,47.413574],[134.167676,47.302197],[134.202148,47.128076],[134.038574,46.858154],[134.022656,46.713184],[133.866602,46.499121],[133.861328,46.247754],[133.700684,46.139746],[133.685742,46.008936],[133.513086,45.878809],[133.436426,45.604687],[133.186035,45.494824],[133.113379,45.321436],[133.113477,45.130713],[132.936035,45.029932],[131.977539,45.243994],[131.851855,45.326855],[131.654004,45.205371],[131.446875,44.984033],[131.082324,44.91001],[130.967773,44.799951],[131.060645,44.659668],[131.255273,44.071582],[131.174219,43.704736],[131.182422,43.505566],[131.261816,43.433057],[131.175586,43.142187],[131.068555,42.902246],[130.577246,42.811621],[130.424805,42.727051],[130.576563,42.623242],[130.526953,42.5354],[130.24668,42.744824],[130.240332,42.891797],[130.082617,42.97417],[129.898242,42.998145],[129.779199,42.776562],[129.719727,42.475],[129.52373,42.384668],[129.313672,42.413574],[129.195508,42.218457],[128.923438,42.038232],[128.045215,41.9875],[128.03291,41.898486],[128.290918,41.562793],[128.11123,41.389258],[127.918652,41.461133],[127.687695,41.43999],[127.179688,41.531348],[127.006934,41.742041],[126.903516,41.781055],[126.60127,41.640967],[126.49043,41.358057],[125.989062,40.904639],[125.72832,40.866699],[125.416895,40.659912],[125.314453,40.644629],[124.889355,40.459814],[124.386621,40.104248],[124.362109,40.004053],[124.105762,39.841016],[123.760156,39.822412],[123.348145,39.762939],[123.226562,39.686621],[123.032227,39.673535],[122.334863,39.366113],[122.120898,39.151904],[121.864355,38.996484],[121.677246,39.003418],[121.649902,38.865088],[121.320117,38.808203],[121.163574,38.731641],[121.106738,38.920801],[121.679883,39.108691],[121.627637,39.220166],[121.785449,39.40083],[121.275488,39.384766],[121.26748,39.544678],[121.517578,39.638965],[121.517383,39.844824],[121.800977,39.950537],[122.190918,40.358252],[122.275,40.541846],[122.14043,40.688184],[121.858789,40.84209],[121.174512,40.90127],[120.770703,40.589062],[120.479102,40.230957],[119.850391,39.987451],[119.591113,39.902637],[119.391113,39.75249],[119.261328,39.560889],[119.224609,39.408057],[119.040137,39.222363],[118.912305,39.166406],[118.626367,39.176855],[118.297852,39.06709],[118.040918,39.226758],[117.784668,39.134473],[117.616699,38.852881],[117.557813,38.625146],[117.656055,38.424219],[117.766699,38.31167],[118.014941,38.183398],[118.543262,38.094922],[118.8,38.12666],[118.940039,38.042773],[119.08916,37.700732],[118.99082,37.641357],[118.952637,37.331152],[119.111816,37.201172],[119.449902,37.124756],[119.760547,37.155078],[119.8875,37.253369],[119.88291,37.35083],[120.155859,37.49502],[120.370117,37.701025],[120.75,37.833936],[121.049023,37.725195],[121.219531,37.600146],[121.388086,37.578955],[121.640234,37.460352],[121.964844,37.445312],[122.056641,37.528906],[122.337695,37.405273],[122.602344,37.426416],[122.587305,37.181104],[122.44668,37.068115],[122.519727,36.946826],[122.340918,36.832227],[122.162402,36.958643],[121.932715,36.959473],[121.669629,36.836377],[120.989941,36.597949],[120.895801,36.444141],[120.776172,36.456299],[120.682227,36.340723],[120.680957,36.168359],[120.393066,36.053857],[120.327734,36.228174],[120.094141,36.118896],[120.219043,35.934912],[120.054688,35.861133],[119.866211,35.643652],[119.719727,35.588721],[119.526465,35.358594],[119.429688,35.301416],[119.352832,35.113818],[119.21582,35.011768],[119.165332,34.848828],[119.200977,34.748438],[119.351367,34.749414],[119.58291,34.582227],[119.963672,34.447803],[120.201465,34.325684],[120.322656,34.168994],[120.504785,33.638184],[120.615625,33.490527],[120.871094,33.016504],[120.897363,32.843213],[120.853223,32.661377],[120.989941,32.567041],[121.293359,32.457324],[121.400977,32.371924],[121.403906,32.20625],[121.490527,32.121094],[121.674219,32.051025],[121.832422,31.899756],[121.866309,31.703564],[121.680859,31.712158],[121.351953,31.858789],[120.973535,31.869385],[120.791699,32.031738],[120.520117,32.105859],[120.497168,32.019824],[120.715527,31.98374],[120.787793,31.819775],[121.055371,31.719434],[121.350977,31.485352],[121.660645,31.319727],[121.785937,31.162891],[121.87793,30.916992],[121.527539,30.840967],[121.309961,30.699707],[120.997656,30.558252],[120.821484,30.354639],[120.449805,30.387842],[120.633398,30.133154],[120.904492,30.160645],[121.159375,30.301758],[121.432715,30.22666],[121.67793,29.979102],[121.944336,29.894092],[121.905762,29.779688],[121.676562,29.583789],[121.941211,29.605908],[121.968359,29.490625],[121.917773,29.13501],[121.71748,29.256348],[121.533691,29.236719],[121.520898,29.118457],[121.664941,29.010596],[121.630078,28.76792],[121.475195,28.641406],[121.602051,28.366602],[121.35459,28.229883],[121.216797,28.346191],[121.098437,28.290527],[120.958594,28.037012],[120.685156,27.74458],[120.5875,27.580762],[120.629102,27.482129],[120.539844,27.318359],[120.278711,27.09707],[120.138574,26.886133],[120.086719,26.671582],[119.882227,26.610449],[119.815137,26.797607],[119.638184,26.621191],[119.784766,26.546631],[119.881055,26.33418],[119.692676,26.236426],[119.463086,26.054688],[119.61875,26.003564],[119.648242,25.918701],[119.539453,25.59126],[119.619141,25.437451],[119.263086,25.468018],[119.146289,25.414307],[119.243555,25.307031],[119.235547,25.205957],[119.024609,25.223437],[118.914453,25.126807],[118.909082,24.928906],[118.636914,24.835547],[118.719141,24.746143],[118.657031,24.621436],[118.560352,24.580371],[118.295313,24.572754],[118.087109,24.627002],[118.005957,24.481982],[118.056055,24.246094],[117.839453,24.012305],[117.741699,24.014795],[117.628223,23.836719],[117.466406,23.840576],[117.330762,23.708789],[117.08252,23.57876],[116.910645,23.64668],[116.860938,23.453076],[116.682324,23.327393],[116.669141,23.228174],[116.538281,23.179688],[116.470703,22.945898],[116.251855,22.981348],[116.157422,22.887451],[115.852148,22.801562],[115.64043,22.853418],[115.49834,22.718848],[115.38252,22.718848],[115.195801,22.817285],[114.853809,22.616797],[114.750391,22.626318],[114.65166,22.755273],[114.496191,22.527051],[114.340625,22.593213],[114.266016,22.540967],[114.01543,22.511914],[113.82832,22.607227],[113.619629,22.861426],[113.586328,23.02002],[113.331055,22.912012],[113.553027,22.594043],[113.527051,22.245947],[113.494141,22.241553],[113.478906,22.195557],[113.266406,22.08877],[113.008203,22.119336],[112.983789,21.938232],[112.808594,21.944629],[112.586328,21.776855],[112.494727,21.818311],[112.30498,21.741699],[111.943945,21.849658],[111.873438,21.717139],[111.775977,21.719238],[111.602734,21.559082],[111.319141,21.486133],[111.100586,21.484717],[110.771094,21.386523],[110.567187,21.214063],[110.458008,21.230566],[110.193555,21.037646],[110.180371,20.858594],[110.36543,20.837598],[110.313086,20.67168],[110.511523,20.518262],[110.449512,20.35542],[110.344727,20.294824],[110.123145,20.263721],[109.938477,20.295117],[109.946387,20.474365],[109.791992,20.621875],[109.805273,20.711475],[109.662598,20.916895],[109.68125,21.131641],[109.77959,21.337451],[109.921094,21.376465],[109.930762,21.480566],[109.544043,21.537939],[109.34668,21.453955],[109.148633,21.425537],[109.133496,21.543604],[109.030566,21.626514],[108.77168,21.630469],[108.61582,21.770459],[108.59375,21.901025],[108.479883,21.904639],[108.525684,21.671387],[108.444336,21.607324],[108.324805,21.693506],[108.246289,21.558398],[107.972656,21.507959]]],[[[110.88877,19.991943],[110.970703,19.883301],[111.013672,19.655469],[110.822266,19.55791],[110.572168,19.171875],[110.45127,18.747949],[110.251758,18.655762],[110.048535,18.505225],[110.067383,18.447559],[109.815625,18.39668],[109.702734,18.259131],[109.519336,18.218262],[109.400098,18.281104],[109.029883,18.367773],[108.701563,18.535254],[108.635645,18.907715],[108.65,19.265039],[108.693555,19.338281],[109.062891,19.613574],[109.179102,19.674121],[109.218945,19.842822],[109.314844,19.904395],[109.513672,19.904248],[109.651367,19.984375],[109.90625,19.962744],[110.171582,20.053711],[110.417578,20.054736],[110.588184,19.976367],[110.678516,20.137061],[110.88877,19.991943]]]]},"properties":{"name":"People's Republic of China"},"id":"CN"},
    {"type":"Feature","geometry":{"type":"Polygon","coordinates":[[[35.840723,33.415674],[35.816125,33.361879],[35.785024,33.291089],[35.887977,32.944379],[35.787305,32.734912],[35.572852,32.640869],[35.551465,32.395508],[35.362109,32.507471],[35.193262,32.534424],[35.065039,32.460449],[34.955957,32.160938],[34.989746,31.913281],[35.198047,31.776318],[34.950977,31.602295],[34.872754,31.396875],[35.101172,31.366211],[35.450586,31.479297],[35.400684,31.230518],[35.439258,31.132422],[35.174023,30.523926],[35.141602,30.141699],[35.068164,29.977881],[34.973438,29.555029],[34.904297,29.477344],[34.658594,30.191455],[34.529688,30.446045],[34.489941,30.596289],[34.245313,31.208301],[34.350195,31.362744],[34.525586,31.525635],[34.477344,31.584863],[34.678418,31.895703],[34.803809,32.196338],[34.921875,32.614063],[35.108594,33.083691],[35.41123,33.075684],[35.53252,33.250488],[35.840723,33.415674]]]},"properties":{"name":"Israel"},"id":"IL"},
    {"type":"Feature","geometry":{"type":"MultiPolygon","coordinates":[[[[34.477344,31.584863],[34.525586,31.525635],[34.350195,31.362744],[34.245313,31.208301],[34.198145,31.322607],[34.477344,31.584863]]],[[[35.551465,32.395508],[35.57207,32.237891],[35.531445,31.984912],[35.558984,31.765527],[35.450586,31.479297],[35.101172,31.366211],[34.872754,31.396875],[34.950977,31.602295],[35.198047,31.776318],[34.989746,31.913281],[34.955957,32.160938],[35.065039,32.460449],[35.193262,32.534424],[35.362109,32.507471],[35.551465,32.395508]]]]},"properties":{"name":"Palestine"},"id":"PS"},
    {"type":"Feature","geometry":{"type":"Polygon","coordinates":[[[35.97627,34.629199],[36.433008,34.613477],[36.32627,34.51333],[36.504395,34.432373],[36.584961,34.22124],[36.282227,33.894189],[36.092188,33.831592],[35.942383,33.667578],[36.022266,33.5625],[35.869141,33.431738],[35.840723,33.415674],[35.53252,33.250488],[35.41123,33.075684],[35.108594,33.083691],[35.251367,33.392627],[35.335742,33.503467],[35.51084,33.879736],[35.611816,34.032178],[35.647852,34.248242],[35.804297,34.437402],[35.97793,34.547412],[35.97627,34.629199]]]},"properties":{"name":"Lebanon"},"id":"LB"},
    {"type":"Feature","geometry":{"type":"Polygon","coordinates":[[[35.892676,35.916553],[36.127344,35.831445],[36.201953,35.937549],[36.347559,36.003516],[36.375391,36.17124],[36.641406,36.263525],[36.5375,36.457422],[36.658594,36.802539],[36.941797,36.758398],[37.066211,36.652637],[37.436328,36.643311],[38.191699,36.901562],[38.44375,36.862256],[38.766602,36.693115],[39.356641,36.681592],[39.686523,36.738623],[40.016406,36.826074],[40.705664,37.097705],[40.958887,37.10918],[41.264648,37.069336],[41.515527,37.08916],[42.059863,37.206055],[42.268555,37.276562],[42.358984,37.108594],[42.350098,37.060596],[41.788574,36.597168],[41.416797,36.514648],[41.295996,36.38335],[41.245605,36.073389],[41.352637,35.809961],[41.354102,35.64043],[41.216406,35.288184],[41.194727,34.768994],[40.987012,34.429053],[40.689453,34.332031],[39.564453,33.768359],[38.773535,33.372217],[38.055762,32.994873],[36.818359,32.317285],[36.37207,32.386914],[36.219727,32.495117],[36.059473,32.533789],[35.894727,32.71377],[35.787305,32.734912],[35.887977,32.944379],[35.785024,33.291089],[35.816125,33.361879],[35.869141,33.431738],[36.022266,33.5625],[35.942383,33.667578],[36.092188,33.831592],[36.282227,33.894189],[36.584961,34.22124],[36.504395,34.432373],[36.32627,34.51333],[36.433008,34.613477],[35.97627,34.629199],[35.899316,34.8521],[35.889941,35.060303],[35.943066,35.223828],[35.902441,35.420703],[35.764453,35.571582],[35.892676,35.916553]]]},"properties":{"name":"Syria"},"id":"SY"},
    {"type":"Feature","geometry":{"type":"MultiPolygon","coordinates":[[[[126.633887,37.781836],[126.666797,37.917187],[127.009668,38.240527],[127.169531,38.304541],[127.745508,38.319238],[128.038965,38.308545],[128.168652,38.359326],[128.374609,38.623438],[128.618848,38.176074],[129.051563,37.677637],[129.335156,37.274561],[129.418262,37.059033],[129.473438,36.741895],[129.44502,36.470703],[129.392578,36.322705],[129.403516,36.052148],[129.561719,35.947656],[129.419141,35.497852],[129.21416,35.181836],[128.980078,35.101514],[128.510938,35.100977],[128.418848,35.015674],[128.443945,34.870361],[128.094531,34.933594],[128.03623,35.021973],[127.714844,34.954687],[127.639355,34.889697],[127.742188,34.782568],[127.632422,34.690234],[127.523633,34.840088],[127.389648,34.743018],[127.479102,34.625244],[127.324609,34.463281],[127.030762,34.606885],[126.897461,34.438867],[126.754785,34.511865],[126.508301,34.350635],[126.481738,34.493945],[126.332617,34.589648],[126.425586,34.69458],[126.397852,34.932812],[126.291113,35.15415],[126.360547,35.216895],[126.492773,35.50127],[126.488477,35.64707],[126.717383,35.768848],[126.753027,35.871973],[126.693457,36.01416],[126.54043,36.166162],[126.548242,36.477637],[126.487695,36.693799],[126.38877,36.651172],[126.180859,36.691602],[126.217188,36.870947],[126.351562,36.958203],[126.577734,37.01958],[126.784473,36.948437],[126.868945,36.975732],[126.746387,37.193555],[126.790527,37.294922],[126.650293,37.447119],[126.656836,37.551172],[126.563379,37.716504],[126.633887,37.781836]]],[[[128.741016,34.798535],[128.64668,34.736865],[128.489258,34.865283],[128.721875,35.013574],[128.741016,34.798535]]],[[[128.06582,34.805859],[128.054688,34.708057],[127.873438,34.734961],[127.832227,34.874512],[127.91543,34.920996],[128.06582,34.805859]]],[[[126.233691,34.370508],[126.122852,34.443945],[126.247461,34.56333],[126.379883,34.497949],[126.233691,34.370508]]],[[[126.326953,33.223633],[126.165625,33.312012],[126.337695,33.4604],[126.695508,33.549316],[126.901172,33.515137],[126.872852,33.341162],[126.581738,33.23833],[126.326953,33.223633]]]]},"properties":{"name":"South Korea"},"id":"KR"},
    {"type":"Feature","geometry":{"type":"Polygon","coordinates":[[[128.374609,38.623438],[128.168652,38.359326],[128.038965,38.308545],[127.745508,38.319238],[127.169531,38.304541],[127.009668,38.240527],[126.666797,37.917187],[126.633887,37.781836],[126.369922,37.878369],[126.203125,37.828516],[125.941699,37.873682],[125.769141,37.985352],[125.449316,37.730225],[125.310742,37.843506],[124.98877,37.931445],[125.193164,38.037793],[124.690918,38.129199],[124.874512,38.233398],[124.880566,38.34165],[125.067383,38.556738],[125.309668,38.665381],[125.157324,38.871533],[125.409668,39.288379],[125.36084,39.526611],[125.100098,39.590332],[124.775293,39.758057],[124.638281,39.615088],[124.557422,39.790576],[124.348633,39.906885],[124.362109,40.004053],[124.386621,40.104248],[124.889355,40.459814],[125.314453,40.644629],[125.416895,40.659912],[125.72832,40.866699],[125.989062,40.904639],[126.49043,41.358057],[126.60127,41.640967],[126.903516,41.781055],[127.006934,41.742041],[127.179688,41.531348],[127.687695,41.43999],[127.918652,41.461133],[128.11123,41.389258],[128.290918,41.562793],[128.03291,41.898486],[128.045215,41.9875],[128.923438,42.038232],[129.195508,42.218457],[129.313672,42.413574],[129.52373,42.384668],[129.719727,42.475],[129.779199,42.776562],[129.898242,42.998145],[130.082617,42.97417],[130.240332,42.891797],[130.24668,42.744824],[130.526953,42.5354],[130.687305,42.302539],[130.45752,42.301709],[130.235742,42.183203],[130.068262,42.045752],[129.876367,41.805518],[129.756348,41.712256],[129.682422,41.494336],[129.76582,41.303857],[129.712109,41.123682],[129.708691,40.857324],[129.341113,40.726318],[129.109766,40.491064],[128.701367,40.317529],[128.610742,40.1979],[128.304492,40.035938],[127.966602,39.995605],[127.86709,39.895947],[127.568164,39.781982],[127.527441,39.695703],[127.548926,39.461084],[127.383496,39.296143],[127.394531,39.20791],[127.786133,39.084131],[127.97168,38.897998],[128.249414,38.745215],[128.374609,38.623438]]]},"properties":{"name":"North Korea"},"id":"KP"},
    {"type":"Feature","geometry":{"type":"Polygon","coordinates":[[[91.631934,27.759961],[91.594727,27.557666],[91.743066,27.442529],[91.99082,27.450195],[92.083398,27.290625],[91.992285,27.099902],[92.073438,26.914844],[91.99834,26.85498],[91.671582,26.802002],[91.426758,26.86709],[91.286523,26.789941],[91.133887,26.803418],[90.739648,26.77168],[90.559863,26.796582],[90.345898,26.890332],[90.206055,26.84751],[90.122949,26.75459],[89.763867,26.701563],[89.332129,26.848633],[89.148242,26.816162],[88.857617,26.961475],[88.73877,27.175586],[88.891406,27.316064],[88.947559,27.464014],[89.102344,27.592578],[89.160449,27.711279],[89.536914,28.107422],[89.981055,28.311182],[90.348242,28.243945],[90.352734,28.080225],[90.715723,28.071729],[91.077734,27.974463],[91.225879,28.07124],[91.605566,27.951709],[91.631934,27.759961]]]},"properties":{"name":"Bhutan"},"id":"BT"},
    {"type":"Feature","geometry":{"type":"MultiPolygon","coordinates":[[[[58.72207,20.21875],[58.641211,20.337354],[58.787988,20.496582],[58.884375,20.680566],[58.950781,20.516162],[58.835156,20.423926],[58.72207,20.21875]]],[[[53.085645,16.648389],[52.800586,17.26792],[52.729199,17.300391],[52.464551,17.897412],[51.977637,18.996143],[52.806738,19.272461],[53.666895,19.559131],[54.977344,19.995947],[55.387695,21.23623],[55.641016,22.001855],[55.18584,22.704102],[55.199902,23.034766],[55.508496,23.724609],[55.468457,23.941113],[55.547852,23.991357],[55.985156,24.063379],[55.928613,24.215137],[55.76084,24.242676],[55.805664,24.349805],[55.768164,24.490625],[55.803906,24.63623],[55.795703,24.868115],[55.91582,24.971777],[56.063867,24.73877],[56.387988,24.979199],[56.489844,24.716357],[56.640625,24.470312],[56.9125,24.150195],[57.219824,23.922754],[57.611328,23.803662],[58.12041,23.716553],[58.324512,23.623828],[58.578027,23.643457],[58.773047,23.517187],[59.029883,23.130566],[59.194727,22.971875],[59.310938,22.793359],[59.535156,22.578516],[59.823242,22.508984],[59.8,22.219922],[59.652539,21.951367],[59.517578,21.782324],[59.371484,21.498828],[59.06875,21.289062],[58.895703,21.112793],[58.69043,20.807129],[58.474219,20.406885],[58.208984,20.423975],[58.24502,20.599219],[58.10293,20.570361],[57.861816,20.244141],[57.715137,19.606934],[57.811621,19.01709],[57.675781,18.957861],[57.176563,18.902588],[56.825977,18.753516],[56.655078,18.587354],[56.550781,18.165967],[56.383496,17.987988],[56.270313,17.950781],[55.613867,17.886084],[55.479102,17.843262],[55.255371,17.585645],[55.295605,17.381592],[55.17373,17.157617],[55.06416,17.038916],[54.771875,16.964648],[54.566504,17.03125],[54.068164,17.005518],[53.954395,16.917822],[53.609863,16.759961],[53.297754,16.72334],[53.085645,16.648389]]],[[[56.297852,25.650684],[56.144629,25.690527],[56.16748,26.047461],[56.080469,26.062646],[56.164453,26.207031],[56.305566,26.235205],[56.429785,26.327197],[56.373633,25.80459],[56.297852,25.650684]]]]},"properties":{"name":"Oman"},"id":"OM"},
    {"type":"Feature","geometry":{"type":"MultiPolygon","coordinates":[[[[70.946777,42.248682],[71.036035,42.284668],[71.228516,42.162891],[70.841895,42.019629],[70.80332,41.922656],[70.630859,41.875488],[70.45498,41.725049],[70.180957,41.571436],[70.471387,41.412646],[70.645898,41.460352],[70.782422,41.2625],[71.110742,41.152637],[71.408398,41.136035],[71.420898,41.341895],[71.79248,41.413135],[71.878613,41.19502],[72.164258,41.17373],[72.187305,41.025928],[72.364063,41.043457],[72.62041,40.883789],[72.990039,40.860107],[73.112891,40.786035],[72.773828,40.650391],[72.56748,40.524365],[72.402051,40.578076],[72.357715,40.40166],[72.13125,40.438623],[71.955664,40.258594],[71.69248,40.152344],[71.304688,40.286914],[70.958008,40.238867],[70.653125,40.201172],[70.382617,40.453516],[70.712012,40.669092],[70.750977,40.7396],[70.441504,41.023438],[70.29209,40.891699],[69.712891,40.656982],[69.413867,40.797168],[69.313965,40.634766],[69.20625,40.566553],[69.304199,40.327393],[69.22832,40.187598],[68.951758,40.222607],[68.652539,40.182666],[68.804688,40.050342],[68.86875,39.907471],[68.638965,39.838867],[68.586133,39.634961],[68.463281,39.536719],[68.077148,39.56416],[67.719043,39.621387],[67.426172,39.465576],[67.349609,39.24209],[67.616504,39.150293],[67.676563,39.008496],[68.103516,38.962012],[68.148535,38.890625],[68.047852,38.669287],[68.144141,38.383105],[68.333105,38.237793],[68.294043,38.03291],[68.087598,37.835449],[67.814355,37.487012],[67.758984,37.172217],[67.517285,37.26665],[67.319727,37.20957],[67.068848,37.334814],[66.827734,37.371289],[66.522266,37.348486],[66.525586,37.785742],[66.629297,37.932031],[66.574512,38.010791],[66.389746,38.050928],[66.173145,38.166699],[65.857129,38.26875],[65.612891,38.238574],[65.07666,38.539453],[64.659961,38.736035],[64.309961,38.977295],[64.162793,38.953613],[63.720801,39.188135],[63.506055,39.3771],[62.650684,39.858496],[62.441602,40.03623],[62.375,40.33208],[62.298047,40.46748],[62.09502,40.683301],[61.953516,41.030615],[61.799902,41.163428],[61.496973,41.276074],[61.328906,41.195117],[60.754883,41.245752],[60.45498,41.221631],[60.089648,41.399414],[60.137988,41.594141],[60.075586,41.700537],[60.106934,41.907422],[59.962598,41.954395],[60.006055,42.19082],[59.858301,42.295166],[59.451074,42.299512],[59.276563,42.356152],[59.123145,42.523779],[58.876953,42.561475],[58.589063,42.778467],[58.477148,42.662842],[58.259668,42.688086],[58.234082,42.447705],[58.028906,42.487646],[57.814258,42.189844],[57.381738,42.156299],[57.228809,42.084473],[56.964063,41.856543],[57.018164,41.450586],[57.118848,41.350293],[57.017969,41.263477],[56.773633,41.287988],[55.977441,41.322217],[55.976855,42.469971],[55.976367,43.617627],[55.975684,44.994922],[57.477344,45.337451],[58.555273,45.555371],[60.188477,44.783984],[61.00791,44.393799],[61.160742,44.168604],[61.990234,43.492139],[62.071973,43.489355],[63.207031,43.627979],[64.443164,43.551172],[64.905469,43.714697],[65.270508,43.417529],[65.496191,43.310547],[65.803027,42.876953],[66.100293,42.99082],[66.00957,42.004883],[66.498633,41.994873],[66.537891,41.74126],[66.668652,41.270752],[66.814258,41.142383],[67.935742,41.196582],[68.113086,41.028613],[68.047656,40.809277],[68.291895,40.656104],[68.495703,40.608643],[68.600684,40.659961],[68.584082,40.87627],[68.737109,41.041895],[68.986914,41.205029],[69.064941,41.366943],[69.368359,41.490576],[69.663867,41.672119],[70.095605,41.820508],[70.416016,42.078564],[70.613281,42.054736],[70.715234,42.168652],[70.946777,42.248682]]],[[[71.206152,39.892578],[71.011719,39.895117],[71.080371,40.079883],[71.228711,40.048145],[71.206152,39.892578]]]]},"properties":{"name":"Uzbekistan"},"id":"UZ"},
    {"type":"Feature","geometry":{"type":"Polygon","coordinates":[[[70.946777,42.248682],[70.715234,42.168652],[70.613281,42.054736],[70.416016,42.078564],[70.095605,41.820508],[69.663867,41.672119],[69.368359,41.490576],[69.064941,41.366943],[68.986914,41.205029],[68.737109,41.041895],[68.584082,40.87627],[68.600684,40.659961],[68.495703,40.608643],[68.291895,40.656104],[68.047656,40.809277],[68.113086,41.028613],[67.935742,41.196582],[66.814258,41.142383],[66.668652,41.270752],[66.537891,41.74126],[66.498633,41.994873],[66.00957,42.004883],[66.100293,42.99082],[65.803027,42.876953],[65.496191,43.310547],[65.270508,43.417529],[64.905469,43.714697],[64.443164,43.551172],[63.207031,43.627979],[62.071973,43.489355],[61.990234,43.492139],[61.160742,44.168604],[61.00791,44.393799],[60.188477,44.783984],[58.555273,45.555371],[57.477344,45.337451],[55.975684,44.994922],[55.976367,43.617627],[55.976855,42.469971],[55.977441,41.322217],[55.545215,41.262744],[55.434375,41.296289],[55.249609,41.458105],[54.952344,41.81001],[54.903711,41.919092],[54.67793,42.078223],[54.120996,42.335205],[53.685352,42.296875],[53.250098,42.205859],[52.870508,42.060596],[52.493848,41.780371],[52.462109,42.100635],[52.618359,42.428223],[52.596582,42.760156],[52.434277,42.824463],[52.273047,42.799805],[52.183691,42.86875],[51.960742,42.850586],[51.844141,42.910449],[51.616016,43.158447],[51.29541,43.174121],[51.301758,43.482373],[51.139648,43.648779],[50.939844,43.958545],[50.830762,44.192773],[50.684961,44.265088],[50.331152,44.325488],[50.252539,44.406494],[50.297461,44.581543],[50.409473,44.624023],[50.860352,44.62876],[51.177148,44.501367],[51.37666,44.541211],[51.05791,44.811572],[51.040332,44.980322],[51.249902,45.12168],[51.415723,45.357861],[51.732617,45.399463],[52.531055,45.398633],[53.078906,45.30752],[53.085742,45.407373],[52.8375,45.496729],[52.773828,45.572754],[53.041602,45.967871],[53.135254,46.19165],[53.078516,46.547461],[53.170215,46.669043],[53.069434,46.856055],[52.916016,46.954395],[52.483203,46.990674],[52.18877,46.839502],[51.744531,46.93374],[51.650098,47.018066],[51.178027,47.110156],[50.92002,47.040674],[50.58291,46.882275],[50.419336,46.879492],[49.999805,46.634277],[49.760547,46.571484],[49.347461,46.519141],[49.232227,46.337158],[48.610156,46.566455],[48.50918,46.649951],[48.605273,46.765918],[48.776367,46.710352],[48.959375,46.774609],[48.552539,47.320996],[48.109961,47.74541],[47.481934,47.803906],[47.292383,47.740918],[47.093262,47.947705],[47.119043,48.127002],[47.004297,48.284473],[46.660938,48.412256],[46.60918,48.573877],[46.702637,48.805566],[47.014258,49.09834],[47.018164,49.199902],[46.802051,49.36709],[46.889551,49.696973],[46.991992,49.852734],[47.295215,50.058496],[47.326465,50.273535],[47.503613,50.402734],[47.705762,50.377979],[47.849609,50.282324],[48.224805,49.931934],[48.434277,49.828516],[48.758984,49.92832],[48.843262,50.013135],[48.700488,50.35376],[48.655176,50.619873],[48.808398,50.601318],[49.323438,50.851709],[49.498047,51.083594],[49.822266,51.131885],[50.246875,51.289502],[50.756152,51.675146],[50.793945,51.729199],[51.163477,51.647461],[51.344531,51.475342],[51.609082,51.483984],[52.007129,51.672705],[52.331055,51.681299],[52.571191,51.481641],[53.038379,51.463721],[53.338086,51.482373],[53.534668,51.399561],[53.688086,51.251807],[54.041504,51.115186],[54.421484,50.780322],[54.471484,50.583789],[54.65,50.660156],[54.60625,50.879883],[54.727148,50.998096],[55.014844,50.869775],[55.195215,50.744727],[55.542285,50.601807],[55.797656,50.602051],[56.049707,50.713525],[56.143945,50.844629],[56.491406,51.019531],[56.620215,50.980859],[57.011719,51.065186],[57.179004,51.036035],[57.442188,50.888867],[57.653809,50.925146],[57.838867,51.09165],[58.35918,51.063818],[58.547461,50.971045],[58.883691,50.694434],[59.452344,50.62041],[59.523047,50.492871],[59.812402,50.582031],[59.955176,50.799268],[60.112109,50.83418],[60.288086,50.70415],[60.637988,50.663721],[60.942285,50.695508],[61.389453,50.861035],[61.585059,51.229687],[61.554688,51.324609],[61.363086,51.441895],[60.464746,51.651172],[60.3875,51.772998],[60.06748,51.890625],[60.065527,51.976465],[60.425488,52.125586],[60.670313,52.15083],[60.937598,52.280566],[60.979492,52.394775],[60.821289,52.569824],[60.802344,52.744727],[61.047461,52.972461],[61.400781,52.995996],[61.974219,52.94375],[62.014648,53.107861],[61.659863,53.228467],[61.199219,53.287158],[61.247949,53.550977],[60.979492,53.621729],[61.113184,53.753467],[61.14375,53.963818],[61.333691,54.049268],[61.928711,53.946484],[62.040234,54.002637],[62.499023,54.013184],[62.632715,54.069287],[63.073926,54.105225],[63.191309,54.171045],[64.003906,54.26709],[64.199414,54.347412],[64.46123,54.38418],[64.649902,54.352246],[64.926758,54.396631],[65.157813,54.364404],[65.237402,54.516064],[65.476953,54.623291],[65.707813,54.618701],[66.222656,54.667383],[67.693359,54.872412],[67.829883,54.943555],[68.073828,54.95957],[68.244043,55.052441],[68.20625,55.160938],[68.524805,55.204834],[68.977246,55.3896],[69.493262,55.356885],[70.182422,55.162451],[70.486328,55.282373],[70.738086,55.305176],[70.910156,55.127979],[71.185547,54.599316],[71.093164,54.212207],[71.336426,54.15835],[72.004492,54.205664],[72.105371,54.308447],[72.269141,54.272119],[72.387305,54.123047],[72.404297,53.964453],[72.585938,53.995947],[72.622266,54.134326],[72.914062,54.107324],[73.119336,53.980762],[73.380664,53.962842],[73.617969,54.067383],[73.678906,53.929443],[73.399414,53.811475],[73.285742,53.598389],[73.469922,53.468896],[73.642969,53.57627],[74.068652,53.611426],[74.402734,53.504443],[74.451953,53.647266],[74.83418,53.825684],[75.052148,53.826709],[75.377051,53.970117],[75.437207,54.089648],[75.656836,54.106006],[76.266602,54.311963],[76.496484,54.335693],[76.759375,54.436865],[76.788965,54.321875],[76.65459,54.145264],[76.42207,54.113525],[76.575684,53.942529],[77.704395,53.37915],[77.859961,53.269189],[78.475488,52.638428],[79.468848,51.493115],[79.98623,50.774561],[80.220215,50.911768],[80.423633,50.946289],[80.448047,51.18335],[80.650488,51.277344],[80.877344,51.281445],[81.127246,51.191064],[81.124609,50.946289],[81.388281,50.956494],[81.465918,50.739844],[81.933691,50.766357],[82.098047,50.71084],[82.493945,50.727588],[82.76084,50.893359],[83.019238,50.897266],[83.160254,50.989209],[83.357324,50.99458],[83.717773,50.887158],[83.945117,50.774658],[84.175977,50.520557],[84.257812,50.288232],[84.607324,50.202393],[84.989453,50.061426],[85.000781,49.894141],[85.210156,49.664844],[85.371582,49.623926],[86.180859,49.499316],[86.610156,49.769141],[86.614258,49.609717],[86.812109,49.487891],[86.95293,49.32207],[87.233691,49.216162],[87.322852,49.085791],[86.885938,49.090576],[86.753125,49.008838],[86.717969,48.697168],[86.549414,48.528613],[86.265625,48.454541],[85.749414,48.385059],[85.626367,48.204004],[85.525977,47.915625],[85.586621,47.493652],[85.656641,47.254639],[85.484766,47.063525],[85.233496,47.036377],[85.012207,46.909229],[84.786133,46.830713],[84.666602,46.972363],[84.338867,46.996143],[84.016016,46.970508],[83.634082,47.043213],[83.193066,47.186572],[83.029492,47.185938],[83.004102,47.033496],[82.692187,46.38667],[82.555078,46.158691],[82.32666,45.519922],[82.58252,45.442578],[82.621094,45.293115],[82.478711,45.123584],[82.266602,45.219092],[81.989258,45.161865],[81.602051,45.31084],[80.85332,45.129297],[80.634766,45.126514],[80.05918,45.006445],[79.871875,44.883789],[79.997168,44.797217],[80.255078,44.808105],[80.455469,44.746094],[80.336328,44.438379],[80.355273,44.097266],[80.495996,43.89209],[80.703809,43.427051],[80.667773,43.310059],[80.785742,43.161572],[80.390234,43.043115],[80.54375,42.911719],[80.250293,42.797266],[80.165039,42.665527],[80.259082,42.2354],[80.209375,42.190039],[79.921094,42.413135],[79.490137,42.457568],[79.203027,42.666016],[79.164844,42.759033],[78.791504,42.79082],[78.524219,42.864648],[78.023145,42.85752],[77.80166,42.895215],[77.235547,42.912646],[77.057324,42.970654],[76.50918,42.918896],[75.789551,42.93291],[75.635645,42.8146],[75.366211,42.836963],[75.047656,42.904395],[74.622266,43.056201],[74.209082,43.240381],[73.612012,43.0479],[73.55625,43.002783],[73.421875,42.593506],[73.28291,42.504102],[72.855078,42.561133],[72.75293,42.637891],[72.275781,42.757666],[71.816797,42.822168],[71.256641,42.733545],[71.022754,42.535449],[70.892871,42.33999],[70.946777,42.248682]]]},"properties":{"name":"Kazakhstan"},"id":"KZ"},
    {"type":"Feature","geometry":{"type":"Polygon","coordinates":[[[67.758984,37.172217],[67.814355,37.487012],[68.087598,37.835449],[68.294043,38.03291],[68.333105,38.237793],[68.144141,38.383105],[68.047852,38.669287],[68.148535,38.890625],[68.103516,38.962012],[67.676563,39.008496],[67.616504,39.150293],[67.349609,39.24209],[67.426172,39.465576],[67.719043,39.621387],[68.077148,39.56416],[68.463281,39.536719],[68.586133,39.634961],[68.638965,39.838867],[68.86875,39.907471],[68.804688,40.050342],[68.652539,40.182666],[68.951758,40.222607],[69.22832,40.187598],[69.304199,40.327393],[69.20625,40.566553],[69.313965,40.634766],[69.413867,40.797168],[69.712891,40.656982],[70.29209,40.891699],[70.441504,41.023438],[70.750977,40.7396],[70.712012,40.669092],[70.382617,40.453516],[70.653125,40.201172],[70.958008,40.238867],[70.946387,40.187598],[70.451367,40.049219],[69.966797,40.202246],[69.530273,40.097314],[69.431934,39.909766],[69.307227,39.968555],[69.229102,39.761084],[69.297656,39.524805],[69.598828,39.573779],[70.244824,39.542627],[70.39209,39.581885],[70.607813,39.564404],[70.733105,39.413281],[71.004883,39.411865],[71.065039,39.493408],[71.404297,39.597852],[71.546289,39.453076],[71.732227,39.422998],[71.805957,39.275586],[72.042773,39.352148],[72.22998,39.20752],[72.357715,39.336865],[72.639941,39.385986],[72.872461,39.3604],[73.234961,39.374561],[73.47041,39.460596],[73.631641,39.448877],[73.607324,39.229199],[73.795605,39.002148],[73.696094,38.854297],[73.80166,38.606885],[74.025586,38.539844],[74.131348,38.661182],[74.277441,38.659766],[74.74502,38.51001],[74.835938,38.404297],[74.77207,38.274756],[74.789648,38.103613],[74.938281,37.77251],[74.894238,37.601416],[75.11875,37.385693],[74.891309,37.231641],[74.659375,37.394482],[74.259668,37.41543],[74.16709,37.329443],[73.749609,37.231787],[73.720605,37.41875],[73.481348,37.47168],[73.211133,37.408496],[72.895508,37.267529],[72.757031,37.172705],[72.657422,37.029053],[72.358789,36.98291],[72.153516,36.900537],[71.802051,36.694287],[71.597461,36.73291],[71.43291,37.127539],[71.505078,37.60293],[71.580371,37.864258],[71.551953,37.933154],[71.278516,37.918408],[71.332715,38.170264],[71.255859,38.306982],[71.052148,38.417871],[70.878906,38.456396],[70.61582,38.334424],[70.417773,38.075439],[70.214648,37.924414],[70.251465,37.66416],[70.044727,37.547217],[69.940625,37.600293],[69.625781,37.594043],[69.49209,37.553076],[69.399219,37.399316],[69.414453,37.207764],[69.264844,37.108398],[68.960449,37.325049],[68.669141,37.258398],[68.386914,37.1375],[68.067773,36.949805],[67.958008,36.972021],[67.758984,37.172217]]]},"properties":{"name":"Tajikistan"},"id":"TJ"},
    {"type":"Feature","geometry":{"type":"Polygon","coordinates":[[[87.814258,49.162305],[88.115723,49.256299],[88.192578,49.451709],[88.633203,49.486133],[88.831641,49.448437],[89.17998,49.532227],[89.654102,49.71748],[89.643848,49.903027],[89.977344,49.984326],[90.00498,50.069287],[90.516895,50.21333],[91.021582,50.415479],[91.34082,50.470068],[91.804297,50.693604],[92.192383,50.700586],[92.354785,50.86416],[92.62666,50.688281],[92.779297,50.778662],[92.941309,50.778223],[93.103125,50.603906],[94.251074,50.556396],[94.354688,50.221826],[94.614746,50.02373],[94.930273,50.04375],[95.044336,49.961572],[95.522656,49.91123],[95.851953,50.012939],[96.065527,49.99873],[96.315039,49.901123],[96.505762,49.918701],[96.985742,49.882812],[97.208594,49.730811],[97.359766,49.741455],[97.589355,49.911475],[97.853906,49.946777],[98.103418,50.077832],[98.250293,50.302441],[98.279492,50.533252],[98.029785,50.644629],[97.953125,50.855176],[97.825293,50.985254],[97.946875,51.348438],[98.037598,51.449951],[98.219922,51.505615],[98.352734,51.717627],[98.640527,51.801172],[98.848633,52.070068],[99.407031,51.923535],[99.719238,51.871631],[99.92168,51.755518],[100.53623,51.713477],[101.38125,51.452637],[101.570898,51.467188],[102.111523,51.353467],[102.215039,50.829443],[102.316602,50.718457],[102.288379,50.585107],[102.683301,50.387158],[103.161719,50.290723],[103.304395,50.200293],[103.63291,50.138574],[103.802637,50.176074],[104.179688,50.169434],[104.466309,50.306152],[105.094727,50.389941],[105.383594,50.47373],[105.875195,50.405371],[106.217871,50.30459],[106.711133,50.312598],[106.941309,50.19668],[107.233301,49.989404],[107.630957,49.983105],[107.947852,49.924707],[107.936719,49.691016],[108.033789,49.593994],[108.406934,49.396387],[108.613672,49.322803],[109.236719,49.334912],[109.528711,49.269873],[110.199902,49.17041],[110.427832,49.219971],[110.631055,49.137598],[110.82793,49.166162],[111.336621,49.355859],[112.079688,49.424219],[112.494922,49.532324],[112.806445,49.523584],[113.055566,49.61626],[113.16416,49.797168],[113.574219,50.007031],[113.881152,50.101123],[114.29707,50.274414],[114.743164,50.233691],[115.00332,50.138574],[115.274512,49.948877],[115.429199,49.896484],[115.717773,49.880615],[116.13457,50.010791],[116.551172,49.920313],[116.683301,49.823779],[116.243359,49.170361],[115.953809,48.689355],[115.820508,48.577246],[115.785547,48.248242],[115.525098,48.130859],[115.557617,47.94502],[115.898242,47.686914],[116.231152,47.858203],[116.513477,47.839551],[116.760547,47.869775],[117.069727,47.806396],[117.350781,47.652197],[117.768359,47.987891],[118.14707,48.028906],[118.498438,47.983984],[118.759961,47.757617],[119.081934,47.65415],[119.122949,47.558496],[119.526953,47.255908],[119.711133,47.15],[119.897852,46.857813],[119.867188,46.672168],[119.706641,46.606006],[119.162109,46.638672],[118.843945,46.760205],[118.722949,46.691895],[118.308691,46.717041],[117.910449,46.619336],[117.671094,46.52207],[117.405566,46.570898],[117.333398,46.362012],[116.859082,46.387939],[116.562598,46.289795],[116.357617,46.096582],[116.212988,45.886914],[116.240625,45.795996],[116.109863,45.686719],[115.93418,45.626172],[115.681055,45.458252],[114.919238,45.378271],[114.73877,45.419629],[114.517188,45.3646],[114.419141,45.202588],[114.030273,44.942578],[113.587012,44.745703],[113.049414,44.810352],[112.596777,44.917676],[112.411328,45.058203],[111.898047,45.064062],[111.621289,44.827148],[111.402246,44.367285],[111.519727,44.191895],[111.836914,43.934668],[111.933203,43.711426],[111.771094,43.6646],[111.547363,43.496289],[111.007227,43.341406],[110.400391,42.773682],[109.698047,42.553809],[109.443164,42.455957],[108.687305,42.416113],[108.171191,42.447314],[106.77002,42.288721],[105.867578,41.993994],[105.19707,41.738037],[105.050586,41.615918],[104.498242,41.658691],[104.498242,41.877002],[103.711133,41.751318],[103.072852,42.005957],[102.156641,42.158105],[101.972949,42.215869],[101.713867,42.46582],[101.495313,42.53877],[101.091992,42.551318],[99.983789,42.677344],[99.467871,42.568213],[97.718945,42.736279],[97.205664,42.789795],[96.385449,42.720361],[96.299512,42.928711],[95.9125,43.206494],[95.841992,43.383691],[95.525586,43.953955],[95.356445,44.005957],[95.350293,44.278076],[95.049805,44.259424],[94.712012,44.35083],[94.364746,44.519482],[94.199316,44.645166],[93.95791,44.674951],[93.656445,44.900977],[93.294336,44.983154],[92.787891,45.035742],[92.423828,45.008936],[92.029785,45.068506],[91.584375,45.076514],[91.312109,45.118115],[91.05,45.217432],[90.877246,45.196094],[90.661816,45.525244],[90.709668,45.730811],[91.001758,46.035791],[90.911523,46.270654],[91.033887,46.529004],[90.985742,46.749023],[90.869922,46.954492],[90.715527,47.003857],[90.496191,47.285156],[90.425195,47.504102],[90.313281,47.676172],[90.103223,47.74541],[90.02793,47.877686],[89.778125,47.827002],[89.560938,48.003955],[89.047656,48.002539],[88.575977,48.220166],[88.51709,48.384473],[87.979688,48.555127],[88.02793,48.735596],[87.831836,48.79165],[87.743164,48.881641],[87.859863,48.965527],[87.814258,49.162305]]]},"properties":{"name":"Mongolia"},"id":"MN"},
    {"type":"Feature","geometry":{"type":"MultiPolygon","coordinates":[[[[104.063965,10.39082],[104.075781,10.224854],[103.952148,10.24292],[103.867969,10.3354],[103.98584,10.426953],[104.063965,10.39082]]],[[[107.972656,21.507959],[107.809082,21.497119],[107.707227,21.405859],[107.409961,21.284814],[107.354297,21.055176],[107.164746,20.94873],[107.075195,20.999268],[106.88623,20.95],[106.675488,20.960498],[106.753418,20.735059],[106.550781,20.526563],[106.572852,20.392187],[106.517969,20.288867],[106.165723,19.992041],[105.984082,19.939062],[105.813965,19.587451],[105.791113,19.294189],[105.621777,18.966309],[105.888281,18.50249],[106.065625,18.316357],[106.239551,18.220703],[106.499023,17.946436],[106.478906,17.71958],[106.735742,17.367188],[107.119922,17.055518],[107.180371,16.897949],[107.355078,16.79375],[107.724121,16.487842],[107.833789,16.322461],[108.029395,16.331104],[108.267383,16.089795],[108.286035,15.989062],[108.674219,15.483594],[108.821289,15.37793],[108.939941,15.001465],[109.084863,14.716162],[109.087012,14.552588],[109.191406,14.270459],[109.30332,13.856445],[109.24707,13.854736],[109.252051,13.590527],[109.288086,13.450781],[109.271875,13.279346],[109.423926,12.955957],[109.42002,12.719043],[109.335547,12.751904],[109.218945,12.645801],[109.304688,12.391162],[109.206836,12.415381],[109.215723,12.0729],[109.15752,11.837109],[109.198633,11.724854],[109.13252,11.601074],[109.039648,11.592676],[108.986719,11.336377],[108.820801,11.31543],[108.700293,11.199268],[108.55127,11.155957],[108.27168,10.934277],[108.094922,10.897266],[108.001367,10.720361],[107.845117,10.700098],[107.470313,10.48584],[107.261523,10.398389],[107.087793,10.49834],[106.812695,10.433301],[106.757422,10.295801],[106.785254,10.116455],[106.65918,9.991406],[106.595605,9.859863],[106.449121,9.939648],[106.572461,9.641113],[106.378027,9.556104],[106.204004,9.675439],[106.168359,9.396729],[105.500977,9.093213],[105.322266,8.801123],[105.114355,8.629199],[104.891895,8.583252],[104.896289,8.746631],[104.818555,8.801855],[104.814648,9.185498],[104.845215,9.606152],[104.903223,9.81626],[105.092578,9.900977],[105.027832,10.067432],[104.873242,10.114795],[104.801953,10.202734],[104.663477,10.169922],[104.426367,10.41123],[104.564258,10.515967],[104.850586,10.534473],[105.061133,10.733789],[105.022266,10.886865],[105.159473,10.897559],[105.314648,10.845166],[105.386523,10.940088],[105.755078,10.98999],[105.85332,10.863574],[105.938184,10.885156],[106.098828,10.797266],[106.167969,11.012305],[105.856055,11.294287],[105.851465,11.63501],[106.006055,11.758008],[106.339844,11.681836],[106.410742,11.738379],[106.413867,11.948438],[106.700098,11.979297],[106.764648,12.052344],[106.930664,12.07749],[107.158984,12.277051],[107.330078,12.319043],[107.393359,12.260498],[107.506445,12.364551],[107.555469,12.53999],[107.475391,13.030371],[107.605469,13.437793],[107.331445,14.126611],[107.364453,14.368701],[107.448438,14.451221],[107.519434,14.705078],[107.480371,14.979883],[107.653125,15.255225],[107.564258,15.391602],[107.33877,15.560498],[107.189551,15.747266],[107.188867,15.838623],[107.360645,15.921729],[107.396387,16.043018],[107.217383,16.136328],[107.069727,16.279834],[106.930664,16.353125],[106.832422,16.52627],[106.696094,16.458984],[106.546191,16.650732],[106.502246,16.954102],[106.425977,17.002539],[106.269531,17.216797],[106.00625,17.415283],[105.691406,17.737842],[105.588477,17.983691],[105.458203,18.154297],[105.333496,18.189648],[105.08584,18.450098],[105.115137,18.678857],[104.716504,18.803418],[104.108594,19.195557],[103.918359,19.268506],[103.896387,19.33999],[104.062891,19.482568],[104.032031,19.675146],[104.259863,19.685498],[104.546289,19.610547],[104.743164,19.754736],[104.815137,19.904004],[104.92793,20.018115],[104.888672,20.169092],[104.69873,20.205322],[104.618848,20.374512],[104.392188,20.424756],[104.583203,20.64668],[104.195312,20.913965],[104.052051,20.941211],[103.790527,20.809521],[103.635059,20.69707],[103.463574,20.779834],[103.104492,20.89165],[102.851172,21.265918],[102.948633,21.569775],[102.949609,21.681348],[102.845215,21.734766],[102.695312,21.662109],[102.58252,21.904297],[102.183008,22.284033],[102.127441,22.379199],[102.237012,22.466016],[102.42793,22.732813],[102.517188,22.741016],[102.830078,22.587158],[103.005371,22.452979],[103.137598,22.592969],[103.356055,22.754687],[103.470996,22.597412],[103.620215,22.782031],[103.915039,22.538232],[103.971387,22.550488],[104.053906,22.752295],[104.2125,22.809424],[104.371777,22.704053],[104.526855,22.804102],[104.687305,22.822217],[104.795703,22.911133],[104.864746,23.136377],[105.275391,23.345215],[105.494531,23.180859],[105.548145,23.072656],[105.691211,23.029932],[105.842969,22.922803],[106.148438,22.970068],[106.249414,22.869434],[106.541797,22.90835],[106.780273,22.778906],[106.701563,22.637744],[106.582422,22.573242],[106.536328,22.39541],[106.654199,22.241455],[106.729492,22.000342],[107.006445,21.893408],[107.178516,21.71709],[107.351172,21.608887],[107.471387,21.59834],[107.802051,21.645166],[107.972656,21.507959]]]]},"properties":{"name":"Vietnam"},"id":"VN"},
    {"type":"Feature","geometry":{"type":"Polygon","coordinates":[[[107.519434,14.705078],[107.448438,14.451221],[107.364453,14.368701],[107.331445,14.126611],[107.605469,13.437793],[107.475391,13.030371],[107.555469,12.53999],[107.506445,12.364551],[107.393359,12.260498],[107.330078,12.319043],[107.158984,12.277051],[106.930664,12.07749],[106.764648,12.052344],[106.700098,11.979297],[106.413867,11.948438],[106.410742,11.738379],[106.339844,11.681836],[106.006055,11.758008],[105.851465,11.63501],[105.856055,11.294287],[106.167969,11.012305],[106.098828,10.797266],[105.938184,10.885156],[105.85332,10.863574],[105.755078,10.98999],[105.386523,10.940088],[105.314648,10.845166],[105.159473,10.897559],[105.022266,10.886865],[105.061133,10.733789],[104.850586,10.534473],[104.564258,10.515967],[104.426367,10.41123],[104.262402,10.54126],[103.937109,10.586621],[103.661914,10.508936],[103.532227,10.604639],[103.680859,10.758594],[103.721875,10.890137],[103.654297,11.058691],[103.532422,11.14668],[103.353613,10.921582],[103.152832,10.913721],[103.091113,11.211084],[103.125488,11.460645],[102.933887,11.706689],[102.736621,12.089795],[102.70625,12.255664],[102.755664,12.42627],[102.499609,12.669971],[102.461719,13.015039],[102.330762,13.288232],[102.319727,13.53999],[102.546875,13.585693],[102.544727,13.659961],[102.728906,13.841895],[102.909277,14.136719],[103.031055,14.252539],[103.199414,14.332617],[103.600391,14.421094],[103.818359,14.362158],[104.227734,14.395508],[104.411621,14.36958],[104.779004,14.427832],[104.969727,14.366113],[105.074121,14.227441],[105.183301,14.34624],[105.245703,14.200537],[105.350195,14.10957],[105.531543,14.156152],[105.739746,14.084961],[105.904492,13.924512],[106.066797,13.921191],[106.124707,14.049121],[105.978906,14.343018],[106.165234,14.372363],[106.225391,14.476221],[106.35498,14.454785],[106.501465,14.578223],[106.819922,14.314697],[106.938086,14.327344],[107.109375,14.416699],[107.292676,14.592383],[107.414746,14.562891],[107.519434,14.705078]]]},"properties":{"name":"Cambodia"},"id":"KH"},
    {"type":"Feature","geometry":{"type":"Polygon","coordinates":[[[56.297852,25.650684],[56.363477,25.569385],[56.387988,24.979199],[56.063867,24.73877],[55.91582,24.971777],[55.795703,24.868115],[55.803906,24.63623],[55.768164,24.490625],[55.805664,24.349805],[55.76084,24.242676],[55.928613,24.215137],[55.985156,24.063379],[55.547852,23.991357],[55.468457,23.941113],[55.508496,23.724609],[55.199902,23.034766],[55.18584,22.704102],[55.104297,22.621484],[53.832129,22.776807],[52.555078,22.932813],[51.592578,24.078857],[51.568359,24.286182],[51.767578,24.254395],[51.791699,24.074756],[51.906055,23.985352],[52.250879,23.995215],[52.648242,24.154639],[53.026367,24.147314],[53.32959,24.098437],[53.893359,24.077051],[54.39707,24.278174],[54.534668,24.530957],[54.746777,24.810449],[55.098145,25.041602],[55.303516,25.236816],[55.32168,25.299805],[55.522852,25.498145],[55.941211,25.793994],[56.080469,26.062646],[56.16748,26.047461],[56.144629,25.690527],[56.297852,25.650684]]]},"properties":{"name":"United Arab Emirates"},"id":"AE"},
    {"type":"Feature","geometry":{"type":"Polygon","coordinates":[[[43.439453,41.107129],[43.358984,41.190137],[43.205469,41.19917],[43.149023,41.307129],[42.787891,41.563721],[42.567383,41.559277],[42.466406,41.439844],[42.211133,41.486719],[41.925781,41.495654],[41.823535,41.432373],[41.510059,41.51748],[41.701758,41.70542],[41.762988,41.97002],[41.663281,42.146875],[41.48877,42.659326],[41.419434,42.737646],[41.128711,42.828125],[41.061621,42.930859],[40.836621,43.063477],[40.524023,43.121045],[39.97832,43.419824],[40.150195,43.569775],[40.518945,43.512012],[40.648047,43.533887],[41.083105,43.374463],[41.358203,43.333398],[41.580566,43.219238],[42.05,43.190137],[42.419043,43.224219],[42.566016,43.155127],[42.760645,43.16958],[42.991602,43.091504],[43.08916,42.989063],[43.557813,42.844482],[43.782617,42.747021],[43.738379,42.616992],[43.957422,42.566553],[44.505859,42.748633],[44.644336,42.734717],[44.771094,42.616797],[44.870996,42.756396],[45.208203,42.648242],[45.34375,42.529785],[45.562891,42.535742],[45.727539,42.475049],[45.638574,42.205078],[45.954004,42.0354],[46.212695,41.989893],[46.429883,41.890967],[46.182129,41.65708],[46.305469,41.507715],[46.618945,41.34375],[46.626367,41.159668],[46.45791,41.070215],[46.170703,41.197852],[46.03125,41.167285],[45.792773,41.224414],[45.715625,41.337646],[45.280957,41.449561],[45.001367,41.290967],[44.841406,41.211377],[44.473047,41.191016],[44.227344,41.21333],[43.793164,41.131104],[43.439453,41.107129]]]},"properties":{"name":"Georgia"},"id":"GE"},
    {"type":"Feature","geometry":{"type":"MultiPolygon","coordinates":[[[[44.817188,39.650439],[44.768262,39.703516],[45.031641,39.765137],[45.148633,39.656592],[45.456836,39.494482],[45.750488,39.562939],[45.766309,39.378467],[45.977441,39.243896],[45.951855,39.178125],[46.114453,38.877783],[45.479688,39.00625],[45.141211,39.254297],[44.817188,39.650439]]],[[[48.86875,38.435498],[48.592676,38.411084],[48.417383,38.58623],[48.023242,38.819043],[48.050098,38.93501],[48.241992,38.978955],[48.274121,39.099121],[48.125488,39.171631],[48.136035,39.312354],[48.322168,39.399072],[47.995898,39.683936],[47.772852,39.648584],[47.188379,39.340967],[46.988867,39.180176],[46.852539,39.148438],[46.554785,38.904395],[46.490625,38.906689],[46.55,39.201416],[46.378418,39.382275],[46.481445,39.555176],[46.32168,39.617432],[46.202051,39.594482],[45.789648,39.881104],[45.964648,40.233789],[45.569531,40.416846],[45.376172,40.638086],[45.5875,40.846924],[45.190234,41.126367],[45.001367,41.290967],[45.280957,41.449561],[45.715625,41.337646],[45.792773,41.224414],[46.03125,41.167285],[46.170703,41.197852],[46.45791,41.070215],[46.626367,41.159668],[46.618945,41.34375],[46.305469,41.507715],[46.182129,41.65708],[46.429883,41.890967],[46.552148,41.812305],[46.749316,41.812598],[47.205273,41.455615],[47.261133,41.315088],[47.520605,41.229053],[47.861133,41.212744],[48.056055,41.458691],[48.391406,41.601904],[48.572852,41.844482],[48.823926,41.62959],[49.106641,41.301709],[49.226465,41.026221],[49.556152,40.716309],[49.775977,40.583984],[49.990625,40.576807],[50.306836,40.412207],[50.143164,40.323242],[49.918848,40.316406],[49.551172,40.194141],[49.477344,40.087256],[49.324414,39.60835],[49.362793,39.349561],[49.269336,39.285156],[49.199805,39.072656],[49.013477,39.133984],[48.850879,38.815332],[48.86875,38.435498]]]]},"properties":{"name":"Azerbaijan"},"id":"AZ"},
    {"type":"Feature","geometry":{"type":"MultiPolygon","coordinates":[[[[25.97002,40.136328],[25.740234,40.105469],[25.740918,40.196289],[25.918359,40.237988],[25.97002,40.136328]]],[[[41.510059,41.51748],[41.823535,41.432373],[41.925781,41.495654],[42.211133,41.486719],[42.466406,41.439844],[42.567383,41.559277],[42.787891,41.563721],[43.149023,41.307129],[43.205469,41.19917],[43.358984,41.190137],[43.439453,41.107129],[43.631641,40.929004],[43.722656,40.719531],[43.569336,40.482373],[43.709863,40.166504],[43.791699,40.070264],[44.005371,40.014111],[44.289258,40.040381],[44.560449,39.887598],[44.768262,39.703516],[44.817188,39.650439],[44.587109,39.768555],[44.455957,39.666748],[44.389355,39.422119],[44.023242,39.377441],[44.079102,39.218311],[44.178027,39.144824],[44.144531,38.994385],[44.27168,38.836035],[44.29082,38.420117],[44.430859,38.356787],[44.211328,37.908057],[44.56123,37.744629],[44.574023,37.4354],[44.794141,37.290381],[44.765137,37.142432],[44.605957,37.176025],[44.281836,36.978027],[44.20166,37.051807],[44.208398,37.202637],[44.013184,37.313525],[43.836426,37.223535],[43.51582,37.244531],[43.09248,37.367383],[42.936621,37.324756],[42.774609,37.371875],[42.455859,37.128711],[42.358984,37.108594],[42.268555,37.276562],[42.059863,37.206055],[41.515527,37.08916],[41.264648,37.069336],[40.958887,37.10918],[40.705664,37.097705],[40.016406,36.826074],[39.686523,36.738623],[39.356641,36.681592],[38.766602,36.693115],[38.44375,36.862256],[38.191699,36.901562],[37.436328,36.643311],[37.066211,36.652637],[36.941797,36.758398],[36.658594,36.802539],[36.5375,36.457422],[36.641406,36.263525],[36.375391,36.17124],[36.347559,36.003516],[36.201953,35.937549],[36.127344,35.831445],[35.892676,35.916553],[35.956934,35.998145],[35.810938,36.309863],[35.882812,36.406348],[36.188477,36.658984],[36.180078,36.807227],[36.048926,36.910596],[35.661133,36.724316],[35.537402,36.597021],[35.393164,36.575195],[35.176172,36.634863],[34.81123,36.799268],[34.601367,36.784473],[34.299609,36.604199],[34.023438,36.340771],[33.694727,36.181982],[33.099512,36.102979],[32.794824,36.035889],[32.533789,36.100732],[32.377734,36.183643],[32.021973,36.535303],[31.77793,36.612793],[31.352539,36.801074],[30.644043,36.865674],[30.582031,36.797168],[30.558496,36.52583],[30.483594,36.3104],[30.387305,36.243262],[30.231641,36.307324],[29.689062,36.156689],[29.34834,36.258838],[29.143262,36.397217],[29.038281,36.693457],[28.717676,36.700879],[28.483594,36.803809],[28.303711,36.811963],[28.195605,36.686328],[28.083984,36.751465],[27.803809,36.736475],[28.224414,36.996387],[28.133691,37.029492],[27.668359,37.007422],[27.348926,37.01958],[27.535059,37.163867],[27.520117,37.249121],[27.219238,37.38916],[27.077832,37.687695],[27.224414,37.725439],[27.232422,37.978662],[26.943848,38.062891],[26.682813,38.19834],[26.582422,38.149268],[26.290723,38.277197],[26.429688,38.440625],[26.377832,38.62417],[26.586523,38.557031],[26.59502,38.418604],[26.861426,38.372949],[26.906836,38.481738],[26.763672,38.709619],[27.013672,38.886865],[26.814941,38.960986],[26.853613,39.115625],[26.681836,39.292236],[26.910938,39.517334],[26.827051,39.562891],[26.113086,39.467383],[26.181348,39.990088],[26.313379,40.025],[26.475391,40.197266],[26.738086,40.400244],[27.012109,40.396338],[27.28457,40.455615],[27.475586,40.319922],[27.728027,40.328809],[28.289062,40.403027],[28.630273,40.376465],[29.007129,40.389746],[28.787891,40.534033],[28.958008,40.630566],[29.800586,40.760156],[29.364746,40.809277],[29.045508,41.007568],[29.094336,41.177246],[29.322266,41.227734],[29.919336,41.15083],[30.344922,41.196924],[30.810059,41.084863],[31.254883,41.107617],[31.458008,41.32002],[32.086426,41.589209],[32.306445,41.72959],[32.542188,41.806396],[32.94668,41.891748],[33.381348,42.017578],[34.192969,41.963672],[34.750488,41.956836],[35.006445,42.063281],[35.154883,42.027539],[35.12207,41.891113],[35.297754,41.728516],[35.558008,41.634033],[35.919824,41.713721],[36.051758,41.682568],[36.179199,41.426563],[36.278418,41.336133],[36.509668,41.2625],[36.777734,41.363477],[36.991992,41.275391],[37.066211,41.184424],[37.430957,41.114111],[37.765625,41.078906],[37.910059,41.001904],[38.381055,40.924512],[38.556934,40.936523],[38.852148,41.017676],[39.426367,41.106445],[39.80791,40.98252],[40.128418,40.943018],[40.265234,40.961328],[40.959473,41.211621],[41.414355,41.423633],[41.510059,41.51748]]],[[[28.014453,41.969043],[27.987305,41.854883],[28.197852,41.554492],[28.346387,41.466357],[28.946777,41.248389],[29.057227,41.229736],[28.95625,41.008203],[28.780371,40.97417],[28.172168,41.080713],[27.925195,40.990576],[27.747363,41.013281],[27.499414,40.973145],[27.430176,40.839941],[27.258008,40.687354],[26.77207,40.498047],[26.32998,40.123389],[26.253809,40.314697],[26.447461,40.44502],[26.720312,40.544238],[26.79209,40.626611],[26.105469,40.611328],[26.038965,40.726758],[26.331055,40.954492],[26.330664,41.23877],[26.624902,41.401758],[26.581348,41.60127],[26.320898,41.716553],[26.511426,41.826367],[26.615332,41.964893],[26.884863,41.991846],[27.011719,42.058643],[27.294922,42.079541],[27.534863,41.920801],[27.879199,41.986621],[28.014453,41.969043]]]]},"properties":{"name":"Turkey"},"id":"TR"},
    {"type":"Feature","geometry":{"type":"Polygon","coordinates":[[[102.127441,22.379199],[102.183008,22.284033],[102.58252,21.904297],[102.695312,21.662109],[102.845215,21.734766],[102.949609,21.681348],[102.948633,21.569775],[102.851172,21.265918],[103.104492,20.89165],[103.463574,20.779834],[103.635059,20.69707],[103.790527,20.809521],[104.052051,20.941211],[104.195312,20.913965],[104.583203,20.64668],[104.392188,20.424756],[104.618848,20.374512],[104.69873,20.205322],[104.888672,20.169092],[104.92793,20.018115],[104.815137,19.904004],[104.743164,19.754736],[104.546289,19.610547],[104.259863,19.685498],[104.032031,19.675146],[104.062891,19.482568],[103.896387,19.33999],[103.918359,19.268506],[104.108594,19.195557],[104.716504,18.803418],[105.115137,18.678857],[105.08584,18.450098],[105.333496,18.189648],[105.458203,18.154297],[105.588477,17.983691],[105.691406,17.737842],[106.00625,17.415283],[106.269531,17.216797],[106.425977,17.002539],[106.502246,16.954102],[106.546191,16.650732],[106.696094,16.458984],[106.832422,16.52627],[106.930664,16.353125],[107.069727,16.279834],[107.217383,16.136328],[107.396387,16.043018],[107.360645,15.921729],[107.188867,15.838623],[107.189551,15.747266],[107.33877,15.560498],[107.564258,15.391602],[107.653125,15.255225],[107.480371,14.979883],[107.519434,14.705078],[107.414746,14.562891],[107.292676,14.592383],[107.109375,14.416699],[106.938086,14.327344],[106.819922,14.314697],[106.501465,14.578223],[106.35498,14.454785],[106.225391,14.476221],[106.165234,14.372363],[105.978906,14.343018],[106.124707,14.049121],[106.066797,13.921191],[105.904492,13.924512],[105.739746,14.084961],[105.531543,14.156152],[105.350195,14.10957],[105.245703,14.200537],[105.183301,14.34624],[105.342188,14.416699],[105.475586,14.530127],[105.54668,14.932471],[105.49043,15.127588],[105.513184,15.360889],[105.615625,15.488281],[105.62207,15.699951],[105.462012,15.78042],[105.373242,15.889697],[105.40625,15.987451],[105.047168,16.160254],[104.949902,16.339941],[104.819336,16.466064],[104.750586,16.647559],[104.758984,17.077148],[104.816016,17.300293],[104.739648,17.46167],[104.428125,17.698975],[103.949609,18.318994],[103.792285,18.316504],[103.629687,18.382568],[103.366992,18.42334],[103.251758,18.373486],[103.263184,18.278467],[103.148535,18.221729],[103.051367,18.028516],[102.717578,17.892236],[102.351855,18.045947],[102.101465,18.210645],[101.947461,18.081494],[101.774805,18.033398],[101.6875,17.889404],[101.413672,17.71875],[101.16748,17.499023],[101.105176,17.479541],[100.908496,17.583887],[101.113281,18.033545],[101.1375,18.286865],[101.050586,18.407031],[101.165527,18.618311],[101.286328,18.977148],[101.197559,19.32793],[101.220801,19.486621],[101.154688,19.579199],[100.966504,19.610791],[100.625488,19.499854],[100.420117,19.644482],[100.397656,19.756104],[100.543066,20.088672],[100.519531,20.17793],[100.317969,20.385889],[100.122461,20.31665],[100.183887,20.589111],[100.249316,20.730273],[100.407422,20.823242],[100.565137,20.825098],[100.536133,20.992383],[100.613672,21.059326],[100.756641,21.312646],[100.927539,21.366211],[101.080371,21.468652],[101.138867,21.56748],[101.224414,21.22373],[101.281445,21.184131],[101.542383,21.234277],[101.704785,21.150146],[101.802051,21.235986],[101.722949,21.314941],[101.747266,21.605762],[101.736523,21.826514],[101.60293,21.989697],[101.524512,22.253662],[101.619922,22.327441],[101.671484,22.462305],[101.841797,22.388477],[102.024414,22.439209],[102.127441,22.379199]]]},"properties":{"name":"Laos"},"id":"LA"},
    {"type":"Feature","geometry":{"type":"Polygon","coordinates":[[[70.958008,40.238867],[71.304688,40.286914],[71.69248,40.152344],[71.955664,40.258594],[72.13125,40.438623],[72.357715,40.40166],[72.402051,40.578076],[72.56748,40.524365],[72.773828,40.650391],[73.112891,40.786035],[72.990039,40.860107],[72.62041,40.883789],[72.364063,41.043457],[72.187305,41.025928],[72.164258,41.17373],[71.878613,41.19502],[71.79248,41.413135],[71.420898,41.341895],[71.408398,41.136035],[71.110742,41.152637],[70.782422,41.2625],[70.645898,41.460352],[70.471387,41.412646],[70.180957,41.571436],[70.45498,41.725049],[70.630859,41.875488],[70.80332,41.922656],[70.841895,42.019629],[71.228516,42.162891],[71.036035,42.284668],[70.946777,42.248682],[70.892871,42.33999],[71.022754,42.535449],[71.256641,42.733545],[71.816797,42.822168],[72.275781,42.757666],[72.75293,42.637891],[72.855078,42.561133],[73.28291,42.504102],[73.421875,42.593506],[73.55625,43.002783],[73.612012,43.0479],[74.209082,43.240381],[74.622266,43.056201],[75.047656,42.904395],[75.366211,42.836963],[75.635645,42.8146],[75.789551,42.93291],[76.50918,42.918896],[77.057324,42.970654],[77.235547,42.912646],[77.80166,42.895215],[78.023145,42.85752],[78.524219,42.864648],[78.791504,42.79082],[79.164844,42.759033],[79.203027,42.666016],[79.490137,42.457568],[79.921094,42.413135],[80.209375,42.190039],[80.216211,42.032422],[79.84043,41.995752],[79.766113,41.898877],[79.293555,41.782812],[78.742578,41.560059],[78.362402,41.371631],[78.346289,41.281445],[78.123438,41.075635],[77.815234,41.055615],[77.581738,40.992773],[76.986621,41.03916],[76.824023,40.982324],[76.639844,40.742236],[76.480176,40.449512],[76.258301,40.430762],[75.871973,40.303223],[75.655957,40.329248],[75.583496,40.605322],[75.520801,40.627539],[75.241016,40.480273],[75.004492,40.449512],[74.865625,40.493506],[74.841797,40.344971],[74.679883,40.310596],[74.411914,40.137207],[73.991602,40.043115],[73.835352,39.800146],[73.914648,39.606494],[73.822949,39.488965],[73.631641,39.448877],[73.47041,39.460596],[73.234961,39.374561],[72.872461,39.3604],[72.639941,39.385986],[72.357715,39.336865],[72.22998,39.20752],[72.042773,39.352148],[71.805957,39.275586],[71.732227,39.422998],[71.546289,39.453076],[71.404297,39.597852],[71.065039,39.493408],[71.004883,39.411865],[70.733105,39.413281],[70.607813,39.564404],[70.39209,39.581885],[70.244824,39.542627],[69.598828,39.573779],[69.297656,39.524805],[69.229102,39.761084],[69.307227,39.968555],[69.431934,39.909766],[69.530273,40.097314],[69.966797,40.202246],[70.451367,40.049219],[70.946387,40.187598],[70.958008,40.238867]],[[71.206152,39.892578],[71.228711,40.048145],[71.080371,40.079883],[71.011719,39.895117],[71.206152,39.892578]]]},"properties":{"name":"Kyrgyzstan"},"id":"KG"},
    {"type":"Feature","geometry":{"type":"Polygon","coordinates":[[[44.768262,39.703516],[44.560449,39.887598],[44.289258,40.040381],[44.005371,40.014111],[43.791699,40.070264],[43.709863,40.166504],[43.569336,40.482373],[43.722656,40.719531],[43.631641,40.929004],[43.439453,41.107129],[43.793164,41.131104],[44.227344,41.21333],[44.473047,41.191016],[44.841406,41.211377],[45.001367,41.290967],[45.190234,41.126367],[45.5875,40.846924],[45.376172,40.638086],[45.569531,40.416846],[45.964648,40.233789],[45.789648,39.881104],[46.202051,39.594482],[46.32168,39.617432],[46.481445,39.555176],[46.378418,39.382275],[46.55,39.201416],[46.490625,38.906689],[46.114453,38.877783],[45.951855,39.178125],[45.977441,39.243896],[45.766309,39.378467],[45.750488,39.562939],[45.456836,39.494482],[45.148633,39.656592],[45.031641,39.765137],[44.768262,39.703516]]]},"properties":{"name":"Armenia"},"id":"AM"},
    {"type":"Feature","geometry":{"type":"Polygon","coordinates":[[[42.358984,37.108594],[42.455859,37.128711],[42.774609,37.371875],[42.936621,37.324756],[43.09248,37.367383],[43.51582,37.244531],[43.836426,37.223535],[44.013184,37.313525],[44.208398,37.202637],[44.20166,37.051807],[44.281836,36.978027],[44.605957,37.176025],[44.765137,37.142432],[44.880859,36.799316],[45.033984,36.658887],[45.031055,36.526074],[45.112402,36.409277],[45.241113,36.355957],[45.361621,36.015332],[45.483789,36.008545],[45.723438,35.83667],[46.16748,35.820557],[46.2625,35.744141],[46.037402,35.673145],[45.971094,35.52417],[46.112109,35.32168],[46.133789,35.127637],[45.920898,35.028516],[45.678125,34.798437],[45.6375,34.573828],[45.500781,34.581592],[45.437598,34.415137],[45.526855,34.284668],[45.528613,34.152539],[45.39707,33.97085],[45.473242,33.925488],[45.738281,33.602832],[45.879395,33.609766],[46.145898,33.229639],[46.080762,33.086523],[46.112793,32.957666],[46.377051,32.929248],[46.569922,32.833936],[47.121387,32.466602],[47.371289,32.42373],[47.511914,32.15083],[47.82998,31.794434],[47.679492,31.400586],[47.679492,31.002393],[48.010645,30.989795],[48.014941,30.465625],[48.331055,30.285449],[48.43457,30.037598],[48.546484,29.962354],[48.35459,29.956738],[48.141699,30.040918],[47.978711,29.982813],[47.672754,30.095605],[47.331348,30.079687],[47.114355,29.961328],[46.905859,29.5375],[46.769336,29.347461],[46.531445,29.09624],[46.356445,29.063672],[45.498926,29.131543],[44.69082,29.202344],[44.099609,29.619336],[42.857715,30.495215],[42.074414,31.080371],[40.808398,31.725439],[40.369336,31.938965],[39.14541,32.124512],[39.292773,32.243848],[39.247461,32.350977],[39.041406,32.305664],[39.057813,32.493164],[38.773535,33.372217],[39.564453,33.768359],[40.689453,34.332031],[40.987012,34.429053],[41.194727,34.768994],[41.216406,35.288184],[41.354102,35.64043],[41.352637,35.809961],[41.245605,36.073389],[41.295996,36.38335],[41.416797,36.514648],[41.788574,36.597168],[42.350098,37.060596],[42.358984,37.108594]]]},"properties":{"name":"Iraq"},"id":"IQ"},
    {"type":"Feature","geometry":{"type":"MultiPolygon","coordinates":[[[[56.187988,26.921143],[55.954297,26.701123],[55.847656,26.730811],[55.42373,26.583105],[55.346973,26.647949],[55.762598,26.811963],[55.757617,26.947656],[55.907129,26.909814],[56.074121,26.98335],[56.187988,26.921143]]],[[[53.91416,37.343555],[54.191602,37.332471],[54.745215,37.501904],[54.848633,37.722656],[55.075586,37.90249],[55.380859,38.051123],[55.578418,38.099756],[56.228809,38.073389],[56.440625,38.249414],[56.774609,38.250049],[56.906641,38.213037],[57.193555,38.216406],[57.423828,37.947705],[57.710547,37.905273],[58.108789,37.783057],[58.261621,37.66582],[58.435742,37.638525],[58.81543,37.683496],[59.24082,37.520752],[59.367383,37.33374],[59.562207,37.178906],[59.948633,37.041602],[60.062793,36.962891],[60.341309,36.637646],[61.119629,36.642578],[61.212402,36.099121],[61.15293,35.976758],[61.252148,35.867627],[61.262012,35.61958],[61.278516,35.51377],[61.189258,35.312012],[61.1,35.272314],[61.149609,35.09375],[61.080078,34.855615],[60.951172,34.653857],[60.72627,34.518262],[60.889453,34.319434],[60.642676,34.307178],[60.485742,34.094775],[60.527051,33.841992],[60.51084,33.638916],[60.65459,33.5604],[60.916992,33.505225],[60.560547,33.137842],[60.576563,32.994873],[60.829297,32.249414],[60.789941,31.987109],[60.791602,31.660596],[60.854102,31.483252],[61.660156,31.382422],[61.755078,31.285303],[61.814258,31.072559],[61.78418,30.831934],[60.843359,29.858691],[61.318359,29.372607],[61.337891,29.26499],[61.623047,28.791602],[61.889844,28.546533],[62.353027,28.414746],[62.564551,28.235156],[62.7625,28.202051],[62.739746,28.002051],[62.812012,27.497021],[62.762988,27.250195],[62.91543,27.218408],[63.166797,27.25249],[63.24209,27.077686],[63.250391,26.879248],[63.186133,26.837598],[63.168066,26.665576],[63.092969,26.632324],[62.786621,26.643896],[62.439258,26.561035],[62.312305,26.490869],[62.239355,26.357031],[61.869824,26.242432],[61.809961,26.165283],[61.754395,25.843359],[61.668652,25.768994],[61.61543,25.286133],[61.587891,25.202344],[61.412207,25.1021],[60.663867,25.282227],[60.510547,25.437061],[60.400195,25.311572],[60.024707,25.384131],[59.616016,25.403271],[59.456055,25.481494],[59.046094,25.417285],[58.797852,25.55459],[58.530859,25.592432],[58.314258,25.580859],[58.022363,25.64082],[57.936621,25.69165],[57.796094,25.653027],[57.73252,25.724902],[57.33457,25.791553],[57.205566,26.037207],[57.201367,26.158838],[57.104297,26.371436],[57.071973,26.680078],[56.982227,26.905469],[56.812891,27.08999],[56.356152,27.200244],[56.118066,27.143115],[55.941113,27.037598],[55.650293,26.977539],[55.424023,26.770557],[55.294141,26.785937],[54.895801,26.556689],[54.644922,26.508936],[54.52207,26.58916],[54.24707,26.696631],[54.069336,26.732373],[53.705762,26.725586],[53.507129,26.851758],[53.45498,26.943262],[52.98252,27.141943],[52.691602,27.323389],[52.602637,27.493359],[52.475879,27.616504],[52.191895,27.717285],[52.030762,27.824414],[51.666309,27.844971],[51.518555,27.91001],[51.278906,28.131348],[51.276074,28.218848],[51.093848,28.512109],[51.062012,28.726123],[50.866992,28.870166],[50.875781,29.062695],[50.675195,29.146582],[50.649609,29.420068],[50.168945,29.92124],[50.071582,30.198535],[49.983105,30.209375],[49.554883,30.028955],[49.42998,30.130469],[49.054297,30.306934],[49.130371,30.509424],[48.916797,30.397266],[48.919141,30.120898],[48.832422,30.035498],[48.670898,30.02832],[48.546484,29.962354],[48.43457,30.037598],[48.331055,30.285449],[48.014941,30.465625],[48.010645,30.989795],[47.679492,31.002393],[47.679492,31.400586],[47.82998,31.794434],[47.511914,32.15083],[47.371289,32.42373],[47.121387,32.466602],[46.569922,32.833936],[46.377051,32.929248],[46.112793,32.957666],[46.080762,33.086523],[46.145898,33.229639],[45.879395,33.609766],[45.738281,33.602832],[45.473242,33.925488],[45.39707,33.97085],[45.528613,34.152539],[45.526855,34.284668],[45.437598,34.415137],[45.500781,34.581592],[45.6375,34.573828],[45.678125,34.798437],[45.920898,35.028516],[46.133789,35.127637],[46.112109,35.32168],[45.971094,35.52417],[46.037402,35.673145],[46.2625,35.744141],[46.16748,35.820557],[45.723438,35.83667],[45.483789,36.008545],[45.361621,36.015332],[45.241113,36.355957],[45.112402,36.409277],[45.031055,36.526074],[45.033984,36.658887],[44.880859,36.799316],[44.765137,37.142432],[44.794141,37.290381],[44.574023,37.4354],[44.56123,37.744629],[44.211328,37.908057],[44.430859,38.356787],[44.29082,38.420117],[44.27168,38.836035],[44.144531,38.994385],[44.178027,39.144824],[44.079102,39.218311],[44.023242,39.377441],[44.389355,39.422119],[44.455957,39.666748],[44.587109,39.768555],[44.817188,39.650439],[45.141211,39.254297],[45.479688,39.00625],[46.114453,38.877783],[46.490625,38.906689],[46.554785,38.904395],[46.852539,39.148438],[46.988867,39.180176],[47.188379,39.340967],[47.772852,39.648584],[47.995898,39.683936],[48.322168,39.399072],[48.136035,39.312354],[48.125488,39.171631],[48.274121,39.099121],[48.241992,38.978955],[48.050098,38.93501],[48.023242,38.819043],[48.417383,38.58623],[48.592676,38.411084],[48.86875,38.435498],[48.959961,37.890137],[49.080957,37.667578],[49.171191,37.600586],[49.470117,37.49668],[49.726953,37.480518],[50.130469,37.407129],[50.337891,37.14917],[50.533203,37.013672],[50.927441,36.810205],[51.118555,36.742578],[51.762012,36.614502],[52.190137,36.621729],[53.374121,36.86875],[53.767676,36.930322],[53.970117,36.818311],[54.017187,36.95249],[53.91416,37.343555]]]]},"properties":{"name":"Iran"},"id":"IR"},
    {"type":"Feature","geometry":{"type":"Polygon","coordinates":[[[51.267969,24.607227],[50.966016,24.573926],[50.804395,24.789258],[50.846777,24.888574],[50.777344,25.177441],[50.762891,25.444727],[50.868652,25.612695],[51.003125,25.981445],[51.262305,26.153271],[51.543066,25.902393],[51.572266,25.781006],[51.485352,25.524707],[51.601953,25.147949],[51.586914,24.964844],[51.42793,24.668262],[51.267969,24.607227]]]},"properties":{"name":"Qatar"},"id":"QA"},
    {"type":"Feature","geometry":{"type":"MultiPolygon","coordinates":[[[[41.987695,16.715625],[42.059961,16.803516],[42.17041,16.708643],[41.96416,16.653467],[41.776074,16.846875],[41.947949,16.936426],[41.987695,16.715625]]],[[[51.977637,18.996143],[51.258398,18.899365],[50.355273,18.777783],[49.192383,18.621338],[49.041992,18.581787],[48.172168,18.156934],[47.57959,17.44834],[47.441797,17.111865],[47.143555,16.94668],[46.975684,16.953467],[46.778516,17.212109],[46.682031,17.268555],[46.310352,17.231299],[45.406543,17.319775],[45.148047,17.427441],[44.746777,17.431689],[44.546484,17.404346],[44.155957,17.398535],[43.916992,17.324707],[43.712988,17.365527],[43.597266,17.471436],[43.417969,17.51626],[43.190918,17.359375],[43.116504,16.941992],[43.184473,16.811816],[43.165039,16.689404],[43.033594,16.550391],[42.799316,16.371777],[42.698828,16.736963],[42.55293,16.868457],[42.544141,16.959668],[42.383301,17.122461],[42.293945,17.434961],[42.052246,17.669336],[41.75,17.885742],[41.507617,18.256104],[41.431738,18.452441],[41.229492,18.678418],[41.116016,19.082178],[40.913281,19.490137],[40.75918,19.755469],[40.615918,19.822363],[40.482227,19.993457],[40.080664,20.265918],[39.884082,20.292969],[39.72832,20.390332],[39.613672,20.517676],[39.491211,20.737012],[39.276074,20.973975],[39.093555,21.310352],[39.14707,21.518994],[38.987891,21.881738],[39.033984,22.203369],[39.095898,22.392773],[39.062012,22.592188],[38.93877,22.804785],[38.941113,22.881836],[38.796875,23.048584],[38.706055,23.305518],[38.46416,23.711865],[38.288867,23.910986],[37.919727,24.1854],[37.713379,24.274414],[37.543066,24.29165],[37.338477,24.61582],[37.180859,24.82002],[37.266309,24.960059],[37.148828,25.291113],[36.920703,25.641162],[36.762695,25.751318],[36.675195,26.038867],[36.51875,26.104883],[36.249609,26.594775],[36.032031,26.881006],[35.85166,27.070459],[35.762988,27.258789],[35.581348,27.432471],[35.423828,27.733789],[35.180469,28.034863],[35.07832,28.087012],[34.616211,28.14834],[34.779883,28.507324],[34.799121,28.720508],[34.950781,29.353516],[36.01543,29.190479],[36.068457,29.200537],[36.476074,29.495117],[36.703906,29.831641],[36.755273,29.866016],[37.469238,29.995068],[37.633594,30.313281],[37.980078,30.5],[37.479004,31.007764],[36.958594,31.491504],[37.773828,31.696338],[38.962305,31.994922],[39.14541,32.124512],[40.369336,31.938965],[40.808398,31.725439],[42.074414,31.080371],[42.857715,30.495215],[44.099609,29.619336],[44.69082,29.202344],[45.498926,29.131543],[46.356445,29.063672],[46.531445,29.09624],[47.433203,28.989551],[47.521289,28.837842],[47.583105,28.627979],[47.671289,28.533154],[48.44248,28.54292],[48.626367,28.132568],[48.77373,27.959082],[48.832813,27.800684],[48.797168,27.724316],[48.906445,27.629053],[49.2375,27.492725],[49.175098,27.437646],[49.405273,27.180957],[49.537695,27.151758],[49.716504,26.955859],[49.986133,26.828906],[50.027344,26.526855],[50.184961,26.404932],[50.213867,26.308496],[50.155469,26.100537],[50.031641,26.110986],[50.130273,25.846631],[50.28125,25.566113],[50.455176,25.424805],[50.55791,25.08667],[50.804395,24.789258],[50.966016,24.573926],[51.267969,24.607227],[51.418359,24.530957],[51.309863,24.340381],[51.568359,24.286182],[51.592578,24.078857],[52.555078,22.932813],[53.832129,22.776807],[55.104297,22.621484],[55.18584,22.704102],[55.641016,22.001855],[55.387695,21.23623],[54.977344,19.995947],[53.666895,19.559131],[52.806738,19.272461],[51.977637,18.996143]]]]},"properties":{"name":"Saudi Arabia"},"id":"SA"},
    {"type":"Feature","geometry":{"type":"Polygon","coordinates":[[[76.766895,35.661719],[77.048633,35.109912],[77.000879,34.991992],[76.78291,34.900195],[76.594434,34.73584],[76.456738,34.756104],[76.172461,34.667725],[76.041016,34.669922],[75.70918,34.503076],[75.452539,34.536719],[75.1875,34.639014],[74.951855,34.64585],[74.300391,34.765381],[73.96123,34.653467],[73.812109,34.422363],[73.809961,34.325342],[73.979492,34.191309],[73.949902,34.018799],[74.246484,33.990186],[74.215625,33.886572],[74.000977,33.788184],[74.004004,33.632422],[74.15,33.506982],[74.117773,33.384131],[73.994238,33.242188],[74.12627,33.075439],[74.303613,32.991797],[74.35459,32.768701],[74.663281,32.757666],[74.657813,32.518945],[74.788867,32.457813],[74.987305,32.462207],[75.233691,32.372119],[75.333496,32.279199],[75.254102,32.140332],[74.739453,31.948828],[74.555566,31.818555],[74.509961,31.712939],[74.593945,31.465381],[74.517676,31.185596],[74.632812,31.034668],[74.215625,30.768994],[74.008984,30.519678],[73.899316,30.435352],[73.933398,30.22207],[73.80918,30.093359],[73.381641,29.934375],[73.231152,29.550635],[72.90332,29.02876],[72.341895,28.751904],[72.179199,28.421777],[71.948047,28.177295],[71.870313,27.9625],[71.542969,27.869873],[71.184766,27.831641],[70.874902,27.714453],[70.737402,27.729004],[70.629102,27.937451],[70.403711,28.025049],[70.144531,27.849023],[69.896289,27.473633],[69.567969,27.174609],[69.47002,26.804443],[69.506934,26.742676],[69.735938,26.627051],[70.059375,26.57876],[70.156836,26.471436],[70.132617,26.214795],[70.077734,26.071973],[70.100195,25.910059],[70.264648,25.706543],[70.648438,25.666943],[70.652051,25.4229],[70.877734,25.062988],[71.047852,24.687744],[70.973242,24.487402],[71.044043,24.400098],[70.716309,24.237988],[70.579297,24.279053],[70.546777,24.418311],[70.098242,24.2875],[70.021094,24.191553],[69.716211,24.172607],[69.55918,24.273096],[69.119531,24.268652],[68.900781,24.292432],[68.728125,24.265625],[68.724121,23.964697],[68.488672,23.967236],[68.28252,23.927979],[68.165039,23.857324],[67.668457,23.810986],[67.309375,24.174805],[67.288672,24.367773],[67.171484,24.756104],[67.100586,24.791943],[66.703027,24.860937],[66.698633,25.226318],[66.428613,25.575342],[66.219043,25.589893],[66.131152,25.493262],[65.679688,25.355273],[65.40625,25.374316],[65.061328,25.311084],[64.77666,25.307324],[64.658984,25.184082],[64.54375,25.23667],[64.152051,25.333447],[64.059375,25.40293],[63.935547,25.342529],[63.720898,25.385889],[63.556641,25.353174],[63.491406,25.21084],[63.17002,25.254883],[63.015039,25.224658],[62.572461,25.254736],[62.315332,25.134912],[62.198633,25.224854],[62.089453,25.155322],[61.743652,25.138184],[61.587891,25.202344],[61.61543,25.286133],[61.668652,25.768994],[61.754395,25.843359],[61.809961,26.165283],[61.869824,26.242432],[62.239355,26.357031],[62.312305,26.490869],[62.439258,26.561035],[62.786621,26.643896],[63.092969,26.632324],[63.168066,26.665576],[63.186133,26.837598],[63.250391,26.879248],[63.24209,27.077686],[63.166797,27.25249],[62.91543,27.218408],[62.762988,27.250195],[62.812012,27.497021],[62.739746,28.002051],[62.7625,28.202051],[62.564551,28.235156],[62.353027,28.414746],[61.889844,28.546533],[61.623047,28.791602],[61.337891,29.26499],[61.318359,29.372607],[60.843359,29.858691],[62.373438,29.425391],[62.476562,29.40835],[63.567578,29.497998],[64.09873,29.391943],[64.266113,29.506934],[64.521094,29.564502],[65.095508,29.559473],[66.177051,29.835596],[66.313379,29.968555],[66.247168,30.043506],[66.305469,30.321143],[66.286914,30.60791],[66.397168,30.912207],[66.566797,30.996582],[66.731348,31.194531],[66.924316,31.305615],[67.287305,31.217822],[67.452832,31.234619],[67.737891,31.343945],[67.578223,31.506494],[67.739844,31.548193],[68.017188,31.677979],[68.213965,31.807373],[68.443262,31.754492],[68.597656,31.802979],[68.782324,31.646436],[68.868945,31.634229],[69.083105,31.738477],[69.279297,31.936816],[69.241406,32.433545],[69.405371,32.682715],[69.501563,33.020068],[69.703711,33.094727],[69.920117,33.1125],[70.261133,33.289014],[70.28418,33.369043],[70.056641,33.719873],[69.868066,33.897656],[69.994727,34.051807],[70.415723,33.950439],[70.848438,33.981885],[71.051563,34.049707],[71.091309,34.120264],[71.095703,34.369434],[70.965625,34.530371],[71.294141,34.867725],[71.455078,34.966943],[71.620508,35.183008],[71.545508,35.288867],[71.600586,35.40791],[71.427539,35.83374],[71.185059,36.04209],[71.23291,36.121777],[71.620508,36.436475],[71.822266,36.486084],[72.156738,36.700879],[72.622852,36.82959],[73.116797,36.868555],[73.769141,36.888477],[74.001855,36.823096],[74.541406,37.022168],[74.692188,37.035742],[74.889258,36.952441],[75.053906,36.987158],[75.34668,36.913477],[75.424219,36.738232],[75.667188,36.741992],[75.840234,36.649707],[75.974414,36.382422],[75.945117,36.017578],[76.070898,35.983008],[76.147852,35.829004],[76.25166,35.810938],[76.55127,35.887061],[76.563477,35.772998],[76.766895,35.661719]]]},"properties":{"name":"Pakistan"},"id":"PK"},
    {"type":"Feature","geometry":{"type":"MultiPolygon","coordinates":[[[[98.409082,7.902051],[98.262305,7.926074],[98.301367,8.13623],[98.434961,8.085645],[98.409082,7.902051]]],[[[100.122461,20.31665],[100.317969,20.385889],[100.519531,20.17793],[100.543066,20.088672],[100.397656,19.756104],[100.420117,19.644482],[100.625488,19.499854],[100.966504,19.610791],[101.154688,19.579199],[101.220801,19.486621],[101.197559,19.32793],[101.286328,18.977148],[101.165527,18.618311],[101.050586,18.407031],[101.1375,18.286865],[101.113281,18.033545],[100.908496,17.583887],[101.105176,17.479541],[101.16748,17.499023],[101.413672,17.71875],[101.6875,17.889404],[101.774805,18.033398],[101.947461,18.081494],[102.101465,18.210645],[102.351855,18.045947],[102.717578,17.892236],[103.051367,18.028516],[103.148535,18.221729],[103.263184,18.278467],[103.251758,18.373486],[103.366992,18.42334],[103.629687,18.382568],[103.792285,18.316504],[103.949609,18.318994],[104.428125,17.698975],[104.739648,17.46167],[104.816016,17.300293],[104.758984,17.077148],[104.750586,16.647559],[104.819336,16.466064],[104.949902,16.339941],[105.047168,16.160254],[105.40625,15.987451],[105.373242,15.889697],[105.462012,15.78042],[105.62207,15.699951],[105.615625,15.488281],[105.513184,15.360889],[105.49043,15.127588],[105.54668,14.932471],[105.475586,14.530127],[105.342188,14.416699],[105.183301,14.34624],[105.074121,14.227441],[104.969727,14.366113],[104.779004,14.427832],[104.411621,14.36958],[104.227734,14.395508],[103.818359,14.362158],[103.600391,14.421094],[103.199414,14.332617],[103.031055,14.252539],[102.909277,14.136719],[102.728906,13.841895],[102.544727,13.659961],[102.546875,13.585693],[102.319727,13.53999],[102.330762,13.288232],[102.461719,13.015039],[102.499609,12.669971],[102.755664,12.42627],[102.70625,12.255664],[102.736621,12.089795],[102.933887,11.706689],[102.791602,11.888623],[102.762988,12.012451],[102.594141,12.203027],[102.540234,12.109229],[102.22959,12.331641],[102.034375,12.531885],[101.723633,12.689355],[101.444922,12.618945],[101.090234,12.673633],[100.953711,12.62124],[100.863281,12.714502],[100.946094,13.187256],[100.962695,13.431982],[100.656055,13.521289],[100.235645,13.484473],[100.01748,13.353174],[99.990527,13.243457],[100.089941,13.045654],[99.963965,12.690039],[100.005664,12.354736],[99.989062,12.170801],[99.837109,11.936621],[99.79873,11.748779],[99.627344,11.462891],[99.514355,11.100586],[99.486914,10.889551],[99.284766,10.569141],[99.237305,10.388135],[99.165039,10.319824],[99.194629,10.175439],[99.160742,9.734033],[99.288281,9.4146],[99.253906,9.265234],[99.393848,9.213721],[99.723828,9.314209],[99.835547,9.288379],[99.904688,9.112891],[99.960645,8.67124],[100.129297,8.428076],[100.228711,8.424707],[100.279395,8.268506],[100.453516,7.442285],[100.283789,7.551514],[100.317383,7.715967],[100.158203,7.728125],[100.204883,7.500537],[100.423535,7.187842],[100.58623,7.175977],[100.792578,6.994678],[101.017871,6.860938],[101.301953,6.908301],[101.497949,6.865283],[101.614258,6.753955],[101.799219,6.474609],[102.101074,6.242236],[102.055176,6.09668],[101.936133,5.979346],[101.873633,5.825293],[101.65,5.795996],[101.556055,5.907764],[101.257031,5.789355],[101.113965,5.636768],[100.981641,5.771045],[101.075586,5.956494],[101.053516,6.242578],[100.873926,6.24541],[100.79375,6.426172],[100.629492,6.447998],[100.34541,6.549902],[100.261426,6.682715],[100.176758,6.671826],[100.119141,6.441992],[99.868652,6.749902],[99.695996,6.87666],[99.720313,7.106201],[99.602441,7.155322],[99.529102,7.329492],[99.358594,7.372217],[99.300391,7.561328],[99.183398,7.718066],[99.042676,7.765625],[99.051074,7.887842],[98.788672,8.059814],[98.703516,8.256738],[98.579199,8.344287],[98.499805,8.317822],[98.420996,8.178223],[98.305469,8.226221],[98.238184,8.423096],[98.241797,8.767871],[98.325977,8.968945],[98.371387,9.290527],[98.492969,9.561426],[98.561914,9.8375],[98.702539,10.190381],[98.768359,10.430859],[98.757227,10.660937],[99.190137,11.105273],[99.47793,11.6125],[99.614746,11.781201],[99.522949,12.089648],[99.462891,12.190234],[99.394238,12.473633],[99.405078,12.5479],[99.219824,12.739746],[99.173535,12.961328],[99.107422,13.103516],[99.176172,13.233057],[99.17168,13.496924],[99.136816,13.716699],[98.933594,14.049854],[98.57002,14.359912],[98.245996,14.814746],[98.202148,14.975928],[98.191016,15.204102],[98.565234,15.403564],[98.558203,15.768604],[98.592383,16.050684],[98.817969,16.180811],[98.888281,16.351904],[98.835449,16.417578],[98.689258,16.30542],[98.478125,16.732227],[98.438867,16.975684],[98.256543,17.147656],[97.792969,17.68125],[97.698535,17.833545],[97.719727,18.037402],[97.599316,18.302979],[97.450781,18.359668],[97.484961,18.494238],[97.727734,18.572021],[97.754004,18.620801],[97.706055,18.931787],[97.803906,19.130469],[97.816797,19.459961],[98.111035,19.762158],[98.239062,19.690674],[98.493848,19.701318],[98.760645,19.771094],[98.916699,19.7729],[98.987402,19.861377],[99.020703,20.041797],[99.196875,20.115137],[99.337891,20.078906],[99.50166,20.187744],[99.458887,20.363037],[99.638672,20.320459],[99.77334,20.341309],[99.890332,20.424414],[100.122461,20.31665]]]]},"properties":{"name":"Thailand"},"id":"TH"},
    {"type":"Feature","geometry":{"type":"MultiPolygon","coordinates":[[[[48.275391,29.624316],[48.179688,29.611426],[48.081445,29.798926],[48.158594,29.95957],[48.348242,29.782666],[48.275391,29.624316]]],[[[48.44248,28.54292],[47.671289,28.533154],[47.583105,28.627979],[47.521289,28.837842],[47.433203,28.989551],[46.531445,29.09624],[46.769336,29.347461],[46.905859,29.5375],[47.114355,29.961328],[47.331348,30.079687],[47.672754,30.095605],[47.978711,29.982813],[48.005664,29.835791],[48.136133,29.618115],[47.969629,29.616699],[47.725293,29.416943],[47.845312,29.365723],[48.051465,29.355371],[48.183789,28.979395],[48.339258,28.763281],[48.44248,28.54292]]]]},"properties":{"name":"Kuwait"},"id":"KW"},
    {"type":"Feature","geometry":{"type":"MultiPolygon","coordinates":[[[[125.068164,-9.511914],[124.968262,-9.294238],[124.977539,-9.194922],[125.149414,-9.122949],[125.100391,-9.004004],[124.973242,-9.064258],[124.922266,-8.94248],[125.026953,-8.859082],[125.178027,-8.647852],[125.381836,-8.575391],[125.804297,-8.492188],[126.172852,-8.488965],[126.619727,-8.459473],[126.966406,-8.315723],[127.214844,-8.372949],[127.296094,-8.424512],[127.114551,-8.583594],[126.915234,-8.715234],[126.66543,-8.782031],[126.38252,-8.957617],[126.164258,-8.99668],[125.946094,-9.123926],[125.840332,-9.130176],[125.408008,-9.275781],[125.068164,-9.511914]]],[[[124.036328,-9.341602],[124.198145,-9.256152],[124.444434,-9.190332],[124.412988,-9.314355],[124.282324,-9.42793],[124.090137,-9.416406],[124.036328,-9.341602]]]]},"properties":{"name":"East Timor"},"id":"TL"},
    {"type":"Feature","geometry":{"type":"MultiPolygon","coordinates":[[[[115.140039,4.899756],[115.266699,4.633984],[115.24668,4.347217],[115.107031,4.39043],[115.026758,4.691357],[115.026758,4.899707],[115.140039,4.899756]]],[[[115.026758,4.899707],[114.74668,4.718066],[114.790137,4.463916],[114.840234,4.393213],[114.776172,4.168799],[114.608301,4.023975],[114.416602,4.255859],[114.322949,4.262793],[114.224121,4.477881],[114.063867,4.592676],[114.299414,4.607178],[114.544727,4.724561],[114.74082,4.881006],[114.99541,5.022363],[115.026758,4.899707]]]]},"properties":{"name":"Brunei"},"id":"BN"},
    {"type":"Feature","geometry":{"type":"MultiPolygon","coordinates":[[[[100.122461,20.31665],[99.890332,20.424414],[99.77334,20.341309],[99.638672,20.320459],[99.458887,20.363037],[99.50166,20.187744],[99.337891,20.078906],[99.196875,20.115137],[99.020703,20.041797],[98.987402,19.861377],[98.916699,19.7729],[98.760645,19.771094],[98.493848,19.701318],[98.239062,19.690674],[98.111035,19.762158],[97.816797,19.459961],[97.803906,19.130469],[97.706055,18.931787],[97.754004,18.620801],[97.727734,18.572021],[97.484961,18.494238],[97.450781,18.359668],[97.599316,18.302979],[97.719727,18.037402],[97.698535,17.833545],[97.792969,17.68125],[98.256543,17.147656],[98.438867,16.975684],[98.478125,16.732227],[98.689258,16.30542],[98.835449,16.417578],[98.888281,16.351904],[98.817969,16.180811],[98.592383,16.050684],[98.558203,15.768604],[98.565234,15.403564],[98.191016,15.204102],[98.202148,14.975928],[98.245996,14.814746],[98.57002,14.359912],[98.933594,14.049854],[99.136816,13.716699],[99.17168,13.496924],[99.176172,13.233057],[99.107422,13.103516],[99.173535,12.961328],[99.219824,12.739746],[99.405078,12.5479],[99.394238,12.473633],[99.462891,12.190234],[99.522949,12.089648],[99.614746,11.781201],[99.47793,11.6125],[99.190137,11.105273],[98.757227,10.660937],[98.768359,10.430859],[98.702539,10.190381],[98.562598,10.034961],[98.496875,10.18252],[98.523047,10.353125],[98.464941,10.67583],[98.535645,10.740674],[98.675586,10.986914],[98.682617,11.133105],[98.744727,11.240381],[98.741406,11.591699],[98.875977,11.719727],[98.804785,11.779248],[98.636328,11.738379],[98.689453,11.956738],[98.696289,12.225244],[98.624414,12.440723],[98.664648,12.539941],[98.637109,12.848242],[98.575977,13.161914],[98.487109,13.293066],[98.421289,13.483789],[98.24541,13.733496],[98.110645,13.712891],[98.072656,13.986475],[98.100195,14.161523],[97.998438,14.335303],[97.909766,14.652686],[97.812305,14.858936],[97.799805,15.184912],[97.74375,15.306787],[97.774219,15.430957],[97.710352,15.875537],[97.584277,16.01958],[97.640625,16.253857],[97.619629,16.537207],[97.375879,16.522949],[97.26748,16.743115],[97.17832,17.062012],[96.970117,17.317334],[96.850879,17.20293],[96.908594,17.030957],[96.810645,16.778369],[96.622461,16.563916],[96.364355,16.520508],[96.324316,16.444434],[96.012305,16.253711],[95.763281,16.169043],[95.679492,15.976758],[95.555664,15.837842],[95.389551,15.722754],[95.301465,15.756152],[95.333008,16.033252],[95.176953,15.825684],[94.942578,15.818262],[94.891211,15.979102],[94.661523,15.904395],[94.680762,16.133301],[94.5875,16.288818],[94.441602,16.094385],[94.299023,16.007617],[94.214258,16.126611],[94.271289,16.517285],[94.353418,16.639941],[94.473145,17.135449],[94.564453,17.308545],[94.588965,17.569336],[94.494336,17.824609],[94.430762,18.20166],[94.26582,18.507227],[94.252148,18.60918],[94.07002,18.893408],[94.001563,19.181787],[93.929199,18.899658],[93.705469,19.026904],[93.493066,19.369482],[93.578613,19.401172],[93.728027,19.266504],[93.824902,19.238477],[93.962012,19.329346],[93.998145,19.440869],[93.839551,19.534131],[93.739551,19.697266],[93.611719,19.776074],[93.581836,19.90957],[93.362305,20.058301],[93.156641,20.040771],[93.199023,19.89834],[93.129492,19.858008],[93.001953,20.074854],[93.066797,20.377637],[92.882129,20.152148],[92.791211,20.211426],[92.891113,20.340332],[92.735645,20.562695],[92.722852,20.295605],[92.608008,20.469873],[92.324121,20.791846],[92.264453,21.061475],[92.17959,21.293115],[92.330566,21.439795],[92.53916,21.319824],[92.593457,21.467334],[92.574902,21.978076],[92.688965,22.130957],[92.854297,22.010156],[92.964551,22.00376],[93.162012,22.360205],[93.078711,22.718213],[93.1625,22.907959],[93.150977,22.997314],[93.308008,23.030371],[93.366016,23.13252],[93.414941,23.68208],[93.307324,24.021875],[93.49375,23.972852],[93.683398,24.006543],[94.127637,23.876465],[94.293066,24.321875],[94.399414,24.514063],[94.584082,24.767236],[94.707617,25.04873],[94.554395,25.243457],[94.622852,25.41001],[94.78584,25.519336],[94.991992,25.770459],[95.015234,25.912939],[95.132422,26.04126],[95.068945,26.191113],[95.059766,26.473975],[95.128711,26.597266],[95.463867,26.756055],[95.905273,27.046631],[96.061426,27.21709],[96.274219,27.278369],[96.665723,27.339258],[96.797852,27.296191],[96.880273,27.177832],[97.038086,27.102051],[97.103711,27.16333],[96.901953,27.4396],[96.899707,27.643848],[97.226074,27.890039],[97.335156,27.937744],[97.322461,28.217969],[97.537891,28.510205],[97.694629,28.469336],[97.769043,28.356152],[97.864941,28.363574],[98.098926,28.142285],[98.130469,27.967578],[98.298828,27.550098],[98.504492,27.647656],[98.651172,27.572461],[98.674805,27.190625],[98.716504,27.044922],[98.731836,26.583398],[98.663184,26.139453],[98.571973,26.114062],[98.654688,25.917773],[98.625391,25.826709],[98.465527,25.788867],[98.333789,25.586768],[98.172559,25.594531],[98.010742,25.292529],[97.819531,25.251855],[97.714941,25.034326],[97.723828,24.841992],[97.583301,24.774805],[97.531445,24.491699],[97.666602,24.37998],[97.690625,24.130811],[97.568262,23.988477],[97.686035,23.898096],[98.016895,24.06543],[98.2125,24.110645],[98.499414,24.115674],[98.583398,24.069824],[98.764355,24.116064],[98.680859,23.841797],[98.832227,23.624365],[98.797852,23.52041],[98.885547,23.307471],[98.86377,23.19126],[99.055078,23.130566],[99.34082,23.095898],[99.507129,22.959131],[99.385156,22.825098],[99.338281,22.688672],[99.337695,22.498047],[99.172363,22.19248],[99.192969,22.125977],[99.592676,22.08916],[99.917676,22.028027],[99.925586,21.820801],[99.978223,21.701611],[100.095508,21.660645],[100.089258,21.55791],[100.214746,21.462988],[100.350586,21.501025],[100.531348,21.458105],[100.677148,21.504932],[100.835156,21.655176],[101.120703,21.746094],[101.138867,21.56748],[101.080371,21.468652],[100.927539,21.366211],[100.756641,21.312646],[100.613672,21.059326],[100.536133,20.992383],[100.565137,20.825098],[100.407422,20.823242],[100.249316,20.730273],[100.183887,20.589111],[100.122461,20.31665]]],[[[98.553809,11.744873],[98.528418,11.538672],[98.434766,11.56709],[98.376465,11.791504],[98.553809,11.744873]]],[[[97.575,16.253223],[97.480371,16.305713],[97.469141,16.461035],[97.599609,16.429541],[97.575,16.253223]]],[[[93.69082,18.684277],[93.4875,18.867529],[93.744727,18.865527],[93.69082,18.684277]]],[[[93.714844,19.558252],[93.945703,19.428613],[93.901953,19.332031],[93.755859,19.325684],[93.644043,19.495068],[93.714844,19.558252]]]]},"properties":{"name":"Myanmar"},"id":"MM"},
    {"type":"Feature","geometry":{"type":"MultiPolygon","coordinates":[[[[89.051465,22.093164],[89.05,22.274609],[88.920703,22.632031],[88.850586,23.040527],[88.928125,23.186621],[88.724414,23.25498],[88.74082,23.436621],[88.567383,23.674414],[88.699805,24.002539],[88.733594,24.230908],[88.642285,24.325977],[88.396973,24.389258],[88.287109,24.479736],[88.145508,24.485791],[88.023438,24.627832],[88.149805,24.914648],[88.313379,24.881836],[88.45625,25.188428],[88.747559,25.168945],[88.890137,25.194385],[88.944141,25.290771],[88.820312,25.365527],[88.769141,25.490479],[88.593457,25.495313],[88.452344,25.574414],[88.25293,25.789795],[88.08457,25.888232],[88.150781,26.087158],[88.44043,26.369482],[88.345898,26.504785],[88.518262,26.517773],[88.680664,26.352979],[88.682813,26.291699],[89.108301,26.202246],[89.289258,26.037598],[89.549902,26.005273],[89.619043,26.215674],[89.709863,26.17124],[89.822949,25.941406],[89.799609,25.8396],[89.824902,25.560156],[89.814063,25.305371],[90.250391,25.184961],[90.439355,25.157715],[91.293164,25.177979],[91.479688,25.142139],[92.049707,25.169482],[92.204688,25.110937],[92.468359,24.944141],[92.443164,24.849414],[92.25127,24.895068],[92.198047,24.685742],[92.06416,24.374365],[91.95166,24.356738],[91.876953,24.195312],[91.66875,24.190088],[91.526367,24.090771],[91.36709,24.093506],[91.232031,23.920459],[91.160449,23.660645],[91.315234,23.104395],[91.43623,23.199902],[91.51123,23.033691],[91.619531,22.979688],[91.773828,23.106104],[91.754199,23.287305],[91.937891,23.504687],[91.92959,23.685986],[92.127051,23.720996],[92.246094,23.683594],[92.33418,23.323828],[92.361621,22.929004],[92.491406,22.6854],[92.574902,21.978076],[92.593457,21.467334],[92.53916,21.319824],[92.330566,21.439795],[92.17959,21.293115],[92.264453,21.061475],[92.324121,20.791846],[92.056055,21.174805],[92.008008,21.684766],[91.913184,21.883057],[91.85,22.157373],[91.692969,22.504785],[91.482129,22.797412],[91.40957,22.797021],[91.151367,22.614062],[90.945605,22.597021],[90.826758,22.721387],[90.633594,23.094238],[90.656055,23.273047],[90.615625,23.442334],[90.408008,23.431885],[90.590918,23.266406],[90.595117,23.133936],[90.466016,23.053906],[90.435059,22.751904],[90.487402,22.588721],[90.595508,22.43584],[90.589453,22.258447],[90.355762,22.048242],[90.288184,21.899414],[90.158789,21.816846],[90.071191,21.887256],[90.087891,22.01748],[89.811914,21.983496],[89.568555,21.767432],[89.451953,21.821094],[89.353711,21.721094],[89.234277,21.722363],[89.093945,21.872754],[89.051465,22.093164]]],[[[91.150781,22.175195],[91.044727,22.105176],[91.079492,22.519727],[91.178223,22.283008],[91.150781,22.175195]]],[[[90.777637,22.089307],[90.515039,22.065137],[90.680469,22.32749],[90.649219,22.540674],[90.564941,22.617627],[90.50293,22.835352],[90.672266,22.813184],[90.736914,22.638721],[90.868164,22.484863],[90.829883,22.159961],[90.777637,22.089307]]],[[[91.949219,21.508057],[91.857031,21.708789],[91.933984,21.722168],[91.949219,21.508057]]]]},"properties":{"name":"Bangladesh"},"id":"BD"},
    {"type":"Feature","geometry":{"type":"Polygon","coordinates":[[[66.522266,37.348486],[66.827734,37.371289],[67.068848,37.334814],[67.319727,37.20957],[67.517285,37.26665],[67.758984,37.172217],[67.958008,36.972021],[68.067773,36.949805],[68.386914,37.1375],[68.669141,37.258398],[68.960449,37.325049],[69.264844,37.108398],[69.414453,37.207764],[69.399219,37.399316],[69.49209,37.553076],[69.625781,37.594043],[69.940625,37.600293],[70.044727,37.547217],[70.251465,37.66416],[70.214648,37.924414],[70.417773,38.075439],[70.61582,38.334424],[70.878906,38.456396],[71.052148,38.417871],[71.255859,38.306982],[71.332715,38.170264],[71.278516,37.918408],[71.551953,37.933154],[71.580371,37.864258],[71.505078,37.60293],[71.43291,37.127539],[71.597461,36.73291],[71.802051,36.694287],[72.153516,36.900537],[72.358789,36.98291],[72.657422,37.029053],[72.757031,37.172705],[72.895508,37.267529],[73.211133,37.408496],[73.481348,37.47168],[73.720605,37.41875],[73.749609,37.231787],[74.16709,37.329443],[74.259668,37.41543],[74.659375,37.394482],[74.891309,37.231641],[74.72666,37.290723],[74.372168,37.157715],[74.541406,37.022168],[74.001855,36.823096],[73.769141,36.888477],[73.116797,36.868555],[72.622852,36.82959],[72.156738,36.700879],[71.822266,36.486084],[71.620508,36.436475],[71.23291,36.121777],[71.185059,36.04209],[71.427539,35.83374],[71.600586,35.40791],[71.545508,35.288867],[71.620508,35.183008],[71.455078,34.966943],[71.294141,34.867725],[70.965625,34.530371],[71.095703,34.369434],[71.091309,34.120264],[71.051563,34.049707],[70.848438,33.981885],[70.415723,33.950439],[69.994727,34.051807],[69.868066,33.897656],[70.056641,33.719873],[70.28418,33.369043],[70.261133,33.289014],[69.920117,33.1125],[69.703711,33.094727],[69.501563,33.020068],[69.405371,32.682715],[69.241406,32.433545],[69.279297,31.936816],[69.083105,31.738477],[68.868945,31.634229],[68.782324,31.646436],[68.597656,31.802979],[68.443262,31.754492],[68.213965,31.807373],[68.017188,31.677979],[67.739844,31.548193],[67.578223,31.506494],[67.737891,31.343945],[67.452832,31.234619],[67.287305,31.217822],[66.924316,31.305615],[66.731348,31.194531],[66.566797,30.996582],[66.397168,30.912207],[66.286914,30.60791],[66.305469,30.321143],[66.247168,30.043506],[66.313379,29.968555],[66.177051,29.835596],[65.095508,29.559473],[64.521094,29.564502],[64.266113,29.506934],[64.09873,29.391943],[63.567578,29.497998],[62.476562,29.40835],[62.373438,29.425391],[60.843359,29.858691],[61.78418,30.831934],[61.814258,31.072559],[61.755078,31.285303],[61.660156,31.382422],[60.854102,31.483252],[60.791602,31.660596],[60.789941,31.987109],[60.829297,32.249414],[60.576563,32.994873],[60.560547,33.137842],[60.916992,33.505225],[60.65459,33.5604],[60.51084,33.638916],[60.527051,33.841992],[60.485742,34.094775],[60.642676,34.307178],[60.889453,34.319434],[60.72627,34.518262],[60.951172,34.653857],[61.080078,34.855615],[61.149609,35.09375],[61.1,35.272314],[61.189258,35.312012],[61.278516,35.51377],[61.262012,35.61958],[61.344727,35.629492],[61.542773,35.457861],[61.719727,35.419434],[61.983887,35.443701],[62.252832,35.250244],[62.307813,35.170801],[62.462891,35.251367],[62.610547,35.233154],[63.056641,35.445801],[63.169727,35.678125],[63.108594,35.818701],[63.8625,36.012354],[64.009668,36.012109],[64.092188,36.112695],[64.358008,36.226074],[64.511035,36.340674],[64.816309,37.13208],[65.089648,37.237939],[65.55498,37.251172],[65.641211,37.467822],[65.765039,37.569141],[66.108398,37.414746],[66.522266,37.348486]]]},"properties":{"name":"Afghanistan"},"id":"AF"},
    {"type":"Feature","geometry":{"type":"Polygon","coordinates":[[[55.977441,41.322217],[56.773633,41.287988],[57.017969,41.263477],[57.118848,41.350293],[57.018164,41.450586],[56.964063,41.856543],[57.228809,42.084473],[57.381738,42.156299],[57.814258,42.189844],[58.028906,42.487646],[58.234082,42.447705],[58.259668,42.688086],[58.477148,42.662842],[58.589063,42.778467],[58.876953,42.561475],[59.123145,42.523779],[59.276563,42.356152],[59.451074,42.299512],[59.858301,42.295166],[60.006055,42.19082],[59.962598,41.954395],[60.106934,41.907422],[60.075586,41.700537],[60.137988,41.594141],[60.089648,41.399414],[60.45498,41.221631],[60.754883,41.245752],[61.328906,41.195117],[61.496973,41.276074],[61.799902,41.163428],[61.953516,41.030615],[62.09502,40.683301],[62.298047,40.46748],[62.375,40.33208],[62.441602,40.03623],[62.650684,39.858496],[63.506055,39.3771],[63.720801,39.188135],[64.162793,38.953613],[64.309961,38.977295],[64.659961,38.736035],[65.07666,38.539453],[65.612891,38.238574],[65.857129,38.26875],[66.173145,38.166699],[66.389746,38.050928],[66.574512,38.010791],[66.629297,37.932031],[66.525586,37.785742],[66.522266,37.348486],[66.108398,37.414746],[65.765039,37.569141],[65.641211,37.467822],[65.55498,37.251172],[65.089648,37.237939],[64.816309,37.13208],[64.511035,36.340674],[64.358008,36.226074],[64.092188,36.112695],[64.009668,36.012109],[63.8625,36.012354],[63.108594,35.818701],[63.169727,35.678125],[63.056641,35.445801],[62.610547,35.233154],[62.462891,35.251367],[62.307813,35.170801],[62.252832,35.250244],[61.983887,35.443701],[61.719727,35.419434],[61.542773,35.457861],[61.344727,35.629492],[61.262012,35.61958],[61.252148,35.867627],[61.15293,35.976758],[61.212402,36.099121],[61.119629,36.642578],[60.341309,36.637646],[60.062793,36.962891],[59.948633,37.041602],[59.562207,37.178906],[59.367383,37.33374],[59.24082,37.520752],[58.81543,37.683496],[58.435742,37.638525],[58.261621,37.66582],[58.108789,37.783057],[57.710547,37.905273],[57.423828,37.947705],[57.193555,38.216406],[56.906641,38.213037],[56.774609,38.250049],[56.440625,38.249414],[56.228809,38.073389],[55.578418,38.099756],[55.380859,38.051123],[55.075586,37.90249],[54.848633,37.722656],[54.745215,37.501904],[54.191602,37.332471],[53.91416,37.343555],[53.823535,37.92793],[53.854102,38.285645],[53.840039,38.514941],[53.868652,38.949268],[53.617578,39.215967],[53.336328,39.34082],[53.20332,39.316797],[53.124805,39.43208],[53.235645,39.608545],[53.389648,39.536426],[53.472266,39.668799],[53.487305,39.909375],[53.404199,39.960352],[52.9875,39.987598],[52.898242,39.9125],[52.744434,40.219775],[52.733691,40.39873],[52.849902,40.685645],[52.943457,41.038086],[53.145215,40.824951],[53.33291,40.782715],[53.615234,40.818506],[53.76377,40.665674],[53.87002,40.648682],[54.192969,40.72041],[54.319434,40.83457],[54.54707,40.832275],[54.710059,40.891113],[54.703711,41.071143],[54.592188,41.193555],[54.28457,41.363721],[54.094824,41.519385],[53.846484,42.091162],[53.624902,42.136377],[53.284961,42.081836],[53.16416,42.093799],[52.97002,41.976221],[52.814844,41.711816],[52.883496,41.652539],[52.830176,41.341895],[52.609375,41.529443],[52.493848,41.780371],[52.870508,42.060596],[53.250098,42.205859],[53.685352,42.296875],[54.120996,42.335205],[54.67793,42.078223],[54.903711,41.919092],[54.952344,41.81001],[55.249609,41.458105],[55.434375,41.296289],[55.545215,41.262744],[55.977441,41.322217]]]},"properties":{"name":"Turkmenistan"},"id":"TM"},
    {"type":"Feature","geometry":{"type":"Polygon","coordinates":[[[35.787305,32.734912],[35.894727,32.71377],[36.059473,32.533789],[36.219727,32.495117],[36.37207,32.386914],[36.818359,32.317285],[38.055762,32.994873],[38.773535,33.372217],[39.057813,32.493164],[39.041406,32.305664],[39.247461,32.350977],[39.292773,32.243848],[39.14541,32.124512],[38.962305,31.994922],[37.773828,31.696338],[36.958594,31.491504],[37.479004,31.007764],[37.980078,30.5],[37.633594,30.313281],[37.469238,29.995068],[36.755273,29.866016],[36.703906,29.831641],[36.476074,29.495117],[36.068457,29.200537],[36.01543,29.190479],[34.950781,29.353516],[34.973438,29.555029],[35.068164,29.977881],[35.141602,30.141699],[35.174023,30.523926],[35.439258,31.132422],[35.400684,31.230518],[35.450586,31.479297],[35.558984,31.765527],[35.531445,31.984912],[35.57207,32.237891],[35.551465,32.395508],[35.572852,32.640869],[35.787305,32.734912]]]},"properties":{"name":"Jordan"},"id":"JO"},
    {"type":"Feature","geometry":{"type":"Polygon","coordinates":[[[88.109766,27.870605],[88.146973,27.749219],[88.024121,27.408887],[87.984375,27.133936],[88.111035,26.928467],[88.161523,26.724805],[88.054883,26.430029],[87.849219,26.436914],[87.633398,26.399121],[87.413574,26.422949],[87.287402,26.360303],[87.089551,26.433203],[87.016406,26.55542],[86.701367,26.435059],[86.366113,26.574414],[86.007324,26.649365],[85.855664,26.600195],[85.737305,26.639746],[85.699902,26.781641],[85.568457,26.839844],[85.292969,26.741016],[85.151563,26.846631],[85.020117,26.878516],[84.685352,27.041016],[84.610156,27.298682],[84.091016,27.491357],[83.828809,27.377832],[83.447168,27.465332],[83.289746,27.370996],[82.733398,27.518994],[82.677344,27.673437],[82.451367,27.671826],[81.987695,27.91377],[81.852637,27.86709],[81.31084,28.176367],[81.168945,28.33501],[80.750781,28.539697],[80.587012,28.649609],[80.418555,28.612012],[80.070703,28.830176],[80.130469,29.100391],[80.233008,29.194629],[80.254883,29.42334],[80.401855,29.730273],[80.549023,29.899805],[80.907617,30.171924],[81.010254,30.164502],[81.110352,30.036816],[81.255078,30.093311],[81.417188,30.337598],[81.641895,30.3875],[82.043359,30.326758],[82.158984,30.115186],[82.486523,29.941504],[82.854297,29.683398],[83.155469,29.612646],[83.355176,29.43916],[83.583496,29.183594],[83.935938,29.279492],[84.101367,29.219971],[84.228711,28.911768],[84.714258,28.595557],[84.855078,28.553613],[85.159082,28.592236],[85.088574,28.372266],[85.122461,28.315967],[85.410645,28.276025],[85.67832,28.277441],[85.840234,28.135352],[85.954102,27.928223],[86.06416,27.934717],[86.078711,28.083594],[86.408691,27.928662],[86.516895,27.963525],[86.554492,28.085205],[87.020117,27.928662],[87.141406,27.83833],[87.682715,27.821387],[87.860742,27.886084],[88.109766,27.870605]]]},"properties":{"name":"Nepal"},"id":"NP"},
    {"type":"Feature","geometry":{"type":"MultiPolygon","coordinates":[[[[53.085645,16.648389],[52.581445,16.470361],[52.327734,16.293555],[52.237305,16.171387],[52.174023,15.956836],[52.21748,15.655518],[51.603711,15.336816],[51.322461,15.22627],[51.015137,15.140771],[50.527051,15.038184],[50.166895,14.851025],[49.906348,14.828125],[49.548633,14.722412],[49.349902,14.637793],[49.048047,14.456445],[49.004688,14.355029],[48.77998,14.123877],[48.668359,14.050146],[48.277832,13.997656],[47.989941,14.048096],[47.633398,13.858447],[47.407715,13.661621],[46.975684,13.547461],[46.788867,13.465576],[46.501953,13.415576],[46.203125,13.423828],[45.919727,13.394287],[45.657324,13.338721],[45.393555,13.067041],[45.163867,12.998291],[45.038672,12.815869],[44.755273,12.76377],[44.617773,12.817236],[44.358496,12.669141],[43.929785,12.616504],[43.634375,12.744482],[43.487598,12.698828],[43.475293,12.839014],[43.231934,13.26709],[43.282617,13.639844],[43.234082,13.858936],[43.089063,14.010986],[43.093359,14.203662],[43.00625,14.483105],[43.021094,14.554883],[42.912988,14.863086],[42.936426,14.938574],[42.855664,15.132959],[42.657812,15.232812],[42.799902,15.371631],[42.717188,15.654639],[42.839648,16.032031],[42.799316,16.371777],[43.033594,16.550391],[43.165039,16.689404],[43.184473,16.811816],[43.116504,16.941992],[43.190918,17.359375],[43.417969,17.51626],[43.597266,17.471436],[43.712988,17.365527],[43.916992,17.324707],[44.155957,17.398535],[44.546484,17.404346],[44.746777,17.431689],[45.148047,17.427441],[45.406543,17.319775],[46.310352,17.231299],[46.682031,17.268555],[46.778516,17.212109],[46.975684,16.953467],[47.143555,16.94668],[47.441797,17.111865],[47.57959,17.44834],[48.172168,18.156934],[49.041992,18.581787],[49.192383,18.621338],[50.355273,18.777783],[51.258398,18.899365],[51.977637,18.996143],[52.464551,17.897412],[52.729199,17.300391],[52.800586,17.26792],[53.085645,16.648389]]],[[[53.763184,12.636816],[54.187402,12.664014],[54.511133,12.552783],[54.129492,12.360645],[53.718848,12.318994],[53.59834,12.342285],[53.31582,12.533154],[53.430957,12.663574],[53.638477,12.707373],[53.763184,12.636816]]]]},"properties":{"name":"Yemen"},"id":"YE"},
    {"type":"Feature","geometry":{"type":"Polygon","coordinates":[[[114.01543,22.511914],[114.266016,22.540967],[114.267969,22.295557],[113.896484,22.428174],[114.01543,22.511914]]]},"properties":{"name":"Hong Kong"},"id":"HK"},
    {"type":"Feature","geometry":{"type":"MultiPolygon","coordinates":[[[[121.101562,18.615283],[121.254492,18.563428],[121.592969,18.376465],[121.845605,18.29541],[122.038477,18.32793],[122.14668,18.486572],[122.299805,18.402783],[122.293848,18.234277],[122.179492,18.064258],[122.150977,17.756494],[122.236816,17.434863],[122.362305,17.344873],[122.40752,17.178125],[122.519141,17.124854],[122.425781,16.822656],[122.225879,16.435205],[122.135156,16.184814],[121.788672,16.077441],[121.595313,15.933252],[121.560938,15.826758],[121.607031,15.669824],[121.392285,15.324414],[121.543945,14.99917],[121.69541,14.737305],[121.626563,14.681738],[121.648535,14.481494],[121.800488,14.113867],[121.911719,14.02041],[122.211719,13.930176],[122.274414,14.044727],[122.199707,14.148047],[122.49082,14.322363],[122.856055,14.250781],[123.014551,14.079834],[123.070996,13.959961],[123.059961,13.78877],[123.231445,13.747363],[123.296973,13.836426],[123.320312,14.06167],[123.432324,13.96626],[123.725977,13.884326],[123.857617,13.799609],[123.80625,13.721729],[123.607129,13.704443],[123.608105,13.528076],[123.819238,13.269482],[123.785156,13.110547],[123.955176,13.099707],[124.142773,13.035791],[124.137305,12.791162],[124.059766,12.56709],[123.877832,12.689697],[123.917969,12.939941],[123.626758,12.911768],[123.402344,13.033105],[123.310938,13.044092],[123.295508,13.215576],[123.163281,13.441748],[122.896191,13.591943],[122.595215,13.907617],[122.467969,13.886719],[122.508008,13.656836],[122.667871,13.395361],[122.675098,13.253174],[122.515234,13.26001],[122.406934,13.492773],[122.072754,13.788379],[121.77793,13.937646],[121.501074,13.842187],[121.446289,13.711865],[121.203516,13.640283],[120.840723,13.884717],[120.729102,13.900537],[120.637109,13.804492],[120.616797,14.188037],[120.688281,14.291211],[120.92207,14.493115],[120.941309,14.645068],[120.888086,14.715771],[120.70791,14.776611],[120.546777,14.766113],[120.588672,14.483105],[120.43877,14.453369],[120.250781,14.793311],[120.082129,14.851074],[120.036621,15.114551],[119.932813,15.430908],[119.891602,15.837695],[119.768945,16.008447],[119.772559,16.255127],[119.830762,16.326563],[120.033398,16.18457],[120.159766,16.047656],[120.337012,16.066455],[120.389258,16.221631],[120.305273,16.529248],[120.321191,16.761865],[120.408887,16.955615],[120.424512,17.43833],[120.358398,17.638184],[120.599707,18.507861],[120.81377,18.603418],[121.101562,18.615283]]],[[[117.311133,8.4396],[117.255859,8.540967],[117.349902,8.713574],[117.593262,8.968311],[117.884766,9.240674],[118.114844,9.34668],[118.533398,9.793652],[118.727539,10.03501],[118.845117,10.131299],[119.023828,10.353564],[119.143066,10.409277],[119.287012,10.574023],[119.312695,10.687109],[119.261133,10.845166],[119.465332,11.293799],[119.560254,11.266797],[119.52666,10.953174],[119.684375,10.551709],[119.595215,10.407422],[119.422461,10.354395],[119.284766,10.251709],[119.191504,10.061084],[118.782129,9.916113],[118.773828,9.766797],[118.569629,9.422754],[118.434961,9.256006],[118.134082,9.101367],[117.989551,8.8771],[117.679883,8.677832],[117.572168,8.641992],[117.516602,8.53833],[117.311133,8.4396]]],[[[122.496191,11.615088],[122.612695,11.56416],[122.72627,11.60791],[122.93125,11.529297],[123.158301,11.535547],[123.144141,11.363574],[123.016504,11.116504],[122.80293,10.990039],[122.769922,10.823828],[122.52207,10.691895],[122.197656,10.6229],[121.988379,10.458301],[121.964355,10.87168],[122.050879,11.097363],[122.103516,11.64292],[122.066992,11.72373],[121.891211,11.790869],[121.963672,11.897363],[122.290723,11.772021],[122.496191,11.615088]]],[[[123.130859,9.064111],[122.994727,9.058838],[122.866602,9.319824],[122.5625,9.482812],[122.410937,9.693896],[122.399512,9.823047],[122.471484,9.961523],[122.712988,9.990137],[122.855566,10.086914],[122.866504,10.284033],[122.816992,10.503809],[122.958398,10.69834],[122.983301,10.886621],[123.256641,10.993945],[123.510645,10.923047],[123.567578,10.780762],[123.492871,10.582324],[123.343555,10.325391],[123.296094,10.124512],[123.162012,9.864258],[123.149805,9.606152],[123.308398,9.356982],[123.320508,9.272949],[123.228711,9.121387],[123.130859,9.064111]]],[[[124.574609,11.343066],[124.724316,11.32207],[124.821094,11.401416],[124.92998,11.372852],[125.026563,11.211719],[125.039746,10.951904],[125.013184,10.785693],[125.187695,10.584863],[125.25332,10.263818],[125.105371,10.218311],[124.9875,10.367578],[125.026563,10.033105],[124.780762,10.168066],[124.789551,10.327539],[124.737695,10.439746],[124.798633,10.682227],[124.786719,10.781396],[124.662695,10.961963],[124.445508,10.923584],[124.330664,11.535205],[124.574609,11.343066]]],[[[125.239551,12.527881],[125.320215,12.321826],[125.535645,12.191406],[125.456543,11.952539],[125.505762,11.544238],[125.608984,11.323047],[125.628125,11.132031],[125.431836,11.112598],[125.233398,11.145068],[125.155859,11.267041],[125.034277,11.34126],[124.916992,11.558398],[124.99502,11.764941],[124.884277,11.775488],[124.676758,12.020898],[124.529102,12.079199],[124.384863,12.243994],[124.294727,12.569336],[124.56582,12.526221],[124.840137,12.53457],[125.150195,12.572559],[125.239551,12.527881]]],[[[120.704395,13.479492],[120.915332,13.501074],[121.122461,13.38125],[121.202734,13.432324],[121.522754,13.131201],[121.479688,12.837109],[121.540625,12.638184],[121.412305,12.423047],[121.394336,12.300586],[121.236719,12.218799],[121.107617,12.303613],[120.922168,12.511621],[120.899414,12.64585],[120.795996,12.747998],[120.763672,12.969824],[120.651367,13.169141],[120.508301,13.260059],[120.40127,13.517041],[120.704395,13.479492]]],[[[126.005957,9.320947],[126.193359,9.276709],[126.191992,9.124902],[126.30459,8.952051],[126.319531,8.844727],[126.141602,8.627295],[126.173047,8.560059],[126.365332,8.483887],[126.379785,8.326758],[126.458691,8.202832],[126.435352,7.832812],[126.570117,7.677246],[126.593359,7.546777],[126.581543,7.247754],[126.439063,7.012354],[126.294043,6.882324],[126.240234,6.733887],[126.189355,6.309668],[126.109766,6.489648],[126.080078,6.73335],[125.901172,7.116992],[125.824414,7.333301],[125.689258,7.263037],[125.640723,7.105078],[125.542188,7.016602],[125.400977,6.795752],[125.380664,6.689941],[125.588477,6.465771],[125.670703,6.225],[125.667969,5.978662],[125.455859,5.664258],[125.287891,5.632275],[125.233203,5.808301],[125.268457,6.033154],[125.174023,6.046973],[125.035352,5.870654],[124.927344,5.875342],[124.636328,5.998193],[124.212793,6.233252],[124.078125,6.404443],[123.985254,6.993701],[124.045117,7.114111],[124.190723,7.267334],[124.206641,7.396436],[123.968457,7.664648],[123.66582,7.817773],[123.493066,7.80791],[123.476367,7.665381],[123.390918,7.40752],[123.178223,7.529443],[123.09668,7.700439],[122.989551,7.546289],[122.842969,7.529297],[122.791797,7.722461],[122.616211,7.763135],[122.497949,7.672754],[122.319727,7.340234],[122.176172,7.004199],[122.098145,6.913721],[121.964258,6.968213],[121.904199,7.075195],[121.924609,7.199512],[122.047168,7.363574],[122.131836,7.810498],[122.337109,8.028418],[122.672949,8.133105],[122.911133,8.156445],[122.996289,8.220508],[123.017578,8.39834],[123.147168,8.516016],[123.341211,8.57041],[123.43457,8.70332],[123.680078,8.620605],[123.849219,8.432715],[123.877441,8.188818],[123.996875,8.158984],[124.159375,8.201465],[124.225781,8.271387],[124.325195,8.508447],[124.45127,8.606348],[124.621777,8.522656],[124.731152,8.562988],[124.786816,8.874121],[124.868945,8.972266],[125.141016,8.86875],[125.209668,9.027148],[125.375586,8.991797],[125.49873,9.014746],[125.533398,9.140918],[125.413965,9.669189],[125.520898,9.759131],[125.87666,9.513135],[126.005957,9.320947]]],[[[123.370313,9.449609],[123.316016,9.488965],[123.403711,9.889258],[123.38623,9.96709],[123.514355,10.140332],[123.711426,10.473682],[123.929883,10.963818],[124.05332,10.925781],[124.027539,10.767871],[124.05127,10.585596],[123.952148,10.316602],[123.788672,10.220801],[123.643359,10.020215],[123.633984,9.921729],[123.493555,9.589307],[123.370313,9.449609]]],[[[121.159375,6.075635],[121.213867,6.003516],[121.391504,6.0021],[121.294434,5.869971],[121.218164,5.942725],[121.083008,5.893018],[120.930664,5.896191],[120.898242,6.006934],[121.037695,6.095996],[121.159375,6.075635]]],[[[117.079883,7.883398],[116.969531,7.894922],[116.993555,8.050537],[117.077051,8.069141],[117.079883,7.883398]]],[[[119.916211,10.485986],[119.764453,10.551611],[119.852051,10.640137],[120.008398,10.570117],[119.916211,10.485986]]],[[[120.1,12.167676],[120.341406,12.077441],[120.314551,12.012402],[120.010547,12.008252],[119.865918,12.199023],[119.89668,12.313428],[120.1,12.167676]]],[[[120.03877,11.70332],[119.963867,11.669385],[119.860938,11.953955],[120.035937,11.917236],[120.03877,11.70332]]],[[[122.649512,10.472705],[122.538379,10.424951],[122.5375,10.607568],[122.672559,10.738818],[122.737207,10.65459],[122.649512,10.472705]]],[[[124.593848,9.787207],[124.477539,9.7479],[124.359863,9.630225],[124.122461,9.599316],[123.935645,9.623975],[123.817187,9.817383],[123.908887,9.919629],[124.059766,10.000195],[124.172852,10.135205],[124.335742,10.159912],[124.577148,10.026709],[124.593848,9.787207]]],[[[120.250391,5.256592],[120.191602,5.168311],[120.013281,5.151123],[119.958105,5.079541],[119.827344,5.133154],[120.208008,5.340088],[120.250391,5.256592]]],[[[122.092871,6.42832],[121.95918,6.41582],[121.808691,6.613721],[122.058301,6.740723],[122.288086,6.638916],[122.200977,6.48291],[122.092871,6.42832]]],[[[125.690234,9.914453],[125.494824,10.118701],[125.524609,10.309717],[125.64668,10.24541],[125.70332,10.071777],[125.690234,9.914453]]],[[[121.914844,13.540332],[122.114551,13.463184],[122.122363,13.365137],[122.004883,13.20498],[121.829199,13.328613],[121.815039,13.424463],[121.914844,13.540332]]],[[[122.094043,12.354883],[121.981934,12.245313],[121.923242,12.331299],[121.989453,12.435303],[122.001563,12.598535],[122.131641,12.537549],[122.094043,12.354883]]],[[[122.654492,12.309033],[122.60332,12.285596],[122.422949,12.455078],[122.603613,12.491602],[122.654492,12.309033]]],[[[123.716602,12.287354],[123.908301,12.169092],[124.040332,11.966797],[123.982715,11.818896],[123.612012,12.090234],[123.531055,12.196631],[123.418848,12.194238],[123.292676,12.036377],[123.210547,12.106592],[123.267188,12.395459],[123.236426,12.583496],[123.462988,12.501221],[123.716602,12.287354]]],[[[124.353613,13.632227],[124.175391,13.531543],[124.038867,13.663135],[124.12373,13.790479],[124.122852,13.979688],[124.224902,14.077588],[124.417188,13.871045],[124.404004,13.679443],[124.353613,13.632227]]],[[[122.033496,15.005029],[121.923047,14.8],[121.820312,14.963574],[121.839844,15.038135],[122.033496,15.005029]]],[[[124.608398,11.492188],[124.483496,11.48584],[124.360352,11.665918],[124.510938,11.687109],[124.608398,11.492188]]]]},"properties":{"name":"Philippines"},"id":"PH"},
    {"type":"Feature","geometry":{"type":"Polygon","coordinates":[[[79.982324,9.812695],[80.252832,9.796338],[80.375977,9.642334],[80.711133,9.366357],[80.893457,9.085889],[81.198242,8.661963],[81.226953,8.505518],[81.372852,8.431445],[81.435938,8.118896],[81.66543,7.782471],[81.68291,7.684473],[81.874121,7.28833],[81.861426,6.90127],[81.767773,6.614307],[81.637402,6.425146],[81.37998,6.240918],[80.724121,5.979053],[80.495801,5.949365],[80.267383,6.009766],[80.095313,6.153174],[80.007227,6.364404],[79.859375,6.829297],[79.79209,7.585205],[79.707812,8.065674],[79.808887,8.05],[79.850879,8.411572],[79.941797,8.691504],[79.928906,8.899219],[80.064844,9.095654],[80.118359,9.326855],[80.086328,9.577832],[79.982324,9.812695]]]},"properties":{"name":"Sri Lanka"},"id":"LK"},
    {"type":"Feature","geometry":{"type":"Polygon","coordinates":[[[121.008789,22.620361],[120.897363,22.37915],[120.839844,21.925],[120.690137,22.033105],[120.678027,22.159668],[120.58125,22.356396],[120.325586,22.542432],[120.232813,22.71792],[120.072461,23.149756],[120.142969,23.399072],[120.158984,23.709033],[120.629687,24.478516],[120.901563,24.813281],[121.040625,25.032812],[121.36543,25.15918],[121.449609,25.249023],[121.593652,25.275342],[121.852832,25.104443],[121.929004,24.97373],[121.820117,24.824512],[121.828027,24.534375],[121.737012,24.285254],[121.639355,24.130078],[121.477148,23.424072],[121.397461,23.17251],[121.295898,22.966602],[121.008789,22.620361]]]},"properties":{"name":"Taiwan"},"id":"TW"},
    {"type":"Feature","geometry":{"type":"MultiPolygon","coordinates":[[[[138.344043,37.822119],[138.25,38.078467],[138.461328,38.291455],[138.453613,38.075684],[138.575195,38.065527],[138.496973,37.903906],[138.344043,37.822119]]],[[[134.932813,34.288135],[134.824414,34.20293],[134.667871,34.294141],[134.834277,34.472656],[134.932813,34.288135]]],[[[130.622754,30.262988],[130.445605,30.264697],[130.388086,30.388184],[130.497168,30.465527],[130.673242,30.366895],[130.622754,30.262988]]],[[[130.08252,32.229687],[129.979297,32.346191],[130.009766,32.521631],[130.167773,32.541211],[130.199512,32.340576],[130.08252,32.229687]]],[[[129.279492,34.123389],[129.186426,34.14502],[129.214844,34.320654],[129.337109,34.284766],[129.279492,34.123389]]],[[[129.385645,34.353662],[129.266699,34.370459],[129.325879,34.607275],[129.475391,34.54043],[129.385645,34.353662]]],[[[128.665332,32.783887],[128.838574,32.762891],[128.894531,32.652148],[128.657324,32.628418],[128.665332,32.783887]]],[[[143.824316,44.116992],[144.101367,44.101562],[144.481836,43.949561],[144.798535,43.940234],[145.342773,44.333887],[145.351953,44.229785],[145.126367,43.869385],[145.101074,43.764551],[145.34082,43.302539],[145.347461,43.176709],[145.028809,43.031641],[144.630762,42.946924],[144.301563,42.984424],[143.969336,42.881396],[143.580957,42.59873],[143.429492,42.418896],[143.236523,42.000195],[142.508203,42.257959],[141.851367,42.579053],[141.406641,42.546924],[140.986133,42.342139],[140.709766,42.555615],[140.480469,42.559375],[140.315234,42.334277],[140.527539,42.131787],[140.733789,42.116357],[141.150977,41.805078],[140.999512,41.737402],[140.659863,41.815576],[140.48916,41.672168],[140.384961,41.519287],[140.148633,41.423242],[139.995313,41.576416],[140.108398,41.912939],[140.056836,42.067334],[139.895117,42.190039],[139.820898,42.387598],[139.891113,42.649219],[140.224121,42.795508],[140.432227,42.954102],[140.486426,43.049902],[140.397461,43.167334],[140.486914,43.338184],[140.780664,43.21499],[141.138184,43.179932],[141.296289,43.199658],[141.412305,43.381494],[141.397656,43.642627],[141.644727,44.019434],[141.66084,44.263623],[141.760938,44.48252],[141.782227,44.716357],[141.719043,44.941064],[141.583008,45.155957],[141.667969,45.40127],[141.937695,45.509521],[142.416016,45.125],[142.704102,44.819189],[142.884766,44.670117],[143.288574,44.396631],[143.824316,44.116992]]],[[[131.174609,33.602588],[131.41875,33.584424],[131.583008,33.652393],[131.710645,33.502344],[131.537402,33.274072],[131.896582,33.25459],[131.847852,33.118066],[131.949316,33.04707],[131.97666,32.843945],[131.732129,32.592822],[131.564648,32.223047],[131.460254,31.883496],[131.459961,31.670801],[131.337207,31.404688],[131.139746,31.441846],[131.035156,31.377686],[131.098438,31.256152],[130.902246,31.112061],[130.685742,31.015137],[130.789746,31.269092],[130.655078,31.718408],[130.528125,31.459668],[130.644531,31.26748],[130.58877,31.178516],[130.200684,31.291895],[130.147266,31.408496],[130.294141,31.450684],[130.321973,31.601465],[130.187891,31.768848],[130.194434,32.090771],[130.319141,32.143506],[130.462012,32.304932],[130.640527,32.619238],[130.547266,32.831592],[130.381738,33.092578],[130.2375,33.177637],[130.126855,33.104834],[130.175,32.851318],[130.326465,32.852637],[130.34043,32.701855],[130.245508,32.677148],[130.054102,32.770801],[129.826758,32.725342],[129.82832,32.892676],[129.896777,33.022363],[129.580078,33.236279],[129.659961,33.36499],[130.07207,33.521777],[130.167969,33.598291],[130.365039,33.634473],[130.483789,33.834619],[130.715625,33.927783],[130.953125,33.872021],[131.058105,33.672852],[131.174609,33.602588]]],[[[134.357422,34.256348],[134.6375,34.226611],[134.635254,34.043945],[134.738867,33.820508],[134.377051,33.608398],[134.242676,33.439453],[134.181641,33.247217],[133.958691,33.44834],[133.632031,33.510986],[133.285938,33.359961],[132.977246,32.841992],[132.869922,32.75459],[132.692188,32.775928],[132.708984,32.90249],[132.495117,32.916602],[132.475781,33.126465],[132.511426,33.293066],[132.405176,33.33125],[132.365918,33.512451],[132.643066,33.689941],[132.784277,33.992432],[132.990137,34.088135],[133.133691,33.927295],[133.582031,34.017139],[133.70625,34.237354],[133.94834,34.348047],[134.075879,34.358398],[134.357422,34.256348]]],[[[141.229297,41.372656],[141.455469,41.404736],[141.4,41.096338],[141.462793,40.611133],[141.646289,40.473633],[141.79707,40.291162],[141.977832,39.844434],[141.976953,39.428809],[141.900781,39.111328],[141.658594,38.974854],[141.546289,38.762842],[141.46748,38.40415],[141.108398,38.337939],[140.962109,38.148877],[140.92793,37.949609],[141.036328,37.467236],[140.968359,37.002051],[140.791797,36.846875],[140.627344,36.502783],[140.573535,36.231348],[140.621973,36.059229],[140.874023,35.724951],[140.639258,35.661279],[140.457422,35.510254],[140.416504,35.266992],[140.314746,35.155029],[140.05918,35.038281],[139.92041,34.899609],[139.799219,34.956934],[139.851465,35.232324],[139.826465,35.29668],[140.086328,35.54043],[139.9875,35.668213],[139.834766,35.658057],[139.767773,35.494824],[139.65,35.409131],[139.744043,35.252393],[139.635938,35.142139],[139.474414,35.298535],[139.249414,35.278027],[139.11582,35.097119],[139.086035,34.83916],[138.982617,34.698389],[138.8375,34.619238],[138.761035,34.699219],[138.802734,34.974805],[138.719629,35.124072],[138.577148,35.086475],[138.253223,34.732666],[138.189063,34.596338],[137.979004,34.640918],[137.543359,34.664209],[137.318066,34.636377],[137.275195,34.77251],[137.032227,34.765918],[136.88457,34.805859],[136.851855,35.059521],[136.690039,34.984131],[136.533008,34.678369],[136.61582,34.589062],[136.880273,34.433594],[136.853711,34.324072],[136.544434,34.257715],[136.329883,34.176855],[135.916211,33.561719],[135.695312,33.486963],[135.452832,33.553369],[135.346777,33.721973],[135.175391,33.898047],[135.12793,34.006982],[135.100098,34.288379],[135.384766,34.500439],[135.355176,34.654297],[135.041699,34.631006],[134.740039,34.765234],[134.583789,34.770605],[134.208301,34.697656],[133.968262,34.527295],[133.445312,34.433154],[133.142383,34.302441],[133.018945,34.32959],[132.656543,34.246094],[132.421289,34.353369],[132.238086,34.227002],[132.201953,34.032031],[132.090234,33.855469],[131.740527,34.052051],[131.476172,34.019385],[131.232617,33.947998],[131.071875,34.020654],[130.918848,33.975732],[130.889258,34.261816],[131.004199,34.392578],[131.354395,34.413184],[131.608008,34.615479],[131.856055,34.726318],[132.25957,35.022314],[132.619043,35.306836],[132.697656,35.418311],[132.922949,35.511279],[133.267188,35.556543],[133.376465,35.458838],[133.61543,35.511426],[133.860254,35.494873],[134.214063,35.539258],[134.456055,35.62793],[134.882227,35.663232],[135.174316,35.74707],[135.232031,35.591895],[135.326953,35.525537],[135.680273,35.503125],[135.903125,35.606885],[136.095313,35.767627],[136.00625,35.990576],[136.15625,36.22334],[136.358984,36.361768],[136.698145,36.742041],[136.749316,36.951025],[136.719238,37.198389],[136.843457,37.382129],[137.322656,37.52207],[137.3375,37.437451],[137.152051,37.283154],[136.924023,37.171973],[136.994434,37.026758],[137.016699,36.837207],[137.12373,36.774072],[137.342578,36.770361],[137.514063,36.951563],[137.913184,37.0646],[138.319922,37.218408],[138.54834,37.392139],[138.709375,37.560645],[138.885059,37.843945],[139.247168,38.009082],[139.400977,38.142578],[139.476758,38.399805],[139.580176,38.598877],[139.801953,38.881592],[139.912305,39.228564],[140.048145,39.463721],[140.054688,39.749268],[139.908008,40.021729],[140.014453,40.314893],[139.922852,40.598438],[140.029297,40.733154],[140.28125,40.846094],[140.343555,41.005664],[140.315234,41.160889],[140.385938,41.229785],[140.627637,41.19541],[140.679395,40.893262],[140.800781,40.834326],[140.936035,40.940771],[141.118555,40.882275],[141.262109,41.102686],[141.200391,41.243604],[140.800586,41.138818],[140.85957,41.425439],[140.936914,41.505566],[141.229297,41.372656]]],[[[124.293164,24.515918],[124.234277,24.358057],[124.084766,24.43584],[124.293164,24.515918]]],[[[123.888672,24.280127],[123.680664,24.288037],[123.771484,24.414453],[123.934863,24.362012],[123.888672,24.280127]]],[[[128.258789,26.652783],[128.126953,26.552246],[127.925977,26.555713],[128.216504,26.796875],[128.258789,26.652783]]],[[[129.452539,28.208984],[129.366406,28.127734],[129.247852,28.28252],[129.322461,28.359619],[129.641699,28.411279],[129.439063,28.254785],[129.452539,28.208984]]]]},"properties":{"name":"Japan"},"id":"JP"},
    {"type":"Feature","geometry":{"type":"Polygon","coordinates":[[[103.969727,1.331445],[103.819922,1.265381],[103.650195,1.325537],[103.705273,1.423437],[103.817969,1.44707],[103.969727,1.331445]]]},"properties":{"name":"Singapore"},"id":"SG"},
    {"type":"Feature","geometry":{"type":"Polygon","coordinates":[[[50.607227,25.883105],[50.465918,25.965527],[50.452441,26.19082],[50.609766,26.124463],[50.607227,25.883105]]]},"properties":{"name":"Bahrain"},"id":"BH"},
    {"type":"Feature","geometry":{"type":"Polygon","coordinates":[[[113.478906,22.195557],[113.494141,22.241553],[113.527051,22.245947],[113.478906,22.195557]]]},"properties":{"name":"Macau"},"id":"MO"},
    {"type":"Feature","geometry":{"type":"MultiPolygon","coordinates":[[[[-70.418262,-18.345605],[-70.183789,-18.325195],[-69.926367,-18.206055],[-69.839697,-18.093457],[-69.802441,-17.9],[-69.8521,-17.703809],[-69.684766,-17.649805],[-69.510937,-17.506055],[-69.49502,-17.619531],[-69.358008,-17.77168],[-69.313379,-17.943164],[-69.093945,-18.050488],[-69.145459,-18.144043],[-69.092285,-18.282422],[-68.968311,-18.967969],[-68.857959,-19.093359],[-68.462891,-19.432813],[-68.698291,-19.721094],[-68.578271,-19.856543],[-68.600195,-20.044922],[-68.72749,-20.069629],[-68.688574,-20.310059],[-68.745166,-20.458594],[-68.499854,-20.612012],[-68.563184,-20.720117],[-68.533838,-20.923633],[-68.435498,-20.948242],[-68.197021,-21.300293],[-68.186426,-21.618555],[-68.112158,-21.753027],[-68.076758,-21.982813],[-67.988379,-22.057129],[-67.950391,-22.333691],[-67.881738,-22.493359],[-67.879443,-22.822949],[-67.794434,-22.879492],[-67.579932,-22.891699],[-67.194873,-22.82168],[-67.008789,-23.001367],[-67.356201,-24.033789],[-68.250293,-24.391992],[-68.507275,-24.629785],[-68.562012,-24.837695],[-68.466309,-24.925195],[-68.384229,-25.091895],[-68.54082,-25.236719],[-68.600293,-25.485645],[-68.51084,-25.741016],[-68.414502,-26.153711],[-68.529834,-26.276953],[-68.581152,-26.518359],[-68.318652,-26.877539],[-68.345996,-27.02793],[-68.652197,-27.14834],[-68.846338,-27.153711],[-68.941992,-27.405176],[-68.999414,-27.449023],[-69.174414,-27.924707],[-69.251221,-27.973633],[-69.656934,-28.413574],[-69.734912,-28.641113],[-69.743164,-28.783887],[-69.827881,-29.103223],[-70.026807,-29.324023],[-69.927637,-29.769141],[-69.959961,-30.07832],[-69.863379,-30.120313],[-69.956348,-30.358203],[-70.161426,-30.440234],[-70.348145,-30.902344],[-70.309082,-31.022656],[-70.388379,-31.121094],[-70.51958,-31.148438],[-70.585205,-31.569434],[-70.450146,-31.841895],[-70.254395,-31.957715],[-70.36377,-32.083496],[-70.32002,-32.266699],[-70.169629,-32.47168],[-70.176953,-32.626074],[-70.116162,-32.807422],[-70.021973,-32.88457],[-70.093066,-33.026758],[-70.084863,-33.201758],[-70.019824,-33.271484],[-69.819629,-33.283789],[-69.797754,-33.398633],[-69.894336,-33.731348],[-69.852441,-34.224316],[-70.052051,-34.300781],[-70.101465,-34.432031],[-70.289941,-34.732813],[-70.393164,-35.146875],[-70.555176,-35.246875],[-70.47041,-35.326172],[-70.380176,-35.771875],[-70.404785,-36.061719],[-70.721924,-36.283203],[-70.749268,-36.392578],[-70.905127,-36.419922],[-71.055518,-36.52373],[-71.066406,-36.644043],[-71.192187,-36.843652],[-71.118408,-37.114355],[-71.200391,-37.300293],[-71.134814,-37.445117],[-71.186719,-37.631055],[-71.167578,-37.762305],[-71.028174,-38.041211],[-70.967969,-38.445898],[-70.847656,-38.541602],[-70.951611,-38.738477],[-71.285742,-38.84541],[-71.425586,-38.985645],[-71.42002,-39.287207],[-71.539453,-39.602441],[-71.719922,-39.635254],[-71.637891,-39.886816],[-71.659766,-40.020801],[-71.818311,-40.17666],[-71.695312,-40.335254],[-71.804639,-40.43916],[-71.932129,-40.691699],[-71.873047,-40.892969],[-71.911279,-41.650391],[-71.77002,-41.968555],[-71.760937,-42.101465],[-72.026123,-42.147949],[-72.124609,-42.29834],[-72.053467,-42.473242],[-72.143701,-42.577148],[-72.113623,-42.776758],[-72.146436,-42.990039],[-72.054688,-43.101953],[-71.781494,-43.166797],[-71.763867,-43.294629],[-71.90498,-43.440137],[-71.750635,-43.590137],[-71.794727,-43.753223],[-71.680078,-43.92959],[-71.812354,-44.106055],[-71.82002,-44.383105],[-71.212598,-44.441211],[-71.150879,-44.494043],[-71.261133,-44.763086],[-71.455176,-44.749805],[-71.957031,-44.791504],[-72.041699,-44.904199],[-71.596289,-44.979199],[-71.35376,-45.230469],[-71.349316,-45.331934],[-71.508105,-45.512695],[-71.693311,-45.534766],[-71.772656,-45.724414],[-71.631543,-45.953711],[-71.875684,-46.160547],[-71.777637,-46.27998],[-71.695215,-46.578418],[-71.732715,-46.705859],[-71.940234,-46.83125],[-71.962988,-47.016016],[-71.90498,-47.20166],[-72.345947,-47.492676],[-72.341504,-47.57207],[-72.51792,-47.876367],[-72.509082,-47.97334],[-72.32832,-48.110059],[-72.293018,-48.229102],[-72.354736,-48.36582],[-72.608398,-48.519336],[-72.614404,-48.792871],[-72.728467,-48.896289],[-72.981738,-48.976758],[-73.148877,-49.187988],[-73.135254,-49.300684],[-73.461572,-49.313867],[-73.57627,-49.58291],[-73.47041,-49.794531],[-73.528906,-49.910938],[-73.50127,-50.125293],[-73.386621,-50.231152],[-73.15293,-50.738281],[-72.803613,-50.637695],[-72.509814,-50.60752],[-72.340234,-50.681836],[-72.276318,-50.910254],[-72.376807,-51.09541],[-72.303223,-51.298926],[-72.407666,-51.54082],[-72.268994,-51.691113],[-71.953467,-51.880371],[-71.918652,-51.989551],[-69.960254,-52.008203],[-69.488428,-52.136133],[-69.206201,-52.136133],[-68.715186,-52.255469],[-68.443359,-52.356641],[-69.241016,-52.205469],[-69.446875,-52.269434],[-69.560596,-52.421582],[-70.390967,-52.66084],[-70.562939,-52.673437],[-70.795117,-52.76875],[-70.821191,-52.963086],[-70.952051,-53.226953],[-70.947803,-53.57041],[-70.99585,-53.779297],[-71.297754,-53.883398],[-71.693799,-53.803125],[-72.174414,-53.632324],[-72.376807,-53.471191],[-72.412891,-53.350195],[-72.306055,-53.253711],[-71.941699,-53.234082],[-71.852734,-53.285742],[-71.400342,-53.107031],[-71.155078,-52.845605],[-71.387744,-52.764258],[-71.897998,-53.001758],[-72.129102,-53.064355],[-72.458301,-53.254492],[-72.548926,-53.460742],[-72.726807,-53.42002],[-73.052734,-53.243457],[-72.915527,-53.121973],[-72.88916,-52.871582],[-72.727686,-52.762305],[-72.453467,-52.814453],[-72.117578,-52.65],[-71.79707,-52.682813],[-71.511279,-52.605371],[-71.811914,-52.537012],[-72.225684,-52.520996],[-72.437695,-52.625781],[-72.644824,-52.529102],[-72.776562,-52.577441],[-72.801904,-52.712402],[-73.020264,-52.891797],[-73.122461,-53.073926],[-73.338184,-53.054688],[-73.645215,-52.837012],[-73.24082,-52.707129],[-73.382129,-52.595117],[-73.585693,-52.685742],[-73.914697,-52.688184],[-74.014453,-52.639355],[-74.037354,-52.40293],[-74.15083,-52.38252],[-74.295654,-52.117871],[-73.834473,-52.233984],[-73.532227,-52.153125],[-73.137354,-52.129688],[-72.843213,-51.961133],[-72.695459,-51.985156],[-72.522852,-51.890918],[-72.600049,-51.799121],[-72.928369,-51.859863],[-73.383252,-52.07002],[-73.518164,-52.041016],[-73.752637,-51.795508],[-73.973242,-51.784473],[-74.19668,-51.680566],[-74.06958,-51.578711],[-73.929785,-51.617871],[-73.895898,-51.331445],[-74.12124,-51.19541],[-74.332324,-51.19502],[-74.814746,-51.062891],[-75.055322,-50.785547],[-75.094678,-50.68125],[-74.685742,-50.662012],[-74.775879,-50.469922],[-74.644482,-50.360937],[-74.365576,-50.487891],[-74.185596,-50.485352],[-74.62959,-50.194043],[-74.33374,-49.974609],[-74.019434,-50.022754],[-74.323926,-49.783398],[-74.29082,-49.604102],[-73.89248,-49.523438],[-74.094434,-49.429688],[-74.221289,-49.500586],[-74.366553,-49.400488],[-74.382129,-48.793652],[-74.341016,-48.595703],[-74.176221,-48.494141],[-74.474414,-48.463965],[-74.577197,-48.274414],[-74.584668,-47.999023],[-74.250439,-48.044922],[-73.853809,-48.042188],[-73.528174,-48.198242],[-73.500977,-48.106641],[-73.609912,-47.993945],[-73.715869,-47.655469],[-73.940869,-47.929395],[-74.227051,-47.968945],[-74.376221,-47.829687],[-74.654932,-47.702246],[-74.533789,-47.567676],[-74.242969,-47.679297],[-74.134082,-47.59082],[-74.482666,-47.430469],[-74.403271,-47.327539],[-74.158398,-47.18252],[-74.151904,-46.974414],[-74.313574,-46.788184],[-74.454199,-46.766797],[-74.512256,-46.885156],[-74.69082,-46.863965],[-75.005957,-46.741113],[-75.145752,-46.600098],[-75.478418,-46.662402],[-75.386426,-46.862695],[-75.496631,-46.940137],[-75.708105,-46.775],[-75.656787,-46.610352],[-74.924463,-46.159668],[-75.074512,-46.004492],[-75.066699,-45.874902],[-74.763135,-45.823633],[-74.462793,-45.840723],[-74.157861,-45.767187],[-74.08252,-45.644727],[-74.122705,-45.496191],[-74.037549,-45.417676],[-73.825,-45.446875],[-73.960254,-45.835254],[-73.694873,-45.85957],[-73.594336,-45.776855],[-73.756592,-45.702832],[-73.730762,-45.47998],[-73.549902,-45.483789],[-73.378564,-45.382812],[-73.202344,-45.353809],[-73.226367,-45.255176],[-73.444971,-45.238184],[-73.362451,-44.978223],[-73.078418,-44.920215],[-72.738965,-44.73418],[-72.663867,-44.436426],[-72.827539,-44.39541],[-73.265088,-44.168652],[-73.224463,-43.897949],[-73.068799,-43.862012],[-72.996582,-43.631543],[-73.100977,-43.455176],[-73.075977,-43.323633],[-72.93999,-43.211328],[-72.878027,-43.048145],[-72.758008,-43.039453],[-72.844971,-42.808008],[-72.848047,-42.669141],[-72.773926,-42.505176],[-72.631836,-42.509668],[-72.785156,-42.30127],[-72.631055,-42.199805],[-72.412354,-42.388184],[-72.499414,-41.980859],[-72.738184,-41.994629],[-72.824072,-41.908789],[-72.669775,-41.659375],[-72.805127,-41.544336],[-73.01499,-41.543848],[-73.241797,-41.780859],[-73.521289,-41.79707],[-73.735156,-41.74248],[-73.688086,-41.639258],[-73.810742,-41.51748],[-73.965869,-41.118262],[-73.983594,-40.974316],[-73.920312,-40.871582],[-73.669434,-40.082324],[-73.670996,-39.963184],[-73.4104,-39.78916],[-73.249902,-39.422363],[-73.226465,-39.224414],[-73.480762,-38.624023],[-73.532568,-38.366797],[-73.464795,-38.040332],[-73.661816,-37.698535],[-73.603418,-37.479102],[-73.662402,-37.341016],[-73.60166,-37.188477],[-73.374561,-37.224316],[-73.215967,-37.166895],[-73.118066,-36.688379],[-73.006592,-36.643457],[-72.874561,-36.39043],[-72.778418,-35.978516],[-72.587354,-35.759668],[-72.623926,-35.585742],[-72.386719,-35.24043],[-72.223779,-35.096191],[-72.182422,-34.920215],[-72.055957,-34.61582],[-71.991504,-34.288477],[-72.002832,-34.165332],[-71.830957,-33.819531],[-71.664355,-33.652637],[-71.636279,-33.519238],[-71.695508,-33.429004],[-71.742969,-33.095117],[-71.592041,-32.969531],[-71.452246,-32.65957],[-71.421289,-32.386816],[-71.513037,-32.20791],[-71.525879,-31.805859],[-71.577295,-31.496387],[-71.661963,-31.169531],[-71.653906,-30.986621],[-71.708936,-30.628027],[-71.669482,-30.330371],[-71.400391,-30.142969],[-71.315723,-29.649707],[-71.353271,-29.350391],[-71.48584,-29.198242],[-71.519238,-28.926465],[-71.306738,-28.672461],[-71.186426,-28.377832],[-71.154492,-28.064062],[-71.052637,-27.727344],[-70.925781,-27.588672],[-70.8979,-27.1875],[-70.80293,-26.840918],[-70.708398,-26.596973],[-70.646582,-26.329395],[-70.635449,-25.992676],[-70.713721,-25.78418],[-70.633008,-25.545605],[-70.489502,-25.376465],[-70.445361,-25.172656],[-70.558643,-24.778516],[-70.574121,-24.644336],[-70.507422,-24.129687],[-70.487793,-23.781738],[-70.392334,-23.565918],[-70.588135,-23.368359],[-70.563184,-23.057031],[-70.449658,-23.03418],[-70.331689,-22.848633],[-70.259521,-22.556055],[-70.228516,-22.193164],[-70.087549,-21.493066],[-70.088379,-21.253223],[-70.197021,-20.725391],[-70.147461,-20.229785],[-70.148145,-19.805078],[-70.275781,-19.267578],[-70.334863,-18.827539],[-70.361621,-18.398047],[-70.418262,-18.345605]]],[[[-68.629932,-52.652637],[-68.633447,-53.241895],[-68.639795,-54.324023],[-68.653223,-54.853613],[-69.081641,-54.909863],[-69.486279,-54.858887],[-69.723437,-54.712109],[-70.030518,-54.815527],[-70.281738,-54.751758],[-70.497168,-54.80957],[-70.924707,-54.714355],[-71.229248,-54.694141],[-71.440918,-54.619629],[-71.831543,-54.626172],[-71.927734,-54.528711],[-71.71582,-54.443652],[-71.606299,-54.497168],[-71.355225,-54.39541],[-71.158838,-54.450586],[-70.898242,-54.337891],[-70.698828,-54.348828],[-70.701123,-54.485449],[-70.297656,-54.485547],[-70.53999,-54.303418],[-70.759863,-54.241309],[-70.863086,-54.110449],[-70.867725,-53.88418],[-70.644482,-53.822852],[-70.695605,-53.727441],[-70.531299,-53.627344],[-70.379736,-53.986719],[-70.629834,-54.005566],[-70.535303,-54.136133],[-70.37998,-54.180664],[-70.168994,-54.379297],[-69.866992,-54.36748],[-69.741846,-54.305859],[-69.419287,-54.407129],[-69.253174,-54.557422],[-69.044336,-54.406738],[-69.988135,-54.109082],[-70.151123,-53.888086],[-70.148828,-53.761133],[-69.949707,-53.671582],[-69.352441,-53.47998],[-69.393555,-53.373438],[-69.637012,-53.334082],[-70.090381,-53.418164],[-70.329297,-53.377637],[-70.460254,-53.20625],[-70.390674,-53.026465],[-70.130615,-52.942773],[-70.380127,-52.751953],[-70.189648,-52.723633],[-69.993555,-52.821289],[-69.763574,-52.731348],[-69.498389,-52.491406],[-69.414062,-52.48623],[-69.167041,-52.667578],[-68.789795,-52.576758],[-68.629932,-52.652637]]],[[[-67.079932,-55.153809],[-67.257422,-55.281836],[-67.463477,-55.181738],[-67.767773,-55.25957],[-68.07002,-55.221094],[-68.301367,-54.980664],[-68.106934,-54.929395],[-67.245264,-54.977637],[-67.079932,-55.153809]]],[[[-73.773389,-43.345898],[-74.114404,-43.35791],[-74.354932,-43.263574],[-74.209473,-42.878711],[-74.156299,-42.590527],[-74.198828,-42.481348],[-74.160205,-42.216406],[-74.072314,-42.105859],[-74.03667,-41.795508],[-73.730957,-41.877246],[-73.527832,-41.896289],[-73.439258,-42.277832],[-73.532813,-42.314453],[-73.470801,-42.466309],[-73.789258,-42.585742],[-73.568262,-42.761621],[-73.436328,-42.936523],[-73.54082,-43.07373],[-73.749658,-43.159082],[-73.773389,-43.345898]]],[[[-74.476172,-49.147852],[-74.52207,-49.622949],[-74.458838,-49.691113],[-74.594727,-50.006641],[-74.762988,-50.011426],[-74.88042,-49.725879],[-74.804834,-49.516016],[-74.960107,-49.533008],[-74.993506,-49.751758],[-75.066016,-49.852344],[-75.300098,-49.847461],[-75.570117,-49.69707],[-75.337061,-49.628223],[-75.305859,-49.494043],[-75.46748,-49.358887],[-75.32666,-49.268652],[-75.086035,-49.270215],[-75.184229,-49.083594],[-74.949219,-48.960156],[-74.980762,-48.818848],[-74.793457,-48.705078],[-74.566602,-48.754785],[-74.476172,-49.147852]]],[[[-75.510254,-48.763477],[-75.622852,-48.764648],[-75.650928,-48.586328],[-75.518457,-48.328809],[-75.560693,-48.070898],[-75.391406,-48.019727],[-75.155518,-48.425195],[-75.158496,-48.622656],[-75.510254,-48.763477]]],[[[-74.385742,-52.922363],[-74.065967,-52.965332],[-73.450586,-53.144336],[-73.225732,-53.358398],[-73.582812,-53.300195],[-73.793506,-53.120703],[-73.993994,-53.075781],[-74.270215,-53.081543],[-74.385742,-52.922363]]],[[[-74.567285,-48.591992],[-74.923047,-48.626465],[-75.212891,-48.141699],[-75.198291,-47.974609],[-74.975098,-47.922852],[-74.729297,-48.125879],[-74.567285,-48.591992]]],[[[-72.923242,-53.481641],[-72.882227,-53.57832],[-72.482275,-53.588086],[-72.20542,-53.807422],[-72.369141,-53.980762],[-72.562891,-54.07373],[-72.870996,-54.126562],[-72.76377,-53.864844],[-72.984229,-53.860547],[-73.119971,-54.009375],[-73.304736,-53.943945],[-73.314355,-53.729199],[-73.470947,-53.736133],[-73.641504,-53.570312],[-73.686523,-53.426855],[-73.44707,-53.410059],[-73.099365,-53.511914],[-72.923242,-53.481641]]],[[[-74.822949,-51.630176],[-74.780127,-51.824707],[-74.531836,-51.991992],[-74.694482,-52.279199],[-74.851807,-52.270703],[-75.017139,-52.037891],[-75.105371,-51.788867],[-74.822949,-51.630176]]],[[[-69.702979,-54.919043],[-68.900781,-55.017773],[-68.458008,-54.959668],[-68.399805,-55.041992],[-68.598096,-55.12832],[-68.282666,-55.255176],[-68.293359,-55.521387],[-68.594189,-55.45],[-68.867041,-55.450195],[-68.888965,-55.263281],[-69.29707,-55.16582],[-69.411816,-55.444238],[-69.979785,-55.147461],[-69.884424,-54.882031],[-69.702979,-54.919043]]],[[[-71.390479,-54.032812],[-71.021924,-54.111816],[-71.004883,-54.24668],[-71.143262,-54.374023],[-71.473291,-54.231152],[-71.972363,-54.207227],[-72.210449,-54.047754],[-71.996484,-53.884863],[-71.55415,-53.956055],[-71.390479,-54.032812]]],[[[-73.735352,-44.394531],[-73.983301,-44.494824],[-73.727148,-45.119043],[-73.7521,-45.266797],[-73.848975,-45.340625],[-74.099072,-45.325391],[-74.089258,-45.195703],[-74.195215,-45.144824],[-74.349902,-44.91084],[-74.617773,-44.647949],[-74.480518,-44.58457],[-74.501807,-44.473535],[-74.301221,-44.395703],[-74.097217,-44.389355],[-74.082812,-44.186426],[-73.900195,-44.134863],[-73.703223,-44.274121],[-73.735352,-44.394531]]],[[[-72.986133,-44.780078],[-73.228467,-44.859961],[-73.35,-44.833203],[-73.445068,-44.641016],[-73.314941,-44.531348],[-73.207715,-44.334961],[-72.842432,-44.457715],[-72.764062,-44.549023],[-72.986133,-44.780078]]],[[[-75.302002,-50.67998],[-75.477393,-50.654199],[-75.427637,-50.480566],[-75.156152,-50.496777],[-75.302002,-50.67998]]],[[[-75.106689,-48.836523],[-75.262695,-49.068945],[-75.487646,-49.082422],[-75.619141,-48.885938],[-75.118604,-48.772949],[-75.106689,-48.836523]]],[[[-73.632178,-44.821484],[-73.800146,-44.684082],[-73.641211,-44.61084],[-73.632178,-44.821484]]],[[[-74.558643,-51.277051],[-74.85332,-51.43418],[-75.047363,-51.39834],[-75.146289,-51.524316],[-75.300049,-51.556445],[-75.153662,-51.278809],[-75.040332,-51.318164],[-74.73667,-51.207617],[-74.558643,-51.277051]]],[[[-75.054785,-50.296094],[-75.250391,-50.37627],[-75.449121,-50.343359],[-75.32666,-50.011816],[-74.875977,-50.109961],[-74.838574,-50.197266],[-75.054785,-50.296094]]],[[[-74.312891,-45.691504],[-74.465527,-45.757227],[-74.689844,-45.662598],[-74.494678,-45.425879],[-74.502344,-45.285156],[-74.310547,-45.172656],[-74.31543,-45.464063],[-74.240039,-45.574512],[-74.312891,-45.691504]]],[[[-70.991602,-54.867969],[-70.804834,-54.967676],[-70.417529,-54.908887],[-70.283057,-55.065918],[-70.543457,-55.161328],[-70.939844,-55.061914],[-70.991602,-54.867969]]],[[[-67.288867,-55.776855],[-67.559961,-55.724805],[-67.350586,-55.612109],[-67.288867,-55.776855]]]]},"properties":{"name":"Chile"},"id":"CL"},
    {"type":"Feature","geometry":{"type":"Polygon","coordinates":[[[-69.510937,-17.506055],[-69.521924,-17.388965],[-69.625879,-17.294434],[-69.624854,-17.200195],[-69.43833,-17.088379],[-69.199805,-16.768457],[-69.020703,-16.642187],[-69.00625,-16.433691],[-68.857812,-16.354785],[-68.913477,-16.261914],[-69.13418,-16.221973],[-69.217578,-16.149121],[-69.391895,-15.736914],[-69.418506,-15.603418],[-69.172461,-15.236621],[-69.374707,-14.962988],[-69.359473,-14.795312],[-69.276025,-14.745898],[-69.234912,-14.59707],[-69.013135,-14.377246],[-69.004492,-14.265039],[-68.880322,-14.198828],[-69.074121,-13.682813],[-68.983447,-13.496387],[-68.978613,-12.880078],[-68.759082,-12.687207],[-68.685254,-12.501953],[-69.046191,-11.875684],[-69.578613,-10.951758],[-69.228516,-10.955664],[-68.84834,-11.011133],[-68.72749,-11.122461],[-68.397998,-11.01875],[-68.266602,-10.933105],[-68.07168,-10.703125],[-67.83501,-10.662793],[-67.721777,-10.683105],[-67.582422,-10.505957],[-67.280469,-10.317285],[-67.111523,-10.268945],[-66.72998,-9.975488],[-66.575342,-9.899902],[-66.263574,-9.826074],[-65.706787,-9.768457],[-65.558691,-9.797461],[-65.396143,-9.712402],[-65.309326,-9.872656],[-65.313086,-10.253027],[-65.436914,-10.449023],[-65.43999,-10.58623],[-65.334033,-10.892773],[-65.323779,-11.024805],[-65.389893,-11.246289],[-65.322021,-11.43916],[-65.206201,-11.580566],[-65.163379,-11.765137],[-65.090283,-11.741211],[-64.992529,-11.975195],[-64.829883,-12.030273],[-64.513428,-12.250977],[-64.420508,-12.439746],[-63.938574,-12.529687],[-63.788086,-12.469434],[-63.585645,-12.518945],[-63.34668,-12.680078],[-63.249756,-12.70791],[-63.06748,-12.669141],[-63.015186,-12.805566],[-62.765479,-12.997266],[-62.687061,-12.994336],[-62.352832,-13.132422],[-62.176074,-13.133691],[-61.944727,-13.40625],[-61.789941,-13.525586],[-61.511572,-13.541211],[-61.077002,-13.489746],[-60.914502,-13.561426],[-60.506592,-13.789844],[-60.40498,-14.019238],[-60.474658,-14.184766],[-60.39624,-14.332812],[-60.298877,-14.618555],[-60.27334,-15.08877],[-60.530469,-15.143164],[-60.242334,-15.47959],[-60.175586,-16.269336],[-59.434277,-16.295996],[-58.537939,-16.328223],[-58.345605,-16.284375],[-58.350391,-16.49082],[-58.470605,-16.650195],[-58.459814,-16.910742],[-58.395996,-17.234277],[-57.990918,-17.512891],[-57.832471,-17.512109],[-57.586475,-18.122266],[-57.574023,-18.279297],[-57.783105,-18.914258],[-57.800391,-19.080957],[-58.131494,-19.744531],[-57.860742,-19.97959],[-58.159766,-20.164648],[-58.139941,-19.998828],[-58.180176,-19.817871],[-59.090527,-19.28623],[-60.007373,-19.297559],[-60.88877,-19.478516],[-61.756836,-19.645312],[-61.916943,-20.055371],[-62.276318,-20.5625],[-62.27666,-21.066016],[-62.650977,-22.233691],[-62.843359,-21.997266],[-63.818652,-22.005469],[-63.976123,-22.072559],[-64.266406,-22.60332],[-64.373975,-22.761035],[-64.523633,-22.371582],[-64.605518,-22.228809],[-64.843066,-22.143945],[-65.057812,-22.102734],[-65.771045,-22.099609],[-66.098584,-21.835059],[-66.247607,-21.830469],[-66.365186,-22.11377],[-66.711719,-22.216309],[-66.800293,-22.409668],[-66.991113,-22.509863],[-67.05542,-22.650879],[-67.194873,-22.82168],[-67.579932,-22.891699],[-67.794434,-22.879492],[-67.879443,-22.822949],[-67.881738,-22.493359],[-67.950391,-22.333691],[-67.988379,-22.057129],[-68.076758,-21.982813],[-68.112158,-21.753027],[-68.186426,-21.618555],[-68.197021,-21.300293],[-68.435498,-20.948242],[-68.533838,-20.923633],[-68.563184,-20.720117],[-68.499854,-20.612012],[-68.745166,-20.458594],[-68.688574,-20.310059],[-68.72749,-20.069629],[-68.600195,-20.044922],[-68.578271,-19.856543],[-68.698291,-19.721094],[-68.462891,-19.432813],[-68.857959,-19.093359],[-68.968311,-18.967969],[-69.092285,-18.282422],[-69.145459,-18.144043],[-69.093945,-18.050488],[-69.313379,-17.943164],[-69.358008,-17.77168],[-69.49502,-17.619531],[-69.510937,-17.506055]]]},"properties":{"name":"Bolivia"},"id":"BO"},
    {"type":"Feature","geometry":{"type":"Polygon","coordinates":[[[-69.965918,-4.235938],[-70.05332,-4.333105],[-70.23916,-4.301172],[-70.404639,-4.150098],[-70.799512,-4.17334],[-70.973682,-4.350488],[-71.521338,-4.469727],[-71.844727,-4.504395],[-72.256787,-4.748926],[-72.69873,-5.067188],[-72.887061,-5.122754],[-72.979883,-5.634863],[-73.162891,-5.933398],[-73.235547,-6.098438],[-73.135352,-6.344336],[-73.137354,-6.46582],[-73.499902,-6.679492],[-73.758105,-6.905762],[-73.804639,-7.079883],[-73.72334,-7.262793],[-73.749463,-7.335352],[-73.964307,-7.378906],[-74.002051,-7.556055],[-73.82207,-7.738965],[-73.72041,-7.78252],[-73.775586,-7.936426],[-73.610107,-8.14541],[-73.549121,-8.345801],[-73.3604,-8.479297],[-73.302441,-8.654004],[-73.203125,-8.719336],[-72.974023,-8.993164],[-72.970361,-9.120117],[-73.209424,-9.411426],[-72.814258,-9.410352],[-72.379053,-9.510156],[-72.318066,-9.556641],[-72.259961,-9.774316],[-72.172852,-9.844043],[-72.181592,-10.003711],[-71.608008,-10.006055],[-71.237939,-9.966016],[-70.970752,-9.765723],[-70.636914,-9.478223],[-70.567236,-9.70459],[-70.636914,-9.82373],[-70.642334,-11.010254],[-70.533252,-10.946875],[-70.392285,-11.058594],[-70.220068,-11.047656],[-69.960352,-10.929883],[-69.578613,-10.951758],[-69.046191,-11.875684],[-68.685254,-12.501953],[-68.759082,-12.687207],[-68.978613,-12.880078],[-68.983447,-13.496387],[-69.074121,-13.682813],[-68.880322,-14.198828],[-69.004492,-14.265039],[-69.013135,-14.377246],[-69.234912,-14.59707],[-69.276025,-14.745898],[-69.359473,-14.795312],[-69.374707,-14.962988],[-69.172461,-15.236621],[-69.418506,-15.603418],[-69.391895,-15.736914],[-69.217578,-16.149121],[-69.13418,-16.221973],[-68.913477,-16.261914],[-68.857812,-16.354785],[-69.00625,-16.433691],[-69.020703,-16.642187],[-69.199805,-16.768457],[-69.43833,-17.088379],[-69.624854,-17.200195],[-69.625879,-17.294434],[-69.521924,-17.388965],[-69.510937,-17.506055],[-69.684766,-17.649805],[-69.8521,-17.703809],[-69.802441,-17.9],[-69.839697,-18.093457],[-69.926367,-18.206055],[-70.183789,-18.325195],[-70.418262,-18.345605],[-70.81748,-18.052539],[-70.941699,-17.932031],[-71.336963,-17.68252],[-71.399414,-17.421973],[-71.532227,-17.294336],[-71.868359,-17.151074],[-72.111279,-17.002539],[-72.467676,-16.708105],[-72.793945,-16.614551],[-73.26377,-16.388574],[-73.400049,-16.304297],[-73.824951,-16.152832],[-74.14707,-15.9125],[-74.3729,-15.833984],[-74.554883,-15.699023],[-75.104248,-15.411914],[-75.274561,-15.178125],[-75.396582,-15.093555],[-75.533643,-14.899219],[-75.737695,-14.784961],[-75.933887,-14.633594],[-76.136475,-14.320312],[-76.289014,-14.133105],[-76.297021,-13.948438],[-76.183936,-13.515234],[-76.223633,-13.371191],[-76.427344,-13.109961],[-76.555225,-12.823438],[-76.758008,-12.527148],[-76.832129,-12.34873],[-77.152734,-12.060352],[-77.220313,-11.663379],[-77.309912,-11.532422],[-77.633203,-11.287793],[-77.664307,-11.02207],[-77.736084,-10.836719],[-78.095459,-10.260645],[-78.185596,-10.089063],[-78.275586,-9.810352],[-78.356494,-9.652051],[-78.445654,-9.370605],[-78.580127,-9.156641],[-78.75459,-8.74043],[-78.762256,-8.616992],[-78.925391,-8.40459],[-79.012256,-8.210156],[-79.377246,-7.835547],[-79.588867,-7.418945],[-79.617725,-7.295605],[-79.761963,-7.066504],[-80.110254,-6.649609],[-80.811621,-6.282227],[-81.142041,-6.056738],[-81.180518,-5.942383],[-81.091846,-5.812402],[-80.99165,-5.860938],[-80.882715,-5.758984],[-80.943115,-5.475391],[-81.167676,-5.16709],[-81.108496,-5.027832],[-81.336621,-4.669531],[-81.283203,-4.322266],[-81.232031,-4.234277],[-80.891943,-3.881641],[-80.798584,-3.731055],[-80.503662,-3.496094],[-80.324658,-3.387891],[-80.273535,-3.424609],[-80.179248,-3.877734],[-80.303271,-4.005078],[-80.437207,-3.978613],[-80.51001,-4.069531],[-80.45376,-4.205176],[-80.488477,-4.393652],[-80.383496,-4.463672],[-80.139551,-4.296094],[-79.797266,-4.476367],[-79.638525,-4.454883],[-79.516162,-4.53916],[-79.501904,-4.670605],[-79.330957,-4.927832],[-79.07627,-4.990625],[-78.861523,-4.665039],[-78.686035,-4.562402],[-78.679395,-4.325879],[-78.550439,-3.986914],[-78.419775,-3.776855],[-78.347266,-3.43125],[-78.226318,-3.48916],[-78.183301,-3.350195],[-77.860596,-2.981641],[-76.679102,-2.562598],[-76.089795,-2.133105],[-75.570557,-1.53125],[-75.42041,-0.962207],[-75.249609,-0.951855],[-75.283594,-0.707129],[-75.263232,-0.555371],[-75.424707,-0.408887],[-75.491064,-0.24834],[-75.475977,-0.157129],[-75.284473,-0.106543],[-75.138379,-0.050488],[-74.945312,-0.188184],[-74.801758,-0.200098],[-74.755371,-0.298633],[-74.616357,-0.37002],[-74.417871,-0.580664],[-74.334424,-0.850879],[-74.246387,-0.970605],[-74.054395,-1.028613],[-73.863184,-1.19668],[-73.664307,-1.248828],[-73.494336,-1.536621],[-73.496289,-1.693066],[-73.196973,-1.830273],[-73.126514,-2.081055],[-73.154492,-2.278223],[-72.887158,-2.408496],[-72.625342,-2.35166],[-72.395605,-2.428906],[-71.984277,-2.326563],[-71.752539,-2.152734],[-71.559473,-2.224219],[-71.396973,-2.334082],[-71.196387,-2.313086],[-71.113379,-2.24541],[-70.914551,-2.218555],[-70.575879,-2.418262],[-70.09585,-2.658203],[-70.074023,-2.750195],[-70.735107,-3.781543],[-70.529687,-3.866406],[-70.339502,-3.814355],[-70.240283,-3.882715],[-70.167529,-4.050195],[-69.965918,-4.235938]]]},"properties":{"name":"Peru"},"id":"PE"},
    {"type":"Feature","geometry":{"type":"MultiPolygon","coordinates":[[[[-57.608887,-30.187793],[-57.712695,-30.384473],[-57.87251,-30.591016],[-57.810596,-30.858594],[-57.898291,-30.975195],[-57.868408,-31.104395],[-58.053857,-31.494922],[-57.987988,-31.576172],[-58.042334,-31.769238],[-58.189014,-31.924219],[-58.123047,-32.321875],[-58.201172,-32.47168],[-58.219971,-32.563965],[-58.170996,-32.959277],[-58.250391,-33.07832],[-58.424463,-33.111523],[-58.547217,-33.663477],[-58.456592,-33.89834],[-58.39248,-34.192969],[-58.525488,-34.296191],[-58.466211,-34.457422],[-58.28335,-34.683496],[-57.763574,-34.894531],[-57.303662,-35.188477],[-57.170654,-35.3625],[-57.158887,-35.505957],[-57.353906,-35.720312],[-57.375488,-35.900293],[-57.26499,-36.144141],[-57.076172,-36.296777],[-56.937158,-36.352539],[-56.749463,-36.346484],[-56.698096,-36.426465],[-56.672021,-36.85127],[-56.727148,-36.957715],[-57.087695,-37.446387],[-57.395752,-37.744629],[-57.507275,-37.909277],[-57.546973,-38.085645],[-57.645605,-38.169629],[-58.179199,-38.43584],[-59.007227,-38.67334],[-59.82832,-38.838184],[-61.112207,-38.992969],[-61.602539,-38.998828],[-62.066895,-38.919141],[-62.189258,-38.813281],[-62.374463,-38.85293],[-62.303613,-38.988086],[-62.338086,-39.150586],[-62.053662,-39.373828],[-62.131543,-39.825391],[-62.286914,-39.895313],[-62.401855,-40.196582],[-62.393604,-40.458789],[-62.246338,-40.674609],[-62.39502,-40.89082],[-62.959033,-41.109668],[-63.212842,-41.152441],[-63.772998,-41.15],[-64.123193,-41.007812],[-64.621484,-40.854492],[-64.852979,-40.81377],[-64.916895,-40.731348],[-65.133398,-40.880664],[-65.15498,-41.105664],[-65.018262,-41.566895],[-65.007031,-41.745117],[-65.059082,-41.969922],[-64.898047,-42.161816],[-64.524219,-42.299219],[-64.42041,-42.433789],[-64.100879,-42.395117],[-64.061182,-42.266113],[-63.795557,-42.113867],[-63.684766,-42.188672],[-63.595898,-42.406543],[-63.617334,-42.695801],[-63.69248,-42.805273],[-64.034766,-42.88125],[-64.130664,-42.861426],[-64.324268,-42.572266],[-64.487842,-42.513477],[-64.650488,-42.531445],[-64.970703,-42.666309],[-65.026904,-42.758887],[-64.629199,-42.908984],[-64.319141,-42.968945],[-64.432227,-43.05918],[-64.715234,-43.135547],[-64.985547,-43.293555],[-65.283594,-43.62998],[-65.304688,-43.7875],[-65.238574,-44.04873],[-65.308398,-44.158203],[-65.265527,-44.279688],[-65.361279,-44.477344],[-65.647607,-44.661426],[-65.69834,-44.796191],[-65.599121,-44.875586],[-65.63877,-45.007812],[-66.190137,-44.964746],[-66.585059,-45.18291],[-66.941406,-45.257324],[-67.257617,-45.577246],[-67.556641,-45.970117],[-67.608887,-46.166797],[-67.563379,-46.34541],[-67.386621,-46.553809],[-66.776855,-47.005859],[-66.650391,-47.045313],[-65.998535,-47.09375],[-65.853662,-47.156738],[-65.738086,-47.344922],[-65.775391,-47.568359],[-65.934229,-47.826758],[-65.810059,-47.941113],[-66.393359,-48.342383],[-67.033105,-48.627734],[-67.466309,-48.951758],[-67.684863,-49.24668],[-67.661963,-49.342188],[-67.783496,-49.858887],[-67.913965,-49.984473],[-68.145654,-50.091406],[-68.404639,-50.042676],[-68.569287,-49.866992],[-68.661621,-49.935742],[-68.421875,-50.15791],[-68.939453,-50.382324],[-69.044775,-50.499121],[-69.15498,-50.864453],[-69.235156,-50.950586],[-69.143506,-51.096973],[-69.02959,-51.446484],[-69.03252,-51.63623],[-68.916797,-51.714648],[-68.69082,-52.013086],[-68.39375,-52.307031],[-68.443359,-52.356641],[-68.715186,-52.255469],[-69.206201,-52.136133],[-69.488428,-52.136133],[-69.960254,-52.008203],[-71.918652,-51.989551],[-71.953467,-51.880371],[-72.268994,-51.691113],[-72.407666,-51.54082],[-72.303223,-51.298926],[-72.376807,-51.09541],[-72.276318,-50.910254],[-72.340234,-50.681836],[-72.509814,-50.60752],[-72.803613,-50.637695],[-73.15293,-50.738281],[-73.386621,-50.231152],[-73.50127,-50.125293],[-73.528906,-49.910938],[-73.47041,-49.794531],[-73.57627,-49.58291],[-73.461572,-49.313867],[-73.135254,-49.300684],[-73.148877,-49.187988],[-72.981738,-48.976758],[-72.728467,-48.896289],[-72.614404,-48.792871],[-72.608398,-48.519336],[-72.354736,-48.36582],[-72.293018,-48.229102],[-72.32832,-48.110059],[-72.509082,-47.97334],[-72.51792,-47.876367],[-72.341504,-47.57207],[-72.345947,-47.492676],[-71.90498,-47.20166],[-71.962988,-47.016016],[-71.940234,-46.83125],[-71.732715,-46.705859],[-71.695215,-46.578418],[-71.777637,-46.27998],[-71.875684,-46.160547],[-71.631543,-45.953711],[-71.772656,-45.724414],[-71.693311,-45.534766],[-71.508105,-45.512695],[-71.349316,-45.331934],[-71.35376,-45.230469],[-71.596289,-44.979199],[-72.041699,-44.904199],[-71.957031,-44.791504],[-71.455176,-44.749805],[-71.261133,-44.763086],[-71.150879,-44.494043],[-71.212598,-44.441211],[-71.82002,-44.383105],[-71.812354,-44.106055],[-71.680078,-43.92959],[-71.794727,-43.753223],[-71.750635,-43.590137],[-71.90498,-43.440137],[-71.763867,-43.294629],[-71.781494,-43.166797],[-72.054688,-43.101953],[-72.146436,-42.990039],[-72.113623,-42.776758],[-72.143701,-42.577148],[-72.053467,-42.473242],[-72.124609,-42.29834],[-72.026123,-42.147949],[-71.760937,-42.101465],[-71.77002,-41.968555],[-71.911279,-41.650391],[-71.873047,-40.892969],[-71.932129,-40.691699],[-71.804639,-40.43916],[-71.695312,-40.335254],[-71.818311,-40.17666],[-71.659766,-40.020801],[-71.637891,-39.886816],[-71.719922,-39.635254],[-71.539453,-39.602441],[-71.42002,-39.287207],[-71.425586,-38.985645],[-71.285742,-38.84541],[-70.951611,-38.738477],[-70.847656,-38.541602],[-70.967969,-38.445898],[-71.028174,-38.041211],[-71.167578,-37.762305],[-71.186719,-37.631055],[-71.134814,-37.445117],[-71.200391,-37.300293],[-71.118408,-37.114355],[-71.192187,-36.843652],[-71.066406,-36.644043],[-71.055518,-36.52373],[-70.905127,-36.419922],[-70.749268,-36.392578],[-70.721924,-36.283203],[-70.404785,-36.061719],[-70.380176,-35.771875],[-70.47041,-35.326172],[-70.555176,-35.246875],[-70.393164,-35.146875],[-70.289941,-34.732813],[-70.101465,-34.432031],[-70.052051,-34.300781],[-69.852441,-34.224316],[-69.894336,-33.731348],[-69.797754,-33.398633],[-69.819629,-33.283789],[-70.019824,-33.271484],[-70.084863,-33.201758],[-70.093066,-33.026758],[-70.021973,-32.88457],[-70.116162,-32.807422],[-70.176953,-32.626074],[-70.169629,-32.47168],[-70.32002,-32.266699],[-70.36377,-32.083496],[-70.254395,-31.957715],[-70.450146,-31.841895],[-70.585205,-31.569434],[-70.51958,-31.148438],[-70.388379,-31.121094],[-70.309082,-31.022656],[-70.348145,-30.902344],[-70.161426,-30.440234],[-69.956348,-30.358203],[-69.863379,-30.120313],[-69.959961,-30.07832],[-69.927637,-29.769141],[-70.026807,-29.324023],[-69.827881,-29.103223],[-69.743164,-28.783887],[-69.734912,-28.641113],[-69.656934,-28.413574],[-69.251221,-27.973633],[-69.174414,-27.924707],[-68.999414,-27.449023],[-68.941992,-27.405176],[-68.846338,-27.153711],[-68.652197,-27.14834],[-68.345996,-27.02793],[-68.318652,-26.877539],[-68.581152,-26.518359],[-68.529834,-26.276953],[-68.414502,-26.153711],[-68.51084,-25.741016],[-68.600293,-25.485645],[-68.54082,-25.236719],[-68.384229,-25.091895],[-68.466309,-24.925195],[-68.562012,-24.837695],[-68.507275,-24.629785],[-68.250293,-24.391992],[-67.356201,-24.033789],[-67.008789,-23.001367],[-67.194873,-22.82168],[-67.05542,-22.650879],[-66.991113,-22.509863],[-66.800293,-22.409668],[-66.711719,-22.216309],[-66.365186,-22.11377],[-66.247607,-21.830469],[-66.098584,-21.835059],[-65.771045,-22.099609],[-65.057812,-22.102734],[-64.843066,-22.143945],[-64.605518,-22.228809],[-64.523633,-22.371582],[-64.373975,-22.761035],[-64.266406,-22.60332],[-63.976123,-22.072559],[-63.818652,-22.005469],[-62.843359,-21.997266],[-62.650977,-22.233691],[-62.625977,-22.29043],[-62.37251,-22.43916],[-62.21416,-22.612402],[-62.066602,-22.869434],[-61.798535,-23.182031],[-61.505518,-23.391992],[-61.208398,-23.557031],[-61.03291,-23.755664],[-60.839844,-23.858105],[-60.505371,-23.963574],[-60.262207,-24.013965],[-60.110303,-24.00918],[-59.89248,-24.093555],[-59.608594,-24.266797],[-59.372949,-24.453906],[-58.724023,-24.786621],[-58.519629,-24.842871],[-58.365381,-24.959277],[-58.136475,-24.977148],[-57.82168,-25.136426],[-57.587158,-25.405078],[-57.57168,-25.53418],[-57.754785,-25.69707],[-57.890625,-26.006543],[-58.082422,-26.138574],[-58.203027,-26.381445],[-58.191309,-26.62998],[-58.322559,-26.857617],[-58.485254,-26.968457],[-58.641748,-27.196094],[-58.604834,-27.314355],[-58.168262,-27.273438],[-57.812207,-27.316602],[-57.39126,-27.430469],[-57.111816,-27.470117],[-56.871729,-27.440625],[-56.715723,-27.49375],[-56.603369,-27.467871],[-56.437158,-27.553809],[-56.164062,-27.321484],[-55.951465,-27.325684],[-55.78999,-27.416406],[-55.63291,-27.357129],[-55.597266,-27.207617],[-55.42666,-27.009277],[-55.135937,-26.931152],[-54.934473,-26.702539],[-54.825488,-26.652246],[-54.677734,-26.308789],[-54.631934,-26.005762],[-54.615869,-25.576074],[-54.443945,-25.625],[-54.15459,-25.523047],[-53.891162,-25.668848],[-53.823242,-25.95957],[-53.671289,-26.225098],[-53.710938,-26.351855],[-53.75332,-26.748633],[-53.717285,-26.882812],[-53.838184,-27.121094],[-54.040137,-27.24375],[-54.205225,-27.289648],[-54.327002,-27.423535],[-54.554932,-27.454102],[-54.829102,-27.550586],[-54.910205,-27.708594],[-55.101514,-27.866797],[-55.346484,-27.955957],[-55.47666,-28.089355],[-55.725488,-28.204102],[-55.687256,-28.381641],[-55.858887,-28.354199],[-56.102881,-28.651758],[-56.322363,-28.852441],[-56.393262,-28.997266],[-56.570703,-29.138086],[-56.772461,-29.417871],[-56.938623,-29.594824],[-57.224658,-29.782129],[-57.405225,-30.033887],[-57.608887,-30.187793]]],[[[-68.653223,-54.853613],[-68.639795,-54.324023],[-68.633447,-53.241895],[-68.629932,-52.652637],[-68.278223,-52.983984],[-68.431152,-53.055273],[-68.488525,-53.260938],[-68.144092,-53.319043],[-68.008496,-53.564062],[-67.294238,-54.049805],[-66.670068,-54.313574],[-66.235645,-54.533496],[-65.74707,-54.653418],[-65.369287,-54.632129],[-65.179004,-54.678125],[-65.345996,-54.87793],[-65.60332,-54.928125],[-65.841992,-54.909961],[-66.511133,-55.032129],[-66.930469,-54.924902],[-67.793262,-54.868652],[-68.220117,-54.817578],[-68.653223,-54.853613]]],[[[-64.54917,-54.716211],[-64.105322,-54.72168],[-64.637354,-54.902539],[-64.757324,-54.826563],[-64.54917,-54.716211]]]]},"properties":{"name":"Argentina"},"id":"AR"},
    {"type":"Feature","geometry":{"type":"Polygon","coordinates":[[[-54.155957,5.358984],[-54.331641,5.187402],[-54.452197,5.013477],[-54.471143,4.749316],[-54.426074,4.583008],[-54.449609,4.48501],[-54.350732,4.054102],[-54.255518,3.901074],[-54.112793,3.769434],[-53.990479,3.589551],[-54.00957,3.448535],[-54.203125,3.138184],[-54.170703,2.993604],[-54.195508,2.817871],[-54.402002,2.461523],[-54.61626,2.326758],[-54.722217,2.44165],[-54.85166,2.439551],[-55.005811,2.592969],[-55.343994,2.48877],[-55.385352,2.440625],[-55.730566,2.406152],[-55.935938,2.516602],[-56.129395,2.299512],[-55.915332,2.039551],[-55.929639,1.8875],[-56.019922,1.842236],[-56.482813,1.942139],[-56.704346,2.036475],[-56.931494,2.395361],[-57.028955,2.6375],[-57.209814,2.882812],[-57.231641,3.108887],[-57.27793,3.164307],[-57.303662,3.3771],[-57.549609,3.352832],[-57.646729,3.394531],[-57.649463,3.517383],[-57.832666,3.675977],[-57.907715,3.856689],[-58.032227,4.001953],[-58.054492,4.171924],[-57.949756,4.349951],[-57.845996,4.668164],[-57.917041,4.82041],[-57.844922,4.923047],[-57.711084,4.991064],[-57.331006,5.020166],[-57.207324,5.214209],[-57.318555,5.335352],[-57.194775,5.548438],[-57.056641,5.938672],[-56.969824,5.992871],[-56.466016,5.937744],[-55.939551,5.795459],[-55.828174,5.96167],[-55.64834,5.985889],[-55.379297,5.952637],[-55.148291,5.993457],[-54.833691,5.98833],[-54.356152,5.909863],[-54.054199,5.80791],[-54.045947,5.608887],[-54.155957,5.358984]]]},"properties":{"name":"Suriname"},"id":"SR"},
    {"type":"Feature","geometry":{"type":"Polygon","coordinates":[[[-60.742139,5.202051],[-61.376807,5.906982],[-61.303125,6.049512],[-61.128711,6.214307],[-61.151025,6.446533],[-61.203613,6.588379],[-61.145605,6.694531],[-60.937988,6.732764],[-60.87334,6.786914],[-60.71792,6.768311],[-60.39502,6.945361],[-60.325488,7.133984],[-60.523193,7.143701],[-60.633301,7.211084],[-60.606543,7.32085],[-60.719238,7.498682],[-60.513623,7.813184],[-60.380615,7.827637],[-60.178174,7.994043],[-60.032422,8.053564],[-59.964844,8.191602],[-59.831641,8.305957],[-60.017529,8.549316],[-59.836523,8.373828],[-59.666113,8.362598],[-59.200244,8.074609],[-58.811572,7.735596],[-58.626611,7.545898],[-58.477295,7.325781],[-58.480566,7.038135],[-58.58291,6.843652],[-58.569482,6.627246],[-58.41499,6.851172],[-58.298437,6.879297],[-57.982568,6.785889],[-57.607568,6.450391],[-57.540137,6.331543],[-57.343652,6.272119],[-57.190234,6.097314],[-57.167236,5.88501],[-57.194775,5.548438],[-57.318555,5.335352],[-57.207324,5.214209],[-57.331006,5.020166],[-57.711084,4.991064],[-57.844922,4.923047],[-57.917041,4.82041],[-57.845996,4.668164],[-57.949756,4.349951],[-58.054492,4.171924],[-58.032227,4.001953],[-57.907715,3.856689],[-57.832666,3.675977],[-57.649463,3.517383],[-57.646729,3.394531],[-57.549609,3.352832],[-57.303662,3.3771],[-57.27793,3.164307],[-57.231641,3.108887],[-57.209814,2.882812],[-57.028955,2.6375],[-56.931494,2.395361],[-56.704346,2.036475],[-56.482813,1.942139],[-56.836719,1.88125],[-57.037598,1.936475],[-57.118896,2.013965],[-57.412695,1.908936],[-57.594434,1.704102],[-57.795654,1.7],[-57.982813,1.648438],[-58.034668,1.520264],[-58.340674,1.587549],[-58.395801,1.481738],[-58.506055,1.438672],[-58.511865,1.284668],[-58.684619,1.281055],[-58.8625,1.203613],[-58.968506,1.30459],[-59.231201,1.376025],[-59.535693,1.7],[-59.666602,1.746289],[-59.756201,1.900635],[-59.755225,2.274121],[-59.889648,2.362939],[-59.994336,2.68999],[-59.972314,2.990479],[-59.831152,3.349219],[-59.854395,3.5875],[-59.679004,3.699805],[-59.551123,3.933545],[-59.738574,4.226758],[-59.703271,4.381104],[-59.83335,4.475928],[-60.111133,4.511182],[-60.124561,4.597656],[-60.031787,4.740527],[-59.990674,5.082861],[-60.142041,5.238818],[-60.335205,5.199316],[-60.742139,5.202051]]]},"properties":{"name":"Guyana"},"id":"GY"},
    {"type":"Feature","geometry":{"type":"MultiPolygon","coordinates":[[[[-66.876025,1.223047],[-66.429248,0.82168],[-66.30166,0.751953],[-66.060059,0.785352],[-65.811328,0.937256],[-65.681445,0.983447],[-65.566016,0.926074],[-65.473389,0.69126],[-65.36084,0.868652],[-65.10376,1.108105],[-64.817969,1.257129],[-64.731543,1.25332],[-64.486035,1.452783],[-64.304199,1.455273],[-64.114844,1.619287],[-64.035449,1.904443],[-63.844482,1.976709],[-63.393945,2.22251],[-63.389258,2.411914],[-63.92417,2.452441],[-64.048828,2.525098],[-64.009033,2.671875],[-64.037793,2.801514],[-64.218848,3.204687],[-64.221094,3.587402],[-64.275293,3.662695],[-64.56792,3.899805],[-64.817871,4.232275],[-64.722266,4.274414],[-64.576367,4.139893],[-64.255664,4.140332],[-64.121729,4.066992],[-64.021484,3.929102],[-63.65293,3.94082],[-63.526807,3.893701],[-63.294727,3.922266],[-62.968652,3.593945],[-62.856982,3.593457],[-62.7646,3.672949],[-62.712109,4.01792],[-62.410645,4.156738],[-62.153125,4.098389],[-61.554248,4.287793],[-61.479395,4.402246],[-61.280078,4.516895],[-61.002832,4.535254],[-60.90625,4.686816],[-60.741748,4.774121],[-60.627588,4.892529],[-60.604492,4.99458],[-60.671973,5.164355],[-60.742139,5.202051],[-60.335205,5.199316],[-60.142041,5.238818],[-59.990674,5.082861],[-60.031787,4.740527],[-60.124561,4.597656],[-60.111133,4.511182],[-59.83335,4.475928],[-59.703271,4.381104],[-59.738574,4.226758],[-59.551123,3.933545],[-59.679004,3.699805],[-59.854395,3.5875],[-59.831152,3.349219],[-59.972314,2.990479],[-59.994336,2.68999],[-59.889648,2.362939],[-59.755225,2.274121],[-59.756201,1.900635],[-59.666602,1.746289],[-59.535693,1.7],[-59.231201,1.376025],[-58.968506,1.30459],[-58.8625,1.203613],[-58.684619,1.281055],[-58.511865,1.284668],[-58.506055,1.438672],[-58.395801,1.481738],[-58.340674,1.587549],[-58.034668,1.520264],[-57.982813,1.648438],[-57.795654,1.7],[-57.594434,1.704102],[-57.412695,1.908936],[-57.118896,2.013965],[-57.037598,1.936475],[-56.836719,1.88125],[-56.482813,1.942139],[-56.019922,1.842236],[-55.929639,1.8875],[-55.915332,2.039551],[-56.129395,2.299512],[-55.935938,2.516602],[-55.730566,2.406152],[-55.385352,2.440625],[-55.343994,2.48877],[-55.005811,2.592969],[-54.85166,2.439551],[-54.722217,2.44165],[-54.61626,2.326758],[-54.515088,2.245459],[-54.130078,2.121045],[-53.767773,2.354834],[-53.734717,2.308545],[-53.508984,2.253125],[-53.334424,2.339746],[-53.229785,2.204883],[-52.964844,2.183545],[-52.700635,2.363672],[-52.559473,2.573145],[-52.554688,2.647656],[-52.356641,3.051562],[-52.327881,3.181738],[-52.162598,3.364697],[-51.990625,3.702002],[-51.82749,3.86958],[-51.76709,3.992676],[-51.652539,4.061279],[-51.557812,4.233789],[-51.461523,4.31377],[-51.3271,4.224756],[-51.219922,4.093604],[-51.07627,3.67168],[-51.052393,3.281836],[-50.994141,3.077539],[-50.827197,2.651855],[-50.789697,2.477783],[-50.658936,2.130957],[-50.458887,1.82959],[-50.187598,1.785986],[-49.957129,1.659863],[-49.881592,1.419922],[-49.898877,1.162988],[-50.294434,0.835742],[-50.462988,0.637305],[-50.581543,0.420508],[-50.816357,0.172559],[-50.96709,0.130273],[-51.101953,-0.03125],[-51.28291,-0.085205],[-51.40415,-0.392676],[-51.555029,-0.549121],[-51.702637,-0.762305],[-51.720605,-1.018457],[-51.921631,-1.180859],[-51.934473,-1.320312],[-52.020459,-1.399023],[-52.229248,-1.3625],[-52.553418,-1.514063],[-52.310303,-1.55957],[-52.19668,-1.640137],[-51.947559,-1.586719],[-51.646289,-1.394336],[-51.297363,-1.223535],[-51.202344,-1.136523],[-50.894922,-0.937598],[-50.838184,-1.038867],[-50.917871,-1.115234],[-50.84458,-1.22627],[-50.786133,-1.489941],[-50.678955,-1.643848],[-50.690039,-1.761719],[-50.403223,-2.015527],[-50.260449,-1.922949],[-49.999219,-1.831836],[-49.719531,-1.926367],[-49.313672,-1.731738],[-49.553369,-2.519922],[-49.45752,-2.50459],[-49.407666,-2.344336],[-49.211035,-1.916504],[-48.991309,-1.829785],[-48.71001,-1.487695],[-48.44585,-1.52041],[-48.477734,-1.323828],[-48.449805,-1.145508],[-48.306494,-1.039844],[-48.317578,-0.960547],[-48.115088,-0.7375],[-47.960938,-0.769629],[-47.807666,-0.663477],[-47.651074,-0.71875],[-47.398096,-0.62666],[-47.268604,-0.64541],[-47.126904,-0.74541],[-46.81123,-0.779687],[-46.617236,-0.970605],[-46.421729,-1.030078],[-46.219141,-1.03125],[-46.044629,-1.103027],[-45.972266,-1.187402],[-45.778809,-1.250781],[-45.644775,-1.347852],[-45.458594,-1.35625],[-45.282129,-1.696582],[-45.18208,-1.507031],[-45.076367,-1.466406],[-44.789844,-1.724805],[-44.65127,-1.745801],[-44.546777,-1.946289],[-44.537793,-2.052734],[-44.658643,-2.227539],[-44.435449,-2.168066],[-44.381836,-2.365527],[-44.520117,-2.405469],[-44.589014,-2.573438],[-44.721387,-3.142285],[-44.622656,-3.137891],[-44.437549,-2.944434],[-44.308154,-2.535156],[-44.228613,-2.471289],[-44.105566,-2.493457],[-44.112646,-2.598535],[-44.225195,-2.75498],[-44.192676,-2.80957],[-43.93291,-2.583496],[-43.728613,-2.518164],[-43.455127,-2.502051],[-43.380078,-2.376074],[-43.229687,-2.386035],[-42.936719,-2.465039],[-42.675879,-2.589648],[-42.593555,-2.661035],[-42.249609,-2.791992],[-41.999854,-2.806055],[-41.876172,-2.746582],[-41.640137,-2.878613],[-41.318213,-2.93623],[-41.194531,-2.886133],[-40.875586,-2.869629],[-40.474561,-2.795605],[-39.964697,-2.861523],[-39.014355,-3.390234],[-38.68623,-3.653711],[-38.475781,-3.71748],[-38.048828,-4.216406],[-37.795654,-4.404297],[-37.626318,-4.59209],[-37.301465,-4.713086],[-37.174658,-4.912402],[-36.861133,-4.966602],[-36.590723,-5.097559],[-36.161768,-5.09375],[-35.979883,-5.054395],[-35.549414,-5.129395],[-35.392578,-5.250879],[-35.235449,-5.566699],[-35.141748,-5.917188],[-35.095459,-6.185352],[-34.988184,-6.39375],[-34.92959,-6.785059],[-34.833887,-7.024414],[-34.805469,-7.288379],[-34.878613,-7.747461],[-34.834668,-7.971484],[-34.890527,-8.092187],[-34.96665,-8.407617],[-35.157764,-8.930566],[-35.340869,-9.230664],[-35.59707,-9.540625],[-35.763965,-9.702539],[-36.05498,-10.075781],[-36.223535,-10.225098],[-36.39834,-10.484082],[-36.768311,-10.67168],[-36.937793,-10.82041],[-37.315137,-11.375977],[-37.411816,-11.497266],[-37.469336,-11.653613],[-37.688721,-12.1],[-37.957324,-12.475488],[-38.019238,-12.591309],[-38.239746,-12.844238],[-38.401758,-12.966211],[-38.498926,-12.956641],[-38.524902,-12.762305],[-38.690967,-12.623926],[-38.787988,-12.782715],[-38.763721,-12.907227],[-38.835303,-13.147168],[-39.030908,-13.365137],[-39.089355,-13.588184],[-38.988623,-13.615039],[-39.041113,-13.758105],[-39.034912,-13.991016],[-38.942334,-14.030664],[-39.05957,-14.654785],[-39.013379,-14.935645],[-38.996191,-15.253809],[-38.880615,-15.864258],[-39.125049,-16.763574],[-39.215234,-17.31582],[-39.154004,-17.703906],[-39.278369,-17.849414],[-39.486768,-17.990137],[-39.650781,-18.252344],[-39.739795,-18.639844],[-39.741943,-18.845996],[-39.699854,-19.277832],[-39.731445,-19.453906],[-39.844727,-19.649121],[-40.001367,-19.741992],[-40.141699,-19.968262],[-40.202734,-20.206055],[-40.298877,-20.292676],[-40.395947,-20.569434],[-40.596582,-20.783789],[-40.789258,-20.906055],[-40.954541,-21.237891],[-41.047266,-21.505664],[-40.987842,-21.920313],[-41.12251,-22.084375],[-41.58291,-22.243652],[-41.705518,-22.309668],[-41.98042,-22.580664],[-41.940918,-22.788281],[-42.042383,-22.94707],[-42.581055,-22.941016],[-42.958301,-22.96709],[-43.081152,-22.902539],[-43.086279,-22.72334],[-43.229004,-22.747656],[-43.22417,-22.991211],[-43.532812,-23.046387],[-43.866162,-22.910547],[-44.047461,-22.944727],[-44.147998,-23.011035],[-44.36792,-23.00498],[-44.637256,-23.055469],[-44.667187,-23.335156],[-44.95166,-23.381445],[-45.21543,-23.575586],[-45.423291,-23.685352],[-45.464307,-23.802539],[-45.664648,-23.764844],[-45.97207,-23.795508],[-46.630762,-24.110352],[-46.867285,-24.236328],[-47.137207,-24.493164],[-47.592188,-24.781055],[-47.876562,-24.997461],[-47.929395,-25.168262],[-48.185938,-25.309863],[-48.40249,-25.27207],[-48.476123,-25.442969],[-48.401172,-25.597363],[-48.545166,-25.815918],[-48.619434,-26.179395],[-48.748291,-26.268652],[-48.651611,-26.406445],[-48.677734,-26.70293],[-48.615674,-26.878125],[-48.55415,-27.195996],[-48.571973,-27.372754],[-48.642578,-27.55791],[-48.605664,-27.825195],[-48.620801,-28.075586],[-48.693213,-28.310156],[-48.797266,-28.442676],[-48.799658,-28.575293],[-49.271289,-28.871191],[-49.499902,-29.075391],[-49.745996,-29.363184],[-50.03335,-29.800977],[-50.299512,-30.425781],[-50.619971,-30.897656],[-50.921387,-31.258398],[-51.151758,-31.480371],[-51.4604,-31.702441],[-51.798145,-31.900293],[-52.039209,-32.114844],[-52.063232,-31.830371],[-51.893164,-31.867773],[-51.680664,-31.774609],[-51.446191,-31.557324],[-51.272168,-31.476953],[-51.174316,-31.339746],[-51.161426,-31.118848],[-50.980078,-31.094238],[-50.94082,-30.903711],[-50.770166,-30.813379],[-50.689307,-30.704199],[-50.716309,-30.425977],[-50.581934,-30.438867],[-50.546533,-30.316895],[-50.646191,-30.236816],[-50.931885,-30.374316],[-51.040381,-30.260645],[-51.157275,-30.364258],[-51.359082,-30.674512],[-51.376465,-30.846875],[-51.459131,-30.912793],[-51.463672,-31.052637],[-51.716895,-31.24375],[-51.972461,-31.383789],[-52.026953,-31.599023],[-52.119824,-31.694922],[-52.193555,-31.885547],[-52.127393,-32.167773],[-52.34165,-32.439746],[-52.508496,-32.875293],[-52.652246,-33.137793],[-52.92085,-33.401953],[-53.370605,-33.742188],[-53.537646,-33.622852],[-53.531348,-33.170898],[-53.125586,-32.736719],[-53.23125,-32.625391],[-53.362744,-32.581152],[-53.601709,-32.403027],[-53.761719,-32.056836],[-53.920605,-31.952344],[-54.220557,-31.855176],[-54.369922,-31.74502],[-54.587646,-31.485156],[-54.895996,-31.391211],[-55.254639,-31.225586],[-55.366064,-31.046191],[-55.557324,-30.875977],[-55.873682,-31.069629],[-56.004687,-31.079199],[-55.998975,-30.837207],[-56.176172,-30.628418],[-56.832715,-30.107227],[-57.120508,-30.144434],[-57.214453,-30.283398],[-57.552295,-30.26123],[-57.608887,-30.187793],[-57.405225,-30.033887],[-57.224658,-29.782129],[-56.938623,-29.594824],[-56.772461,-29.417871],[-56.570703,-29.138086],[-56.393262,-28.997266],[-56.322363,-28.852441],[-56.102881,-28.651758],[-55.858887,-28.354199],[-55.687256,-28.381641],[-55.725488,-28.204102],[-55.47666,-28.089355],[-55.346484,-27.955957],[-55.101514,-27.866797],[-54.910205,-27.708594],[-54.829102,-27.550586],[-54.554932,-27.454102],[-54.327002,-27.423535],[-54.205225,-27.289648],[-54.040137,-27.24375],[-53.838184,-27.121094],[-53.717285,-26.882812],[-53.75332,-26.748633],[-53.710938,-26.351855],[-53.671289,-26.225098],[-53.823242,-25.95957],[-53.891162,-25.668848],[-54.15459,-25.523047],[-54.443945,-25.625],[-54.615869,-25.576074],[-54.610547,-25.432715],[-54.473145,-25.220215],[-54.412988,-24.86748],[-54.312939,-24.528125],[-54.281006,-24.306055],[-54.318262,-24.128125],[-54.241797,-24.047266],[-54.440234,-23.901758],[-54.625488,-23.8125],[-54.982666,-23.974512],[-55.194336,-24.01748],[-55.366309,-23.991016],[-55.442383,-23.865332],[-55.458887,-23.686719],[-55.538281,-23.580957],[-55.518457,-23.415625],[-55.654053,-22.810352],[-55.617676,-22.671484],[-55.746631,-22.512695],[-55.753271,-22.410156],[-55.84917,-22.307617],[-56.189844,-22.281152],[-56.351855,-22.178613],[-56.394873,-22.092676],[-56.523828,-22.102539],[-56.633008,-22.234863],[-56.937256,-22.271289],[-57.238232,-22.195215],[-57.568945,-22.181934],[-57.721094,-22.099219],[-57.820312,-22.142285],[-57.985693,-22.046387],[-57.932764,-21.910742],[-57.916211,-21.699121],[-57.945996,-21.494043],[-57.873242,-21.355078],[-57.830225,-20.997949],[-57.979053,-20.657324],[-58.002246,-20.46543],[-58.124609,-20.293457],[-58.159766,-20.164648],[-57.860742,-19.97959],[-58.131494,-19.744531],[-57.800391,-19.080957],[-57.783105,-18.914258],[-57.574023,-18.279297],[-57.586475,-18.122266],[-57.832471,-17.512109],[-57.990918,-17.512891],[-58.395996,-17.234277],[-58.459814,-16.910742],[-58.470605,-16.650195],[-58.350391,-16.49082],[-58.345605,-16.284375],[-58.537939,-16.328223],[-59.434277,-16.295996],[-60.175586,-16.269336],[-60.242334,-15.47959],[-60.530469,-15.143164],[-60.27334,-15.08877],[-60.298877,-14.618555],[-60.39624,-14.332812],[-60.474658,-14.184766],[-60.40498,-14.019238],[-60.506592,-13.789844],[-60.914502,-13.561426],[-61.077002,-13.489746],[-61.511572,-13.541211],[-61.789941,-13.525586],[-61.944727,-13.40625],[-62.176074,-13.133691],[-62.352832,-13.132422],[-62.687061,-12.994336],[-62.765479,-12.997266],[-63.015186,-12.805566],[-63.06748,-12.669141],[-63.249756,-12.70791],[-63.34668,-12.680078],[-63.585645,-12.518945],[-63.788086,-12.469434],[-63.938574,-12.529687],[-64.420508,-12.439746],[-64.513428,-12.250977],[-64.829883,-12.030273],[-64.992529,-11.975195],[-65.090283,-11.741211],[-65.163379,-11.765137],[-65.206201,-11.580566],[-65.322021,-11.43916],[-65.389893,-11.246289],[-65.323779,-11.024805],[-65.334033,-10.892773],[-65.43999,-10.58623],[-65.436914,-10.449023],[-65.313086,-10.253027],[-65.309326,-9.872656],[-65.396143,-9.712402],[-65.558691,-9.797461],[-65.706787,-9.768457],[-66.263574,-9.826074],[-66.575342,-9.899902],[-66.72998,-9.975488],[-67.111523,-10.268945],[-67.280469,-10.317285],[-67.582422,-10.505957],[-67.721777,-10.683105],[-67.83501,-10.662793],[-68.07168,-10.703125],[-68.266602,-10.933105],[-68.397998,-11.01875],[-68.72749,-11.122461],[-68.84834,-11.011133],[-69.228516,-10.955664],[-69.578613,-10.951758],[-69.960352,-10.929883],[-70.220068,-11.047656],[-70.392285,-11.058594],[-70.533252,-10.946875],[-70.642334,-11.010254],[-70.636914,-9.82373],[-70.567236,-9.70459],[-70.636914,-9.478223],[-70.970752,-9.765723],[-71.237939,-9.966016],[-71.608008,-10.006055],[-72.181592,-10.003711],[-72.172852,-9.844043],[-72.259961,-9.774316],[-72.318066,-9.556641],[-72.379053,-9.510156],[-72.814258,-9.410352],[-73.209424,-9.411426],[-72.970361,-9.120117],[-72.974023,-8.993164],[-73.203125,-8.719336],[-73.302441,-8.654004],[-73.3604,-8.479297],[-73.549121,-8.345801],[-73.610107,-8.14541],[-73.775586,-7.936426],[-73.72041,-7.78252],[-73.82207,-7.738965],[-74.002051,-7.556055],[-73.964307,-7.378906],[-73.749463,-7.335352],[-73.72334,-7.262793],[-73.804639,-7.079883],[-73.758105,-6.905762],[-73.499902,-6.679492],[-73.137354,-6.46582],[-73.135352,-6.344336],[-73.235547,-6.098438],[-73.162891,-5.933398],[-72.979883,-5.634863],[-72.887061,-5.122754],[-72.69873,-5.067188],[-72.256787,-4.748926],[-71.844727,-4.504395],[-71.521338,-4.469727],[-70.973682,-4.350488],[-70.799512,-4.17334],[-70.404639,-4.150098],[-70.23916,-4.301172],[-70.05332,-4.333105],[-69.965918,-4.235938],[-69.849756,-3.659863],[-69.669043,-2.667676],[-69.400244,-1.194922],[-69.44873,-0.99873],[-69.543555,-0.917188],[-69.620703,-0.720898],[-69.592041,-0.639355],[-69.66748,-0.482422],[-69.922754,-0.31748],[-70.070508,-0.138867],[-70.053906,0.578613],[-69.807129,0.607471],[-69.472119,0.729932],[-69.283008,0.627246],[-69.174072,0.635352],[-69.163232,0.864062],[-69.258691,1.015381],[-69.361377,1.064014],[-69.852148,1.059521],[-69.848584,1.70874],[-69.58125,1.770752],[-69.319727,1.72124],[-68.176562,1.719824],[-68.255957,1.845508],[-68.130273,1.955762],[-67.989746,1.752539],[-67.815088,1.790088],[-67.609229,2.035059],[-67.499658,2.10791],[-67.351953,2.08584],[-67.119238,1.703613],[-67.090137,1.615576],[-67.093652,1.21001],[-66.876025,1.223047]]],[[[-49.628662,-0.229199],[-49.402881,-0.214648],[-49.314258,-0.167871],[-49.116992,-0.163574],[-48.588037,-0.231641],[-48.392676,-0.297363],[-48.379687,-0.352832],[-48.539697,-0.800977],[-48.70459,-1.106641],[-48.839697,-1.226562],[-48.804053,-1.326953],[-48.928906,-1.482324],[-49.086865,-1.505078],[-49.172705,-1.412598],[-49.233984,-1.599512],[-49.344824,-1.595215],[-49.506641,-1.511621],[-49.587891,-1.712402],[-49.805127,-1.790234],[-50.009961,-1.708496],[-50.109277,-1.747852],[-50.507617,-1.787988],[-50.602051,-1.697754],[-50.759766,-1.240234],[-50.709619,-1.077734],[-50.783301,-1.010352],[-50.771387,-0.64541],[-50.719922,-0.583398],[-50.693701,-0.364453],[-50.645508,-0.272852],[-50.461572,-0.157422],[-50.248242,-0.116406],[-49.628662,-0.229199]]],[[[-45.260254,-23.88916],[-45.451416,-23.895605],[-45.302344,-23.727539],[-45.260254,-23.88916]]],[[[-49.738232,0.268164],[-49.697266,0.215967],[-49.838965,0.006885],[-50.00249,-0.029297],[-50.113135,0.033008],[-50.339453,0.043359],[-50.272656,0.231738],[-50.127979,0.226514],[-49.879004,0.304541],[-49.738232,0.268164]]],[[[-50.298975,1.938525],[-50.456104,1.910498],[-50.491016,2.128613],[-50.341992,2.141748],[-50.298975,1.938525]]],[[[-50.652881,-0.131641],[-50.926367,-0.327344],[-51.038086,-0.225879],[-50.995068,-0.105273],[-50.842188,-0.050195],[-50.666992,-0.058008],[-50.652881,-0.131641]]],[[[-49.443896,-0.112402],[-49.708838,-0.14375],[-49.830078,-0.093896],[-49.712305,0.015137],[-49.503467,0.083691],[-49.400488,0.057227],[-49.443896,-0.112402]]],[[[-50.426123,0.139258],[-50.443945,-0.007666],[-50.623926,0.054395],[-50.610449,0.204785],[-50.451563,0.326904],[-50.424561,0.558252],[-50.350977,0.581738],[-50.332275,0.259033],[-50.426123,0.139258]]],[[[-50.15293,0.393018],[-50.261328,0.35918],[-50.251172,0.585449],[-50.112793,0.604736],[-50.040039,0.522803],[-50.15293,0.393018]]],[[[-51.83252,-1.433789],[-51.938379,-1.452637],[-51.802051,-1.202539],[-51.680029,-1.086133],[-51.678271,-0.855078],[-51.546045,-0.649609],[-51.424463,-0.565918],[-51.254004,-0.541406],[-51.160742,-0.666699],[-51.276318,-1.021777],[-51.465137,-1.211133],[-51.637695,-1.341895],[-51.83252,-1.433789]]],[[[-48.485889,-27.766992],[-48.542187,-27.574805],[-48.464746,-27.436328],[-48.37793,-27.451465],[-48.496777,-27.707031],[-48.485889,-27.766992]]]]},"properties":{"name":"Brazil"},"id":"BR"},
    {"type":"Feature","geometry":{"type":"Polygon","coordinates":[[[-53.370605,-33.742188],[-53.472461,-33.849316],[-53.534521,-34.01748],[-53.74292,-34.249512],[-53.785303,-34.380371],[-54.010254,-34.516992],[-54.168555,-34.670703],[-54.902295,-34.932813],[-55.237891,-34.895801],[-55.370605,-34.807617],[-55.673145,-34.775684],[-55.862939,-34.810938],[-56.11792,-34.90791],[-56.387842,-34.861035],[-56.463086,-34.775391],[-56.855176,-34.67666],[-57.170703,-34.452344],[-57.543457,-34.448047],[-57.829102,-34.477344],[-57.96123,-34.306934],[-58.207031,-34.109082],[-58.400195,-33.912402],[-58.438135,-33.719141],[-58.353369,-33.260059],[-58.221582,-33.129102],[-58.082324,-32.893652],[-58.201172,-32.47168],[-58.123047,-32.321875],[-58.189014,-31.924219],[-58.042334,-31.769238],[-57.987988,-31.576172],[-58.053857,-31.494922],[-57.868408,-31.104395],[-57.898291,-30.975195],[-57.810596,-30.858594],[-57.87251,-30.591016],[-57.712695,-30.384473],[-57.608887,-30.187793],[-57.552295,-30.26123],[-57.214453,-30.283398],[-57.120508,-30.144434],[-56.832715,-30.107227],[-56.176172,-30.628418],[-55.998975,-30.837207],[-56.004687,-31.079199],[-55.873682,-31.069629],[-55.557324,-30.875977],[-55.366064,-31.046191],[-55.254639,-31.225586],[-54.895996,-31.391211],[-54.587646,-31.485156],[-54.369922,-31.74502],[-54.220557,-31.855176],[-53.920605,-31.952344],[-53.761719,-32.056836],[-53.601709,-32.403027],[-53.362744,-32.581152],[-53.23125,-32.625391],[-53.125586,-32.736719],[-53.531348,-33.170898],[-53.537646,-33.622852],[-53.370605,-33.742188]]]},"properties":{"name":"Uruguay"},"id":"UY"},
    {"type":"Feature","geometry":{"type":"MultiPolygon","coordinates":[[[[-75.284473,-0.106543],[-75.475977,-0.157129],[-75.491064,-0.24834],[-75.424707,-0.408887],[-75.263232,-0.555371],[-75.283594,-0.707129],[-75.249609,-0.951855],[-75.42041,-0.962207],[-75.570557,-1.53125],[-76.089795,-2.133105],[-76.679102,-2.562598],[-77.860596,-2.981641],[-78.183301,-3.350195],[-78.226318,-3.48916],[-78.347266,-3.43125],[-78.419775,-3.776855],[-78.550439,-3.986914],[-78.679395,-4.325879],[-78.686035,-4.562402],[-78.861523,-4.665039],[-79.07627,-4.990625],[-79.330957,-4.927832],[-79.501904,-4.670605],[-79.516162,-4.53916],[-79.638525,-4.454883],[-79.797266,-4.476367],[-80.139551,-4.296094],[-80.383496,-4.463672],[-80.488477,-4.393652],[-80.45376,-4.205176],[-80.51001,-4.069531],[-80.437207,-3.978613],[-80.303271,-4.005078],[-80.179248,-3.877734],[-80.273535,-3.424609],[-80.324658,-3.387891],[-80.02666,-3.228125],[-79.921582,-3.090137],[-79.822705,-2.776953],[-79.729883,-2.579102],[-79.822412,-2.356543],[-79.925586,-2.548535],[-80.127148,-2.528418],[-80.284717,-2.706738],[-80.450098,-2.625977],[-80.684863,-2.396875],[-80.839062,-2.349023],[-80.962793,-2.189258],[-80.770361,-2.07666],[-80.763135,-1.822949],[-80.83501,-1.632422],[-80.801416,-1.383398],[-80.902393,-1.078906],[-80.841406,-0.974707],[-80.553906,-0.847949],[-80.455469,-0.585449],[-80.482275,-0.368262],[-80.321289,-0.16582],[-80.133398,-0.006055],[-80.046143,0.155371],[-80.025,0.410156],[-80.088281,0.784766],[-79.903516,0.860205],[-79.741211,0.979785],[-79.613184,0.971143],[-79.465381,1.060059],[-79.229053,1.10459],[-78.899658,1.20625],[-78.827051,1.295947],[-78.859668,1.455371],[-78.681641,1.283447],[-78.511523,1.198828],[-78.312109,1.046094],[-78.037012,0.89873],[-77.829541,0.825391],[-77.702881,0.837842],[-77.648633,0.723633],[-77.467676,0.636523],[-77.422754,0.424854],[-77.292676,0.3604],[-77.114111,0.355078],[-76.920117,0.268506],[-76.729004,0.272119],[-76.494629,0.235449],[-76.413379,0.378857],[-76.311035,0.448486],[-76.06792,0.345557],[-75.879785,0.150977],[-75.617334,0.062891],[-75.463965,-0.038428],[-75.284473,-0.106543]]],[[[-80.131592,-2.973145],[-80.272949,-2.995898],[-80.223682,-2.753125],[-80.080762,-2.668848],[-79.909033,-2.725586],[-80.093408,-2.845898],[-80.131592,-2.973145]]],[[[-90.334863,-0.771582],[-90.542139,-0.676465],[-90.469727,-0.517383],[-90.269385,-0.484668],[-90.185303,-0.544824],[-90.192725,-0.658789],[-90.334863,-0.771582]]],[[[-89.418896,-0.911035],[-89.536621,-0.952344],[-89.608594,-0.888574],[-89.423145,-0.722266],[-89.259375,-0.728418],[-89.418896,-0.911035]]],[[[-91.425977,-0.46084],[-91.526367,-0.478223],[-91.646582,-0.39082],[-91.64668,-0.284473],[-91.460156,-0.255664],[-91.399365,-0.322461],[-91.425977,-0.46084]]],[[[-91.272168,0.025146],[-91.210059,-0.039307],[-91.176221,-0.223047],[-90.975537,-0.416895],[-90.958936,-0.595313],[-90.799658,-0.752051],[-90.905518,-0.940527],[-91.131055,-1.019629],[-91.371533,-1.016992],[-91.483545,-0.924609],[-91.458301,-0.799512],[-91.144678,-0.622852],[-91.249512,-0.373633],[-91.369189,-0.287207],[-91.428857,-0.023389],[-91.491016,0.105176],[-91.361377,0.12583],[-91.272168,0.025146]]],[[[-90.573926,-0.333984],[-90.809033,-0.329395],[-90.780371,-0.160449],[-90.667529,-0.189844],[-90.573926,-0.333984]]]]},"properties":{"name":"Ecuador"},"id":"EC"},
    {"type":"Feature","geometry":{"type":"Polygon","coordinates":[[[-71.319727,11.861914],[-71.536084,11.774072],[-71.958105,11.666406],[-72.248486,11.196436],[-72.446094,11.114258],[-72.690088,10.83584],[-72.869336,10.49126],[-72.940381,10.195752],[-73.006543,9.78916],[-73.064063,9.668213],[-73.356348,9.226855],[-73.193164,9.194141],[-73.058398,9.25957],[-72.960156,9.135156],[-72.796387,9.108984],[-72.66543,8.627588],[-72.416553,8.381982],[-72.357617,8.087305],[-72.446045,7.966113],[-72.478955,7.613232],[-72.442969,7.454883],[-72.207715,7.370264],[-72.084277,7.096875],[-71.892676,6.990332],[-71.620898,7.03291],[-71.217822,6.985205],[-71.013281,6.994434],[-70.810693,7.077588],[-70.655078,7.082764],[-70.3875,6.972607],[-70.09502,6.937939],[-69.439258,6.134912],[-69.268164,6.099707],[-69.089941,6.184375],[-68.937207,6.198193],[-68.736475,6.156787],[-68.471777,6.156543],[-68.143066,6.19751],[-67.85918,6.289893],[-67.568066,6.241797],[-67.481982,6.180273],[-67.439355,6.025537],[-67.631348,5.709375],[-67.642285,5.558789],[-67.788428,5.375488],[-67.824902,5.270459],[-67.814307,4.930811],[-67.855273,4.506885],[-67.79541,4.380713],[-67.783203,4.198242],[-67.661621,3.864258],[-67.498682,3.691113],[-67.311133,3.415869],[-67.353613,3.322656],[-67.834766,2.892822],[-67.59668,2.769336],[-67.21084,2.390137],[-67.215234,2.275488],[-67.113818,2.050586],[-66.884473,1.358252],[-66.876025,1.223047],[-67.093652,1.21001],[-67.090137,1.615576],[-67.119238,1.703613],[-67.351953,2.08584],[-67.499658,2.10791],[-67.609229,2.035059],[-67.815088,1.790088],[-67.989746,1.752539],[-68.130273,1.955762],[-68.255957,1.845508],[-68.176562,1.719824],[-69.319727,1.72124],[-69.58125,1.770752],[-69.848584,1.70874],[-69.852148,1.059521],[-69.361377,1.064014],[-69.258691,1.015381],[-69.163232,0.864062],[-69.174072,0.635352],[-69.283008,0.627246],[-69.472119,0.729932],[-69.807129,0.607471],[-70.053906,0.578613],[-70.070508,-0.138867],[-69.922754,-0.31748],[-69.66748,-0.482422],[-69.592041,-0.639355],[-69.620703,-0.720898],[-69.543555,-0.917188],[-69.44873,-0.99873],[-69.400244,-1.194922],[-69.669043,-2.667676],[-69.849756,-3.659863],[-69.965918,-4.235938],[-70.167529,-4.050195],[-70.240283,-3.882715],[-70.339502,-3.814355],[-70.529687,-3.866406],[-70.735107,-3.781543],[-70.074023,-2.750195],[-70.09585,-2.658203],[-70.575879,-2.418262],[-70.914551,-2.218555],[-71.113379,-2.24541],[-71.196387,-2.313086],[-71.396973,-2.334082],[-71.559473,-2.224219],[-71.752539,-2.152734],[-71.984277,-2.326563],[-72.395605,-2.428906],[-72.625342,-2.35166],[-72.887158,-2.408496],[-73.154492,-2.278223],[-73.126514,-2.081055],[-73.196973,-1.830273],[-73.496289,-1.693066],[-73.494336,-1.536621],[-73.664307,-1.248828],[-73.863184,-1.19668],[-74.054395,-1.028613],[-74.246387,-0.970605],[-74.334424,-0.850879],[-74.417871,-0.580664],[-74.616357,-0.37002],[-74.755371,-0.298633],[-74.801758,-0.200098],[-74.945312,-0.188184],[-75.138379,-0.050488],[-75.284473,-0.106543],[-75.463965,-0.038428],[-75.617334,0.062891],[-75.879785,0.150977],[-76.06792,0.345557],[-76.311035,0.448486],[-76.413379,0.378857],[-76.494629,0.235449],[-76.729004,0.272119],[-76.920117,0.268506],[-77.114111,0.355078],[-77.292676,0.3604],[-77.422754,0.424854],[-77.467676,0.636523],[-77.648633,0.723633],[-77.702881,0.837842],[-77.829541,0.825391],[-78.037012,0.89873],[-78.312109,1.046094],[-78.511523,1.198828],[-78.681641,1.283447],[-78.859668,1.455371],[-79.025439,1.623682],[-78.957666,1.752197],[-78.792969,1.84873],[-78.576904,1.773779],[-78.550439,1.923633],[-78.628613,2.05625],[-78.617041,2.306787],[-78.534717,2.423682],[-78.296143,2.510498],[-78.12002,2.488184],[-77.932275,2.629248],[-77.874512,2.725879],[-77.67002,2.878857],[-77.693652,3.039941],[-77.559131,3.075977],[-77.417139,3.341797],[-77.242773,3.585352],[-77.166602,3.862256],[-77.358203,3.944727],[-77.427295,4.060449],[-77.286328,4.721729],[-77.339453,4.838525],[-77.35918,5.215186],[-77.401758,5.416162],[-77.534424,5.537109],[-77.324609,5.675635],[-77.249268,5.780176],[-77.344678,5.995361],[-77.469434,6.176758],[-77.398242,6.275],[-77.359863,6.504492],[-77.438867,6.690332],[-77.525977,6.693115],[-77.803711,7.137256],[-77.901172,7.229346],[-77.82832,7.442822],[-77.743896,7.536963],[-77.732031,7.710938],[-77.586572,7.543066],[-77.350781,7.705859],[-77.345605,7.836523],[-77.215967,7.93252],[-77.212305,8.033887],[-77.407275,8.427246],[-77.478516,8.498437],[-77.374219,8.658301],[-77.261572,8.493701],[-77.130127,8.400586],[-76.851855,8.090479],[-76.924658,7.973193],[-76.786572,7.931592],[-76.742334,8.002148],[-76.77207,8.310547],[-76.887988,8.619873],[-76.689355,8.694727],[-76.276855,8.989111],[-76.135498,9.265625],[-75.905029,9.430908],[-75.639355,9.450439],[-75.603613,9.538477],[-75.680029,9.729785],[-75.592676,9.992725],[-75.595898,10.12583],[-75.670898,10.196338],[-75.553711,10.327734],[-75.445996,10.610889],[-75.280615,10.727197],[-74.84458,11.109717],[-74.454248,10.989062],[-74.51626,10.8625],[-74.350195,10.813721],[-74.219141,11.105322],[-74.200195,11.265723],[-74.059131,11.340625],[-73.795703,11.275684],[-73.313379,11.295752],[-72.721826,11.712158],[-72.44707,11.801709],[-72.275,11.889258],[-72.165234,12.060205],[-72.135742,12.188574],[-71.970117,12.238281],[-71.919141,12.309082],[-71.714551,12.419971],[-71.493994,12.432275],[-71.262109,12.335303],[-71.155029,12.16416],[-71.137305,12.046338],[-71.319727,11.861914]]]},"properties":{"name":"Colombia"},"id":"CO"},
    {"type":"Feature","geometry":{"type":"Polygon","coordinates":[[[-58.159766,-20.164648],[-58.124609,-20.293457],[-58.002246,-20.46543],[-57.979053,-20.657324],[-57.830225,-20.997949],[-57.873242,-21.355078],[-57.945996,-21.494043],[-57.916211,-21.699121],[-57.932764,-21.910742],[-57.985693,-22.046387],[-57.820312,-22.142285],[-57.721094,-22.099219],[-57.568945,-22.181934],[-57.238232,-22.195215],[-56.937256,-22.271289],[-56.633008,-22.234863],[-56.523828,-22.102539],[-56.394873,-22.092676],[-56.351855,-22.178613],[-56.189844,-22.281152],[-55.84917,-22.307617],[-55.753271,-22.410156],[-55.746631,-22.512695],[-55.617676,-22.671484],[-55.654053,-22.810352],[-55.518457,-23.415625],[-55.538281,-23.580957],[-55.458887,-23.686719],[-55.442383,-23.865332],[-55.366309,-23.991016],[-55.194336,-24.01748],[-54.982666,-23.974512],[-54.625488,-23.8125],[-54.440234,-23.901758],[-54.241797,-24.047266],[-54.318262,-24.128125],[-54.281006,-24.306055],[-54.312939,-24.528125],[-54.412988,-24.86748],[-54.473145,-25.220215],[-54.610547,-25.432715],[-54.615869,-25.576074],[-54.631934,-26.005762],[-54.677734,-26.308789],[-54.825488,-26.652246],[-54.934473,-26.702539],[-55.135937,-26.931152],[-55.42666,-27.009277],[-55.597266,-27.207617],[-55.63291,-27.357129],[-55.78999,-27.416406],[-55.951465,-27.325684],[-56.164062,-27.321484],[-56.437158,-27.553809],[-56.603369,-27.467871],[-56.715723,-27.49375],[-56.871729,-27.440625],[-57.111816,-27.470117],[-57.39126,-27.430469],[-57.812207,-27.316602],[-58.168262,-27.273438],[-58.604834,-27.314355],[-58.641748,-27.196094],[-58.485254,-26.968457],[-58.322559,-26.857617],[-58.191309,-26.62998],[-58.203027,-26.381445],[-58.082422,-26.138574],[-57.890625,-26.006543],[-57.754785,-25.69707],[-57.57168,-25.53418],[-57.587158,-25.405078],[-57.82168,-25.136426],[-58.136475,-24.977148],[-58.365381,-24.959277],[-58.519629,-24.842871],[-58.724023,-24.786621],[-59.372949,-24.453906],[-59.608594,-24.266797],[-59.89248,-24.093555],[-60.110303,-24.00918],[-60.262207,-24.013965],[-60.505371,-23.963574],[-60.839844,-23.858105],[-61.03291,-23.755664],[-61.208398,-23.557031],[-61.505518,-23.391992],[-61.798535,-23.182031],[-62.066602,-22.869434],[-62.21416,-22.612402],[-62.37251,-22.43916],[-62.625977,-22.29043],[-62.650977,-22.233691],[-62.27666,-21.066016],[-62.276318,-20.5625],[-61.916943,-20.055371],[-61.756836,-19.645312],[-60.88877,-19.478516],[-60.007373,-19.297559],[-59.090527,-19.28623],[-58.180176,-19.817871],[-58.139941,-19.998828],[-58.159766,-20.164648]]]},"properties":{"name":"Paraguay"},"id":"PY"},
    {"type":"Feature","geometry":{"type":"MultiPolygon","coordinates":[[[[-63.849365,11.131006],[-63.817285,11.000342],[-63.917627,10.887549],[-64.054688,10.884326],[-64.160889,10.958789],[-64.3625,10.961523],[-64.348633,11.051904],[-64.213672,11.086133],[-64.112793,11.005664],[-63.893115,11.167236],[-63.849365,11.131006]]],[[[-60.9979,8.867334],[-61.069189,8.947314],[-60.91582,9.070312],[-60.84917,8.995703],[-60.9979,8.867334]]],[[[-60.017529,8.549316],[-59.831641,8.305957],[-59.964844,8.191602],[-60.032422,8.053564],[-60.178174,7.994043],[-60.380615,7.827637],[-60.513623,7.813184],[-60.719238,7.498682],[-60.606543,7.32085],[-60.633301,7.211084],[-60.523193,7.143701],[-60.325488,7.133984],[-60.39502,6.945361],[-60.71792,6.768311],[-60.87334,6.786914],[-60.937988,6.732764],[-61.145605,6.694531],[-61.203613,6.588379],[-61.151025,6.446533],[-61.128711,6.214307],[-61.303125,6.049512],[-61.376807,5.906982],[-60.742139,5.202051],[-60.671973,5.164355],[-60.604492,4.99458],[-60.627588,4.892529],[-60.741748,4.774121],[-60.90625,4.686816],[-61.002832,4.535254],[-61.280078,4.516895],[-61.479395,4.402246],[-61.554248,4.287793],[-62.153125,4.098389],[-62.410645,4.156738],[-62.712109,4.01792],[-62.7646,3.672949],[-62.856982,3.593457],[-62.968652,3.593945],[-63.294727,3.922266],[-63.526807,3.893701],[-63.65293,3.94082],[-64.021484,3.929102],[-64.121729,4.066992],[-64.255664,4.140332],[-64.576367,4.139893],[-64.722266,4.274414],[-64.817871,4.232275],[-64.56792,3.899805],[-64.275293,3.662695],[-64.221094,3.587402],[-64.218848,3.204687],[-64.037793,2.801514],[-64.009033,2.671875],[-64.048828,2.525098],[-63.92417,2.452441],[-63.389258,2.411914],[-63.393945,2.22251],[-63.844482,1.976709],[-64.035449,1.904443],[-64.114844,1.619287],[-64.304199,1.455273],[-64.486035,1.452783],[-64.731543,1.25332],[-64.817969,1.257129],[-65.10376,1.108105],[-65.36084,0.868652],[-65.473389,0.69126],[-65.566016,0.926074],[-65.681445,0.983447],[-65.811328,0.937256],[-66.060059,0.785352],[-66.30166,0.751953],[-66.429248,0.82168],[-66.876025,1.223047],[-66.884473,1.358252],[-67.113818,2.050586],[-67.215234,2.275488],[-67.21084,2.390137],[-67.59668,2.769336],[-67.834766,2.892822],[-67.353613,3.322656],[-67.311133,3.415869],[-67.498682,3.691113],[-67.661621,3.864258],[-67.783203,4.198242],[-67.79541,4.380713],[-67.855273,4.506885],[-67.814307,4.930811],[-67.824902,5.270459],[-67.788428,5.375488],[-67.642285,5.558789],[-67.631348,5.709375],[-67.439355,6.025537],[-67.481982,6.180273],[-67.568066,6.241797],[-67.85918,6.289893],[-68.143066,6.19751],[-68.471777,6.156543],[-68.736475,6.156787],[-68.937207,6.198193],[-69.089941,6.184375],[-69.268164,6.099707],[-69.439258,6.134912],[-70.09502,6.937939],[-70.3875,6.972607],[-70.655078,7.082764],[-70.810693,7.077588],[-71.013281,6.994434],[-71.217822,6.985205],[-71.620898,7.03291],[-71.892676,6.990332],[-72.084277,7.096875],[-72.207715,7.370264],[-72.442969,7.454883],[-72.478955,7.613232],[-72.446045,7.966113],[-72.357617,8.087305],[-72.416553,8.381982],[-72.66543,8.627588],[-72.796387,9.108984],[-72.960156,9.135156],[-73.058398,9.25957],[-73.193164,9.194141],[-73.356348,9.226855],[-73.064063,9.668213],[-73.006543,9.78916],[-72.940381,10.195752],[-72.869336,10.49126],[-72.690088,10.83584],[-72.446094,11.114258],[-72.248486,11.196436],[-71.958105,11.666406],[-71.536084,11.774072],[-71.319727,11.861914],[-71.488379,11.71875],[-71.868652,11.627344],[-71.956934,11.569922],[-71.946973,11.414453],[-71.730908,10.994678],[-71.69043,10.835498],[-71.594336,10.657373],[-71.664844,10.44375],[-71.955713,10.108057],[-72.112842,9.815576],[-71.97627,9.553223],[-71.760742,9.335742],[-71.781348,9.25],[-71.686719,9.07251],[-71.536621,9.048291],[-71.297949,9.125635],[-71.08584,9.348242],[-71.052686,9.705811],[-71.081738,9.833203],[-71.262207,10.143604],[-71.386621,10.26377],[-71.517871,10.621826],[-71.544629,10.778711],[-71.461133,10.835645],[-71.469531,10.96416],[-71.264355,10.999512],[-70.820508,11.208447],[-70.545605,11.261377],[-70.23252,11.372998],[-70.048535,11.530322],[-69.885352,11.444336],[-69.7729,11.541309],[-69.817334,11.67207],[-70.192578,11.624609],[-70.286523,11.886035],[-70.202783,12.098389],[-70.003955,12.177881],[-69.830615,11.995605],[-69.810547,11.836865],[-69.711914,11.564209],[-69.631592,11.479932],[-69.232568,11.518457],[-68.827979,11.431738],[-68.398633,11.160986],[-68.324805,10.949316],[-68.324707,10.80874],[-68.234082,10.569141],[-68.139941,10.492725],[-67.871631,10.47207],[-67.581348,10.52373],[-67.133301,10.57041],[-66.989062,10.610645],[-66.247217,10.632227],[-66.105859,10.574609],[-66.090479,10.472949],[-65.851758,10.257764],[-65.655859,10.228467],[-65.489355,10.159424],[-65.129102,10.070068],[-64.850488,10.098096],[-64.18833,10.457812],[-63.833691,10.448535],[-63.873438,10.66377],[-63.496777,10.643262],[-63.189893,10.70918],[-62.946729,10.70708],[-62.702344,10.749805],[-62.242285,10.699561],[-62.23291,10.633984],[-62.37998,10.546875],[-62.693555,10.562988],[-62.842969,10.507227],[-62.843018,10.41792],[-62.706299,10.333057],[-62.661621,10.198584],[-62.515137,10.176123],[-62.32041,9.783057],[-62.19043,9.842187],[-62.119629,9.984863],[-61.765918,9.813818],[-61.512305,9.84751],[-61.309375,9.633057],[-61.013379,9.556445],[-60.79248,9.360742],[-60.840967,9.263672],[-60.971045,9.215186],[-61.053076,9.095117],[-61.122363,8.843359],[-61.247266,8.600342],[-61.618701,8.597461],[-61.304004,8.4104],[-61.19375,8.487598],[-61.035986,8.493115],[-60.800977,8.592139],[-60.481494,8.547266],[-60.340234,8.62876],[-60.16748,8.616992],[-60.017529,8.549316]]]]},"properties":{"name":"Venezuela"},"id":"VE"},
    {"type":"Feature","geometry":{"type":"MultiPolygon","coordinates":[[[[-58.850195,-51.269922],[-58.69751,-51.328516],[-58.50625,-51.308105],[-58.47373,-51.509082],[-58.206445,-51.404688],[-57.976514,-51.384375],[-57.808496,-51.517969],[-57.838184,-51.70918],[-58.150928,-51.76543],[-58.335986,-51.86377],[-58.683496,-51.93623],[-58.652783,-52.099219],[-59.13125,-52.00791],[-59.068018,-52.173047],[-59.341504,-52.195996],[-59.395654,-52.308008],[-59.64873,-52.134375],[-59.570801,-51.925391],[-59.261768,-51.737305],[-59.059521,-51.685449],[-59.096631,-51.491406],[-58.88667,-51.35791],[-58.850195,-51.269922]]],[[[-60.28623,-51.461914],[-60.141553,-51.480957],[-59.91709,-51.388086],[-59.788428,-51.445996],[-59.387598,-51.359961],[-59.268066,-51.427539],[-59.921387,-51.969531],[-60.246338,-51.986426],[-60.353467,-52.139941],[-60.686377,-52.188379],[-60.961426,-52.057324],[-60.7625,-51.946484],[-60.591064,-51.951563],[-60.238477,-51.771973],[-60.245166,-51.638867],[-60.505811,-51.485449],[-60.28623,-51.461914]]]]},"properties":{"name":"Falkland Islands"},"id":"FK"},
    {"type":"Feature","geometry":{"type":"Polygon","coordinates":[[[35.268359,5.492285],[35.081934,5.673145],[34.983594,5.858301],[34.958984,6.045068],[34.838086,6.300146],[34.710645,6.660303],[34.562793,6.779834],[34.484375,6.898389],[34.279297,7.002832],[34.064258,7.225732],[34.02041,7.367969],[33.902441,7.509521],[33.666113,7.670996],[33.225977,7.760645],[33.014648,7.868555],[33.012598,7.951514],[33.234277,8.396387],[33.409375,8.447754],[33.95332,8.443506],[34.094531,8.582227],[34.101562,8.751855],[34.078125,9.461523],[34.120313,9.729688],[34.291504,10.124756],[34.314844,10.251563],[34.275684,10.528125],[34.431445,10.787842],[34.571875,10.880176],[34.771289,10.746191],[34.931445,10.864795],[34.960742,11.276758],[35.112305,11.816553],[35.252441,11.957031],[35.596094,12.537305],[35.670215,12.62373],[35.820605,12.684863],[36.10752,12.726465],[36.160156,13.093311],[36.212207,13.271094],[36.390625,13.626074],[36.44707,13.842041],[36.443945,13.988428],[36.524316,14.256836],[36.811914,14.315039],[37.024512,14.271973],[37.132617,14.406055],[37.257227,14.45376],[37.353711,14.372461],[37.507227,14.156396],[37.571191,14.149072],[37.88418,14.852295],[38.002539,14.737109],[38.221484,14.649658],[38.376953,14.47041],[38.504395,14.424414],[38.812012,14.482324],[39.074219,14.628223],[39.198047,14.479395],[39.531836,14.536719],[39.895117,14.440674],[40.221484,14.431152],[40.524414,14.225195],[40.769531,14.144482],[40.938574,13.983105],[41.122363,13.736133],[41.362891,13.499805],[41.765039,13.183936],[41.952148,12.882324],[42.134277,12.771436],[42.378516,12.466406],[41.995898,11.912354],[41.815625,11.723779],[41.766504,11.589111],[41.798242,10.980469],[41.957422,10.941016],[42.308105,11.005225],[42.557715,11.080762],[42.922754,10.999316],[42.65957,10.621387],[42.841602,10.203076],[43.068945,9.926221],[43.181641,9.87998],[43.303125,9.609082],[43.48252,9.379492],[43.620508,9.337402],[44.022852,8.986035],[44.893555,8.700195],[46.295996,8.234961],[46.978223,7.99707],[47.978223,7.99707],[46.971191,7.026025],[46.422949,6.497266],[45.934961,5.997217],[44.940527,4.912012],[44.911621,4.899902],[44.028125,4.950977],[43.538281,4.840332],[43.125684,4.644482],[43.016016,4.56333],[42.894727,4.361084],[42.791602,4.291992],[42.228418,4.20166],[42.024121,4.137939],[41.883984,3.977734],[41.220898,3.943555],[41.087207,3.991943],[40.765234,4.273047],[40.01416,3.947949],[39.842188,3.851465],[39.65752,3.577832],[39.494434,3.456104],[39.225488,3.47876],[38.752734,3.558984],[38.608008,3.600098],[38.225293,3.618994],[38.086133,3.648828],[37.38252,4.11084],[36.905566,4.411475],[36.823633,4.430127],[36.081934,4.449707],[35.978711,4.503809],[35.763086,4.808008],[35.800293,5.156934],[35.74502,5.343994],[35.468652,5.419092],[35.325293,5.364893],[35.268359,5.492285]]]},"properties":{"name":"Ethiopia"},"id":"ET"},
    {"type":"Feature","geometry":{"type":"Polygon","coordinates":[[[33.976074,4.220215],[33.568457,3.811719],[33.489355,3.755078],[33.154102,3.774707],[32.997266,3.880176],[32.838086,3.798486],[32.335742,3.706201],[32.099414,3.529199],[31.941797,3.607568],[31.798047,3.802637],[31.628906,3.701465],[31.47998,3.680469],[31.152344,3.785596],[30.929395,3.634082],[30.838574,3.490723],[30.757227,3.624219],[30.559375,3.652783],[30.508301,3.835693],[30.194922,3.981934],[29.870215,4.327148],[29.676855,4.586914],[29.469629,4.611816],[29.384863,4.498389],[29.151465,4.388184],[28.939355,4.487061],[28.727051,4.50498],[28.427539,4.32417],[28.19209,4.350244],[27.980664,4.53208],[27.788086,4.644678],[27.66416,4.845996],[27.491016,4.967578],[27.40332,5.10918],[27.256738,5.289648],[27.213379,5.618799],[27.083398,5.776855],[26.726367,5.998242],[26.514258,6.069238],[26.308594,6.455322],[26.361816,6.635303],[26.169336,6.781738],[26.036523,6.955225],[25.888965,7.064941],[25.380664,7.333398],[25.190137,7.519336],[25.247363,7.724561],[25.200391,7.80791],[25.007227,7.964844],[24.85332,8.137549],[24.736719,8.191553],[24.291406,8.291406],[24.17998,8.461133],[24.220898,8.608252],[24.147363,8.665625],[24.213574,8.767822],[24.531934,8.886914],[24.549414,9.006787],[24.648047,9.179102],[24.662891,9.338135],[24.782617,9.527344],[24.785254,9.774658],[25.00293,10.055273],[25.066992,10.293799],[25.285156,10.318506],[25.798047,10.420508],[25.885254,10.346094],[25.891504,10.202734],[26.169531,9.965918],[26.551367,9.52583],[26.763184,9.499219],[27.074219,9.613818],[27.799805,9.587891],[27.88584,9.599658],[28.048926,9.328613],[28.844531,9.326074],[28.839453,9.459082],[28.999609,9.610156],[29.242383,9.718066],[29.473145,9.768604],[29.603906,9.921387],[29.605469,10.065088],[30.003027,10.277393],[30.474609,9.978955],[30.739355,9.742676],[31.154492,9.770947],[31.224902,9.799268],[31.654883,10.221143],[31.854297,10.479053],[31.933008,10.6625],[32.404102,11.057764],[32.354199,11.246924],[32.335352,11.716016],[32.072266,12.006738],[32.736719,12.009668],[32.721875,12.223096],[33.199316,12.217285],[33.135059,11.941602],[33.122461,11.693164],[33.073047,11.591504],[33.172168,10.850146],[33.14082,10.737891],[33.360742,10.657813],[33.459082,10.55083],[33.892187,10.198975],[33.956836,10.054199],[33.95918,9.845264],[33.894922,9.717627],[33.890918,9.462207],[34.078125,9.461523],[34.101562,8.751855],[34.094531,8.582227],[33.95332,8.443506],[33.409375,8.447754],[33.234277,8.396387],[33.012598,7.951514],[33.014648,7.868555],[33.225977,7.760645],[33.666113,7.670996],[33.902441,7.509521],[34.02041,7.367969],[34.064258,7.225732],[34.279297,7.002832],[34.484375,6.898389],[34.562793,6.779834],[34.710645,6.660303],[34.838086,6.300146],[34.958984,6.045068],[34.983594,5.858301],[35.081934,5.673145],[35.268359,5.492285],[34.380176,4.620654],[33.976074,4.220215]]]},"properties":{"name":"South Sudan"},"id":"SS"},
    {"type":"Feature","geometry":{"type":"Polygon","coordinates":[[[41.532715,-1.695312],[41.521875,-1.572266],[40.978711,-0.870313],[40.973242,0.5354],[40.97002,1.378174],[40.964453,2.814648],[41.341797,3.20166],[41.883984,3.977734],[42.024121,4.137939],[42.228418,4.20166],[42.791602,4.291992],[42.894727,4.361084],[43.016016,4.56333],[43.125684,4.644482],[43.538281,4.840332],[44.028125,4.950977],[44.911621,4.899902],[44.940527,4.912012],[45.934961,5.997217],[46.422949,6.497266],[46.971191,7.026025],[47.978223,7.99707],[48.616602,8.9646],[48.938086,9.451758],[48.938477,10.714209],[48.938574,11.258447],[49.388281,11.342725],[49.64209,11.450928],[50.110059,11.529297],[50.466211,11.727539],[50.635938,11.943799],[50.792285,11.983691],[51.254883,11.830713],[51.218164,11.657666],[51.084277,11.335645],[51.122266,11.076758],[51.140625,10.656885],[51.063184,10.433936],[50.898438,10.253125],[50.87373,9.92417],[50.832813,9.710498],[50.825,9.428174],[50.685156,9.241162],[50.637988,9.109277],[50.429785,8.845264],[50.285742,8.509424],[50.102832,8.199805],[49.852051,7.962549],[49.76123,7.659521],[49.57002,7.296973],[49.348535,6.990527],[49.234961,6.777344],[49.092676,6.407861],[49.049316,6.173633],[48.649023,5.494385],[48.233984,4.952686],[47.975293,4.497021],[47.511426,3.968262],[46.878809,3.285645],[46.051172,2.475146],[45.82627,2.309863],[44.920215,1.810156],[44.332715,1.390967],[44.032715,1.105908],[43.717578,0.857861],[43.467676,0.621631],[42.712109,-0.175684],[42.560742,-0.321484],[42.218945,-0.737988],[41.979883,-0.973047],[41.732227,-1.430078],[41.532715,-1.695312]]]},"properties":{"name":"Somalia"},"id":"SO"},
    {"type":"Feature","geometry":{"type":"Polygon","coordinates":[[[33.903223,-1.002051],[33.924414,-0.397852],[33.921484,-0.016992],[33.943164,0.173779],[34.037207,0.294531],[34.160938,0.605176],[34.272559,0.686426],[34.41084,0.867285],[34.481738,1.042139],[34.649121,1.185303],[34.787598,1.230713],[34.783594,1.381152],[34.965234,1.643359],[34.964063,2.062402],[34.883008,2.41792],[34.74248,2.818115],[34.58916,2.924756],[34.522559,3.119971],[34.447852,3.163477],[34.399414,3.412695],[34.441797,3.60625],[34.392871,3.691504],[34.165039,3.812988],[33.976074,4.220215],[34.380176,4.620654],[35.268359,5.492285],[35.325293,5.364893],[35.468652,5.419092],[35.74502,5.343994],[35.800293,5.156934],[35.763086,4.808008],[35.978711,4.503809],[36.081934,4.449707],[36.823633,4.430127],[36.905566,4.411475],[37.38252,4.11084],[38.086133,3.648828],[38.225293,3.618994],[38.608008,3.600098],[38.752734,3.558984],[39.225488,3.47876],[39.494434,3.456104],[39.65752,3.577832],[39.842188,3.851465],[40.01416,3.947949],[40.765234,4.273047],[41.087207,3.991943],[41.220898,3.943555],[41.883984,3.977734],[41.341797,3.20166],[40.964453,2.814648],[40.97002,1.378174],[40.973242,0.5354],[40.978711,-0.870313],[41.521875,-1.572266],[41.532715,-1.695312],[41.386914,-1.866992],[41.26748,-1.94502],[41.106836,-1.982324],[40.995508,-1.950586],[40.898242,-2.269922],[40.813184,-2.392383],[40.644141,-2.539453],[40.404492,-2.555664],[40.222461,-2.688379],[40.179785,-2.819043],[40.194727,-3.019238],[40.11543,-3.250586],[39.991699,-3.350684],[39.860937,-3.576758],[39.819141,-3.786035],[39.490918,-4.478418],[39.376953,-4.625488],[39.221777,-4.692383],[38.347852,-4.070898],[37.797266,-3.674414],[37.608691,-3.460254],[37.687988,-3.246191],[37.643848,-3.04541],[36.902637,-2.631641],[35.836914,-2.036621],[34.984277,-1.560547],[33.979395,-1.002051],[33.903223,-1.002051]]]},"properties":{"name":"Kenya"},"id":"KE"},
    {"type":"Feature","geometry":{"type":"Polygon","coordinates":[[[33.201758,-14.013379],[33.148047,-13.940918],[32.99209,-14.022168],[32.867188,-13.817383],[32.765137,-13.761035],[32.771777,-13.656543],[32.67207,-13.610352],[32.851855,-13.457031],[32.967578,-13.225],[33,-12.899609],[32.945605,-12.804395],[33.021582,-12.630469],[33.397949,-12.489844],[33.491406,-12.331055],[33.340137,-12.308301],[33.252344,-12.112598],[33.300977,-11.888184],[33.288281,-11.611133],[33.226367,-11.534863],[33.379785,-11.15791],[33.261328,-10.893359],[33.464746,-10.783105],[33.659082,-10.590527],[33.553711,-10.391309],[33.528906,-10.234668],[33.311523,-10.037988],[33.350977,-9.862207],[33.195703,-9.626172],[32.995996,-9.622852],[32.919922,-9.407422],[33.130469,-9.495898],[33.330859,-9.519141],[33.420898,-9.608008],[33.697656,-9.598145],[33.943945,-9.672168],[33.995605,-9.49541],[34.088574,-9.537793],[34.320898,-9.731543],[34.524219,-10.030176],[34.569922,-10.241113],[34.583594,-10.525098],[34.661816,-10.710059],[34.597656,-11.0375],[34.773828,-11.341699],[34.937012,-11.463477],[34.959473,-11.578125],[34.65957,-11.588672],[34.553906,-11.834082],[34.375977,-12.120215],[34.36084,-12.210547],[34.48291,-12.666797],[34.563672,-13.360156],[34.661621,-13.486719],[34.850488,-13.516016],[35.013867,-13.643457],[35.247461,-13.896875],[35.847168,-14.670898],[35.866699,-14.86377],[35.805371,-15.265625],[35.830273,-15.418945],[35.791211,-15.958691],[35.755273,-16.058301],[35.599316,-16.125879],[35.358496,-16.160547],[35.291504,-16.247168],[35.167188,-16.560254],[35.281152,-16.807813],[35.29043,-17.096973],[35.124609,-17.127246],[35.043945,-17.016895],[35.112109,-16.898535],[34.933398,-16.760352],[34.395508,-16.199219],[34.375977,-16.02373],[34.248242,-15.8875],[34.358008,-15.705273],[34.434961,-15.477148],[34.54082,-15.297266],[34.551172,-14.922363],[34.505273,-14.598145],[34.33252,-14.408594],[33.696094,-14.530273],[33.636426,-14.568164],[33.389941,-14.289453],[33.201758,-14.013379]]]},"properties":{"name":"Malawi"},"id":"MW"},
    {"type":"Feature","geometry":{"type":"MultiPolygon","coordinates":[[[[39.496484,-6.174609],[39.573047,-6.387402],[39.243457,-6.275],[39.182324,-6.172559],[39.192383,-5.931055],[39.357227,-5.811523],[39.368262,-5.951172],[39.496484,-6.174609]]],[[[39.865039,-4.906152],[39.853027,-5.255469],[39.749316,-5.443848],[39.646777,-5.368555],[39.701074,-5.113672],[39.673437,-4.927051],[39.865039,-4.906152]]],[[[32.919922,-9.407422],[32.487109,-9.212695],[32.433203,-9.156348],[32.220898,-9.125586],[32.129785,-9.07334],[31.942578,-9.054004],[31.918652,-8.942187],[31.673633,-8.908789],[31.55625,-8.805469],[31.534863,-8.713281],[31.350586,-8.607031],[31.076367,-8.611914],[30.968359,-8.550977],[30.830664,-8.385547],[30.751172,-8.193652],[30.720898,-8.104395],[30.406738,-7.460645],[30.313184,-7.203711],[30.10625,-6.915039],[29.709668,-6.616895],[29.54082,-6.313867],[29.480078,-6.025],[29.596387,-5.775977],[29.594141,-5.650781],[29.342773,-4.983105],[29.325684,-4.835645],[29.403223,-4.449316],[29.717773,-4.455859],[29.947266,-4.307324],[30.147168,-4.085352],[30.268555,-3.850488],[30.379102,-3.730762],[30.425,-3.588867],[30.631934,-3.418652],[30.681836,-3.309375],[30.790234,-3.274609],[30.780273,-2.984863],[30.515039,-2.917578],[30.424023,-2.824023],[30.424219,-2.641602],[30.553613,-2.400098],[30.828711,-2.338477],[30.876562,-2.143359],[30.819141,-1.96748],[30.812598,-1.563086],[30.710742,-1.396777],[30.631934,-1.36748],[30.470215,-1.131152],[30.509961,-1.067285],[30.741992,-1.00752],[31.483105,-1.002051],[32.905176,-1.002051],[33.903223,-1.002051],[33.979395,-1.002051],[34.984277,-1.560547],[35.836914,-2.036621],[36.902637,-2.631641],[37.643848,-3.04541],[37.687988,-3.246191],[37.608691,-3.460254],[37.797266,-3.674414],[38.347852,-4.070898],[39.221777,-4.692383],[38.978223,-5.518555],[38.819238,-5.877637],[38.804688,-6.070117],[38.874023,-6.33125],[39.067383,-6.499316],[39.228418,-6.685254],[39.287305,-6.814941],[39.472363,-6.878613],[39.546094,-7.024023],[39.519238,-7.124121],[39.353125,-7.341406],[39.288477,-7.517871],[39.330469,-7.74668],[39.428418,-7.812793],[39.441016,-8.011523],[39.340039,-8.242871],[39.304004,-8.443848],[39.377344,-8.720801],[39.488379,-8.861816],[39.45127,-8.942969],[39.641309,-9.19248],[39.625488,-9.409473],[39.69668,-9.578418],[39.783789,-9.914551],[39.983594,-10.15957],[40.083691,-10.156641],[40.38877,-10.353516],[40.463574,-10.464355],[39.988672,-10.820801],[39.81709,-10.912402],[39.563477,-10.978516],[39.321582,-11.122559],[39.170996,-11.166895],[38.9875,-11.167285],[38.794727,-11.228906],[38.491797,-11.413281],[38.315137,-11.311133],[38.176563,-11.278711],[37.920215,-11.294727],[37.829297,-11.481934],[37.724805,-11.580664],[37.541699,-11.675098],[37.372852,-11.710449],[37.218359,-11.686523],[36.978906,-11.566992],[36.771094,-11.610352],[36.673828,-11.684277],[36.518652,-11.716211],[36.191309,-11.670703],[36.082227,-11.537305],[35.911328,-11.454688],[35.785449,-11.45293],[35.630957,-11.582031],[34.959473,-11.578125],[34.937012,-11.463477],[34.773828,-11.341699],[34.597656,-11.0375],[34.661816,-10.710059],[34.583594,-10.525098],[34.569922,-10.241113],[34.524219,-10.030176],[34.320898,-9.731543],[34.088574,-9.537793],[33.995605,-9.49541],[33.943945,-9.672168],[33.697656,-9.598145],[33.420898,-9.608008],[33.330859,-9.519141],[33.130469,-9.495898],[32.919922,-9.407422]]],[[[39.711328,-7.977441],[39.60293,-7.936133],[39.846582,-7.730273],[39.824414,-7.900684],[39.711328,-7.977441]]]]},"properties":{"name":"Tanzania"},"id":"TZ"},
    {"type":"Feature","geometry":{"type":"Polygon","coordinates":[[[-2.219629,35.104199],[-2.131787,34.97085],[-1.795605,34.751904],[-1.849658,34.607324],[-1.733301,34.467041],[-1.791797,34.36792],[-1.706934,34.176074],[-1.702979,33.716846],[-1.63125,33.566748],[-1.679199,33.318652],[-1.550732,33.073584],[-1.51001,32.877637],[-1.352148,32.703369],[-1.111035,32.552295],[-1.065527,32.468311],[-1.240332,32.337598],[-1.275342,32.089014],[-2.448389,32.12998],[-2.863428,32.074707],[-2.930859,32.042529],[-3.017383,31.834277],[-3.439795,31.704541],[-3.700244,31.700098],[-3.826758,31.661914],[-3.78916,31.361816],[-3.833398,31.197803],[-3.67251,31.111377],[-3.702002,30.944482],[-3.985352,30.913525],[-4.322852,30.698877],[-4.778516,30.552393],[-4.968262,30.465381],[-5.180127,30.166162],[-5.448779,29.956934],[-5.775,29.869043],[-6.214795,29.810693],[-6.500879,29.809131],[-6.520557,29.659863],[-6.635352,29.568799],[-7.094922,29.625195],[-7.234912,29.574902],[-7.485742,29.392236],[-7.685156,29.349512],[-7.998926,29.132422],[-8.265186,28.980518],[-8.659912,28.718604],[-8.68335,28.620752],[-8.68335,27.656445],[-8.817822,27.656445],[-8.774365,27.460547],[-8.802686,27.360937],[-8.753857,27.191016],[-8.794873,27.120703],[-9.001904,27.09043],[-9.413037,27.088477],[-9.735352,26.860937],[-9.900342,26.850195],[-10.032715,26.910742],[-10.251465,26.860937],[-10.55127,26.99082],[-10.922803,27.010352],[-11.392578,26.883398],[-11.316846,26.744727],[-11.337891,26.633398],[-11.470703,26.520117],[-11.637207,26.295508],[-11.718213,26.104102],[-12.030762,26.030859],[-12.17085,25.640234],[-12.310986,25.110937],[-12.431152,24.830664],[-13.061035,24.400977],[-13.310986,23.981055],[-13.770947,23.790625],[-13.891113,23.691016],[-14.020996,23.410742],[-14.170898,22.760352],[-14.221191,22.310156],[-14.630859,21.860937],[-14.610791,21.750586],[-14.67085,21.600195],[-14.84082,21.450781],[-15.460938,21.450781],[-15.750928,21.49082],[-16.730957,21.470312],[-17.003076,21.420703],[-16.930859,21.9],[-16.793262,22.159717],[-16.683984,22.274365],[-16.514404,22.333496],[-16.35874,22.594531],[-16.304297,22.834814],[-16.201855,22.945361],[-16.210254,23.0979],[-15.805957,23.749512],[-15.899316,23.844434],[-15.586328,24.072754],[-15.188623,24.478809],[-15.038867,24.548828],[-14.904297,24.719775],[-14.856055,24.871582],[-14.84292,25.220117],[-14.794922,25.40415],[-14.602295,25.808545],[-14.522754,25.925244],[-14.470557,26.163037],[-14.413867,26.253711],[-14.168359,26.41543],[-13.9521,26.48877],[-13.575781,26.735107],[-13.495752,26.872656],[-13.409814,27.146631],[-13.256152,27.434619],[-13.175977,27.655713],[-13.040723,27.769824],[-12.948926,27.91416],[-12.793652,27.978418],[-12.468896,28.009424],[-11.986084,28.129297],[-11.552686,28.310107],[-11.430176,28.382031],[-11.080957,28.71377],[-10.673828,28.939209],[-10.486475,29.064941],[-10.200586,29.380371],[-10.010498,29.641406],[-9.852637,29.809229],[-9.66709,30.109277],[-9.623828,30.352637],[-9.65293,30.447559],[-9.875488,30.71792],[-9.832422,30.847266],[-9.808691,31.424609],[-9.674951,31.710986],[-9.347461,32.086377],[-9.286572,32.240576],[-9.24585,32.572461],[-8.83623,32.920459],[-8.596289,33.187158],[-8.301172,33.374365],[-7.562354,33.640283],[-7.144678,33.830322],[-6.900977,33.969043],[-6.755762,34.13291],[-6.353125,34.776074],[-5.957568,35.681152],[-5.924805,35.785791],[-5.622852,35.828906],[-5.397363,35.929883],[-5.337646,35.745215],[-5.105371,35.467773],[-4.837207,35.281299],[-4.62832,35.206396],[-4.32998,35.161475],[-3.982422,35.243408],[-3.693262,35.27998],[-3.394727,35.211816],[-3.206006,35.239111],[-2.972217,35.407275],[-2.839941,35.127832],[-2.219629,35.104199]]]},"properties":{"name":"Morocco"},"id":"MA"},
    {"type":"Feature","geometry":{"type":"Polygon","coordinates":[[[-8.68335,27.656445],[-8.68335,27.285937],[-8.682227,25.995508],[-9.258203,25.995508],[-10.376123,25.995459],[-11.307715,25.99541],[-12.016309,25.99541],[-12.016309,24.650977],[-12.023438,23.467578],[-12.3729,23.318018],[-12.62041,23.271338],[-13.031494,23.000244],[-13.166504,22.753223],[-13.094336,22.495996],[-13.016211,21.333936],[-13.855371,21.332959],[-15.231201,21.331299],[-15.919141,21.330469],[-16.964551,21.329248],[-17.063965,20.898828],[-17.048047,20.806152],[-17.098779,20.856885],[-17.003076,21.420703],[-16.730957,21.470312],[-15.750928,21.49082],[-15.460938,21.450781],[-14.84082,21.450781],[-14.67085,21.600195],[-14.610791,21.750586],[-14.630859,21.860937],[-14.221191,22.310156],[-14.170898,22.760352],[-14.020996,23.410742],[-13.891113,23.691016],[-13.770947,23.790625],[-13.310986,23.981055],[-13.061035,24.400977],[-12.431152,24.830664],[-12.310986,25.110937],[-12.17085,25.640234],[-12.030762,26.030859],[-11.718213,26.104102],[-11.637207,26.295508],[-11.470703,26.520117],[-11.337891,26.633398],[-11.316846,26.744727],[-11.392578,26.883398],[-10.922803,27.010352],[-10.55127,26.99082],[-10.251465,26.860937],[-10.032715,26.910742],[-9.900342,26.850195],[-9.735352,26.860937],[-9.413037,27.088477],[-9.001904,27.09043],[-8.794873,27.120703],[-8.753857,27.191016],[-8.802686,27.360937],[-8.774365,27.460547],[-8.817822,27.656445],[-8.68335,27.656445]]]},"properties":{"name":"Western Sahara"},"id":"EH"},
    {"type":"Feature","geometry":{"type":"Polygon","coordinates":[[[11.130176,-3.916309],[11.190039,-3.762012],[11.288281,-3.641113],[11.504297,-3.520313],[11.685742,-3.682031],[11.849121,-3.69668],[11.83291,-3.531445],[11.93418,-3.318555],[11.71543,-3.176953],[11.760156,-2.983105],[11.639063,-2.855371],[11.537793,-2.836719],[11.603418,-2.59541],[11.575195,-2.39707],[11.950293,-2.344824],[12.064453,-2.412598],[12.446387,-2.32998],[12.478516,-2.112012],[12.432129,-1.928906],[12.59043,-1.826855],[12.793555,-1.931836],[12.991992,-2.313379],[13.357324,-2.404785],[13.464941,-2.39541],[13.784375,-2.16377],[13.887695,-2.374512],[13.886914,-2.46543],[14.087402,-2.466895],[14.199805,-2.354199],[14.162891,-2.217578],[14.251465,-2.001465],[14.383984,-1.890039],[14.423242,-1.711523],[14.40293,-1.593359],[14.455566,-1.413184],[14.410645,-0.97207],[14.480566,-0.618359],[14.36377,-0.468555],[14.206738,-0.427344],[14.069434,-0.270117],[13.860059,-0.20332],[13.88457,0.19082],[13.949609,0.353809],[14.0875,0.536572],[14.230957,0.551123],[14.324219,0.624219],[14.434473,0.811475],[14.386426,1.004443],[14.303027,1.12085],[14.239746,1.322559],[14.180859,1.370215],[13.851367,1.41875],[13.274121,1.241016],[13.162695,1.648096],[13.209473,1.92041],[13.293555,2.161572],[14.484082,2.154736],[14.578906,2.199121],[14.902441,2.012305],[15.203516,2.024463],[15.33877,1.944727],[15.600293,1.950391],[15.741602,1.91499],[16.059375,1.676221],[16.136133,1.724219],[16.080078,2.106787],[16.183398,2.270068],[16.468555,2.831738],[16.496289,3.208838],[16.57041,3.463086],[16.67334,3.535205],[17.002539,3.556689],[17.298437,3.617188],[17.437988,3.684619],[17.880371,3.553857],[18.111328,3.551074],[18.160938,3.499805],[18.474414,3.622998],[18.610352,3.478418],[18.622168,3.304053],[18.490918,2.924414],[18.211621,2.414941],[18.072168,2.013281],[18.057813,1.534863],[17.902441,1.118066],[17.885742,0.856885],[17.925195,0.537305],[17.887695,0.234131],[17.773145,-0.052393],[17.724121,-0.277539],[17.752832,-0.549023],[17.542871,-0.775],[17.278809,-0.999609],[17.107617,-1.064453],[16.879883,-1.225879],[16.780078,-1.376367],[16.540723,-1.840137],[16.215332,-2.177832],[16.191602,-2.279102],[16.217383,-3.030273],[16.146777,-3.46416],[15.990039,-3.766211],[15.872461,-3.934277],[15.600098,-4.030957],[15.394629,-4.244922],[15.267188,-4.307617],[15.10625,-4.461035],[14.912109,-4.705566],[14.70791,-4.881738],[14.410742,-4.83125],[14.36543,-4.585547],[14.449805,-4.449512],[14.358301,-4.299414],[13.940918,-4.484668],[13.71709,-4.454492],[13.685352,-4.688672],[13.414941,-4.837402],[13.072754,-4.634766],[12.881055,-4.445117],[12.798242,-4.430566],[12.641699,-4.531152],[12.38457,-4.619141],[12.30791,-4.765527],[12.204297,-4.778613],[12.018359,-5.004297],[11.893262,-4.865723],[11.780859,-4.676563],[11.777539,-4.56582],[11.668066,-4.434277],[11.393848,-4.200293],[11.364453,-4.130566],[11.130176,-3.916309]]]},"properties":{"name":"Republic of the Congo"},"id":"CG"},
    {"type":"Feature","geometry":{"type":"Polygon","coordinates":[[[30.751172,-8.193652],[29.766211,-8.34375],[28.972266,-8.464941],[28.917773,-8.700586],[28.793555,-8.891016],[28.616504,-9.072266],[28.400684,-9.224805],[28.540527,-9.510059],[28.630078,-9.83125],[28.607422,-10.397363],[28.638867,-10.669238],[28.544238,-10.802344],[28.404199,-11.354395],[28.357227,-11.483008],[28.48252,-11.812109],[28.85,-12.120508],[29.064355,-12.348828],[29.427539,-12.43125],[29.559766,-12.202441],[29.795117,-12.155469],[29.795313,-13.392773],[29.651758,-13.414355],[29.554199,-13.248926],[29.201855,-13.39834],[29.014258,-13.368848],[28.773145,-12.981934],[28.672949,-12.861328],[28.550879,-12.836133],[28.474414,-12.62334],[28.357715,-12.482031],[27.857422,-12.284863],[27.644336,-12.266797],[27.533398,-12.195312],[27.423633,-11.944531],[27.238086,-11.783496],[27.196387,-11.605078],[27.046094,-11.615918],[26.949609,-11.898828],[26.89043,-11.943555],[26.596387,-11.97207],[26.025977,-11.890137],[25.618848,-11.744141],[25.511914,-11.753418],[25.349414,-11.623047],[25.282617,-11.40498],[25.319336,-11.236914],[25.184863,-11.242969],[24.668262,-11.35293],[24.518555,-11.438477],[24.335156,-11.371289],[24.396289,-11.255176],[24.319922,-11.071777],[24.136523,-11.025977],[24.078418,-10.891504],[23.966504,-10.871777],[23.833887,-11.013672],[23.400195,-10.976465],[23.156738,-11.074805],[22.814746,-11.080273],[22.561035,-11.055859],[22.278809,-11.194141],[22.226172,-11.121973],[22.17793,-10.892285],[22.280469,-10.783984],[22.302441,-10.39668],[22.197754,-10.040625],[22.08916,-9.862793],[21.948633,-9.725586],[21.813184,-9.46875],[21.829492,-9.168457],[21.905371,-8.693359],[21.895898,-8.341113],[21.800879,-8.111914],[21.780078,-7.86543],[21.841602,-7.420996],[21.751074,-7.305469],[21.190332,-7.284961],[20.607813,-7.277734],[20.536914,-7.121777],[20.59873,-6.935156],[20.482227,-6.91582],[19.875195,-6.986328],[19.660352,-7.037109],[19.527637,-7.144434],[19.483789,-7.279492],[19.479883,-7.472168],[19.37168,-7.655078],[19.34082,-7.966602],[19.142676,-8.001465],[18.89834,-7.998145],[18.653418,-7.936035],[18.191504,-8.023828],[18.008789,-8.107617],[17.913086,-8.067676],[17.57959,-8.099023],[17.536035,-8.075879],[17.155078,-7.461328],[16.984766,-7.257422],[16.919434,-6.933984],[16.742969,-6.618457],[16.709375,-6.47168],[16.717773,-6.241406],[16.537109,-5.96582],[16.315234,-5.865625],[15.726953,-5.863867],[14.749414,-5.880078],[14.398633,-5.892676],[13.978516,-5.857227],[13.068164,-5.864844],[13.00332,-5.836133],[12.791602,-5.877734],[12.680664,-5.96084],[12.411719,-5.986328],[12.213672,-5.758691],[12.503711,-5.695801],[12.522363,-5.148926],[12.573535,-4.996582],[12.829688,-4.736621],[13.072754,-4.634766],[13.414941,-4.837402],[13.685352,-4.688672],[13.71709,-4.454492],[13.940918,-4.484668],[14.358301,-4.299414],[14.449805,-4.449512],[14.36543,-4.585547],[14.410742,-4.83125],[14.70791,-4.881738],[14.912109,-4.705566],[15.10625,-4.461035],[15.267188,-4.307617],[15.394629,-4.244922],[15.600098,-4.030957],[15.872461,-3.934277],[15.990039,-3.766211],[16.146777,-3.46416],[16.217383,-3.030273],[16.191602,-2.279102],[16.215332,-2.177832],[16.540723,-1.840137],[16.780078,-1.376367],[16.879883,-1.225879],[17.107617,-1.064453],[17.278809,-0.999609],[17.542871,-0.775],[17.752832,-0.549023],[17.724121,-0.277539],[17.773145,-0.052393],[17.887695,0.234131],[17.925195,0.537305],[17.885742,0.856885],[17.902441,1.118066],[18.057813,1.534863],[18.072168,2.013281],[18.211621,2.414941],[18.490918,2.924414],[18.622168,3.304053],[18.610352,3.478418],[18.59668,3.678711],[18.633691,3.954297],[18.56748,4.257568],[18.831738,4.523438],[19.068555,4.891406],[19.323438,5.070752],[19.500977,5.12749],[19.806543,5.089307],[20.002344,4.944727],[20.226367,4.829639],[20.393555,4.686182],[20.558105,4.462695],[20.955762,4.413135],[21.229785,4.302197],[21.350195,4.311377],[21.537598,4.244824],[21.687012,4.281396],[21.908203,4.253906],[22.422168,4.134961],[22.505664,4.207666],[22.617188,4.445557],[22.755762,4.64668],[22.864551,4.723877],[23.115918,4.736914],[23.417188,4.663135],[24.319824,4.994141],[24.437109,5.009961],[24.765527,4.930078],[25.249316,5.024561],[25.400195,5.255908],[25.525098,5.312109],[25.713867,5.283691],[26.173535,5.171143],[26.82207,5.062402],[27.020605,5.184375],[27.114941,5.197852],[27.40332,5.10918],[27.491016,4.967578],[27.66416,4.845996],[27.788086,4.644678],[27.980664,4.53208],[28.19209,4.350244],[28.427539,4.32417],[28.727051,4.50498],[28.939355,4.487061],[29.151465,4.388184],[29.384863,4.498389],[29.469629,4.611816],[29.676855,4.586914],[29.870215,4.327148],[30.194922,3.981934],[30.508301,3.835693],[30.559375,3.652783],[30.757227,3.624219],[30.838574,3.490723],[30.906445,3.408936],[30.827832,3.282617],[30.754004,3.041797],[30.84668,2.847021],[30.769531,2.677979],[30.728613,2.455371],[30.961914,2.403271],[31.082129,2.288086],[31.176367,2.270068],[31.274023,2.146289],[31.252734,2.04458],[30.942578,1.682813],[30.477832,1.238818],[30.321094,1.185303],[30.18291,0.973486],[29.942871,0.819238],[29.934473,0.499023],[29.777832,0.166357],[29.717676,0.09834],[29.633203,-0.441699],[29.647852,-0.535254],[29.561914,-0.977344],[29.576953,-1.387891],[29.35166,-1.517578],[29.196582,-1.719922],[29.129395,-1.860254],[29.148047,-2.131836],[29.106445,-2.233203],[28.876367,-2.400293],[28.921777,-2.682031],[29.014355,-2.720215],[29.016602,-2.799609],[29.224414,-3.053516],[29.210059,-3.363281],[29.223242,-3.91084],[29.331348,-4.09541],[29.403223,-4.449316],[29.325684,-4.835645],[29.342773,-4.983105],[29.594141,-5.650781],[29.596387,-5.775977],[29.480078,-6.025],[29.54082,-6.313867],[29.709668,-6.616895],[30.10625,-6.915039],[30.313184,-7.203711],[30.406738,-7.460645],[30.720898,-8.104395],[30.751172,-8.193652]]]},"properties":{"name":"Democratic Republic of the Congo"},"id":"CD"},
    {"type":"Feature","geometry":{"type":"Polygon","coordinates":[[[23.380664,-17.640625],[24.274902,-17.481055],[24.932422,-17.543457],[25.092188,-17.634375],[25.258789,-17.793555],[24.909082,-17.821387],[24.792188,-17.864648],[24.530566,-18.052734],[24.358984,-17.978223],[24.129297,-18.077539],[23.89834,-18.229199],[23.700488,-18.424316],[23.580566,-18.45293],[23.459766,-18.231055],[23.298633,-18.027344],[23.099902,-18.00957],[22.011426,-18.198633],[21.23252,-18.306836],[20.974121,-18.318848],[20.976172,-19.744336],[20.978125,-20.968164],[20.979492,-21.961914],[20.970996,-22.000195],[19.977344,-22.000195],[19.978516,-23.102539],[19.979297,-23.675781],[19.980469,-24.776758],[19.980469,-25.641602],[19.980469,-26.975977],[19.980469,-28.45127],[19.671484,-28.503906],[19.48291,-28.661621],[19.270996,-28.777734],[19.245801,-28.90166],[19.026074,-28.92793],[18.83877,-28.869141],[18.600391,-28.855273],[18.31084,-28.88623],[18.102734,-28.87168],[17.976074,-28.811328],[17.447949,-28.698145],[17.347852,-28.501172],[17.385742,-28.353223],[17.312012,-28.228613],[17.20459,-28.198828],[17.05625,-28.031055],[16.933301,-28.069629],[16.810156,-28.264551],[16.755762,-28.452148],[16.626172,-28.487891],[16.447559,-28.617578],[15.719043,-27.96582],[15.341504,-27.386523],[15.132812,-26.787598],[15.163281,-26.600195],[15.096582,-26.425781],[14.967773,-26.318066],[14.93125,-25.958203],[14.845215,-25.725684],[14.863672,-25.533594],[14.822559,-25.358594],[14.837109,-25.033203],[14.767969,-24.787988],[14.62793,-24.548047],[14.501563,-24.201953],[14.483398,-24.050391],[14.496875,-23.642871],[14.473828,-23.281152],[14.40332,-22.968066],[14.495703,-22.921387],[14.525977,-22.702539],[14.462793,-22.449121],[14.321875,-22.189941],[13.973242,-21.767578],[13.839355,-21.473242],[13.450586,-20.916699],[13.284375,-20.523926],[13.168359,-20.184668],[13.04209,-20.028223],[12.458203,-18.926758],[12.328711,-18.751074],[12.095703,-18.540918],[11.951367,-18.270508],[11.775879,-18.001758],[11.733496,-17.750977],[11.72168,-17.466797],[11.743066,-17.249219],[12.013965,-17.168555],[12.213379,-17.209961],[12.548145,-17.212695],[13.101172,-16.967676],[13.403711,-17.007812],[13.561719,-17.141211],[13.937988,-17.38877],[14.01748,-17.408887],[14.414746,-17.387695],[15.76582,-17.389648],[16.531055,-17.39082],[17.835352,-17.392773],[18.396387,-17.399414],[18.486621,-17.442773],[18.718066,-17.703223],[18.825977,-17.766309],[19.076465,-17.817676],[19.377148,-17.825488],[19.639355,-17.868652],[19.911816,-17.881348],[20.194336,-17.863672],[20.392969,-17.887402],[20.625098,-17.99668],[20.908301,-18.006055],[21.113477,-17.955762],[21.416895,-18.000684],[22.624023,-17.781641],[23.380664,-17.640625]]]},"properties":{"name":"Namibia"},"id":"NA"},
    {"type":"Feature","geometry":{"type":"MultiPolygon","coordinates":[[[[29.364844,-22.193945],[29.663086,-22.146289],[29.902344,-22.18418],[30.19043,-22.291113],[30.460156,-22.329004],[30.711621,-22.297852],[31.073438,-22.307813],[31.287891,-22.402051],[31.419336,-22.825098],[31.531738,-23.279492],[31.545605,-23.482324],[31.799609,-23.892187],[31.98584,-24.460645],[31.98457,-25.631934],[31.920313,-25.773926],[31.948242,-25.957617],[31.871484,-25.981641],[31.415137,-25.746582],[31.207324,-25.843359],[30.80332,-26.413477],[30.794336,-26.764258],[30.883301,-26.792383],[31.063379,-27.112305],[31.274023,-27.238379],[31.469531,-27.295508],[31.958398,-27.305859],[31.946094,-27.173633],[31.994727,-26.81748],[32.112891,-26.839453],[32.353516,-26.861621],[32.886133,-26.849316],[32.849121,-27.080176],[32.657031,-27.607324],[32.534766,-28.199707],[32.285742,-28.621484],[32.027246,-28.839551],[31.778223,-28.937109],[31.335156,-29.378125],[31.169922,-29.59082],[31.02334,-29.900879],[30.877637,-30.071094],[30.663574,-30.43418],[30.288672,-30.970117],[29.971191,-31.32207],[29.735156,-31.47041],[29.48291,-31.674707],[29.127832,-32.003125],[28.855957,-32.294238],[28.449414,-32.624609],[28.214063,-32.769238],[27.860645,-33.053906],[27.762109,-33.095996],[27.36377,-33.360547],[27.077441,-33.521191],[26.613672,-33.707422],[26.429492,-33.75957],[25.989551,-33.711328],[25.805859,-33.737109],[25.652441,-33.849609],[25.638184,-34.011133],[25.477246,-34.028125],[25.169727,-33.960742],[25.00293,-33.973633],[24.827148,-34.168945],[24.595508,-34.174512],[24.183008,-34.061523],[23.585547,-33.985156],[23.268164,-34.081152],[22.925586,-34.063184],[22.735547,-34.010254],[22.553809,-34.010059],[22.245508,-34.069141],[21.788965,-34.372656],[21.248926,-34.407031],[21.060156,-34.364648],[20.774805,-34.439941],[20.529883,-34.463086],[20.020605,-34.785742],[19.634961,-34.75332],[19.323242,-34.570801],[19.330762,-34.492383],[19.09834,-34.350098],[18.831348,-34.364063],[18.808789,-34.108203],[18.533887,-34.085938],[18.352051,-34.188477],[18.354395,-33.939062],[18.465039,-33.887793],[18.433008,-33.717285],[18.26123,-33.42168],[18.156348,-33.358789],[17.878223,-32.961523],[17.851074,-32.827441],[18.036523,-32.775098],[18.250879,-32.652148],[18.325293,-32.50498],[18.310742,-32.122461],[18.21084,-31.74248],[17.677441,-31.019043],[17.34707,-30.444824],[17.189062,-30.099805],[16.95,-29.403418],[16.739453,-29.009375],[16.447559,-28.617578],[16.626172,-28.487891],[16.755762,-28.452148],[16.810156,-28.264551],[16.933301,-28.069629],[17.05625,-28.031055],[17.20459,-28.198828],[17.312012,-28.228613],[17.385742,-28.353223],[17.347852,-28.501172],[17.447949,-28.698145],[17.976074,-28.811328],[18.102734,-28.87168],[18.31084,-28.88623],[18.600391,-28.855273],[18.83877,-28.869141],[19.026074,-28.92793],[19.245801,-28.90166],[19.270996,-28.777734],[19.48291,-28.661621],[19.671484,-28.503906],[19.980469,-28.45127],[19.980469,-26.975977],[19.980469,-25.641602],[19.980469,-24.776758],[20.345215,-25.029883],[20.473145,-25.221289],[20.609277,-25.491211],[20.793164,-25.915625],[20.815039,-26.164941],[20.626758,-26.443848],[20.641406,-26.742188],[20.739844,-26.848828],[20.870898,-26.808789],[21.070996,-26.851758],[21.45498,-26.832812],[21.646289,-26.854199],[21.833203,-26.67832],[22.090918,-26.580176],[22.217578,-26.388867],[22.548633,-26.178418],[22.640234,-26.071191],[22.878809,-25.45791],[23.02207,-25.324121],[23.266016,-25.266602],[23.521484,-25.344434],[23.89375,-25.600879],[24.192969,-25.63291],[24.330566,-25.742871],[24.748145,-25.817383],[24.998926,-25.754004],[25.213379,-25.75625],[25.443652,-25.714453],[25.583789,-25.60625],[25.852441,-24.935254],[25.912109,-24.747461],[26.397168,-24.613574],[26.617773,-24.395508],[26.835059,-24.24082],[26.987012,-23.70459],[27.146387,-23.524414],[27.399219,-23.383594],[27.49873,-23.368359],[27.592676,-23.252637],[27.716797,-23.219629],[27.890527,-23.073926],[28.02793,-22.87373],[28.210156,-22.693652],[28.381738,-22.593359],[28.542871,-22.572949],[28.839844,-22.480859],[29.013477,-22.278418],[29.129883,-22.213281],[29.364844,-22.193945]],[[28.736914,-30.101953],[29.098047,-29.919043],[29.142187,-29.700977],[29.293555,-29.566895],[29.390723,-29.269727],[29.301367,-29.089844],[28.953711,-28.881445],[28.625781,-28.581738],[28.232617,-28.70127],[27.959863,-28.87334],[27.735547,-28.940039],[27.527148,-29.236133],[27.294531,-29.519336],[27.051758,-29.664062],[27.130469,-29.840234],[27.355371,-30.158594],[27.388477,-30.315918],[27.491992,-30.363965],[27.753125,-30.6],[28.018164,-30.642285],[28.139063,-30.449902],[28.39209,-30.147559],[28.736914,-30.101953]]],[[[37.856934,-46.944238],[37.611816,-46.946484],[37.684863,-46.824023],[37.856934,-46.944238]]]]},"properties":{"name":"South Africa"},"id":"ZA"},
    {"type":"Feature","geometry":{"type":"Polygon","coordinates":[[[9.51875,30.229395],[9.89502,30.387305],[10.216406,30.783203],[10.243359,31.032129],[10.114941,31.46377],[10.306055,31.704834],[10.475781,31.736035],[10.608887,31.929541],[10.826367,32.080664],[11.50498,32.413672],[11.533789,32.524951],[11.453906,32.642578],[11.467188,32.965723],[11.50459,33.181934],[11.813477,33.093701],[12.279883,32.858545],[12.753516,32.801074],[13.283496,32.914648],[13.647754,32.798828],[13.835352,32.791797],[14.237109,32.68125],[14.513379,32.511084],[15.176563,32.391162],[15.359082,32.159668],[15.363086,31.971191],[15.496387,31.656787],[15.705957,31.426416],[16.123047,31.264453],[16.781543,31.214746],[17.349219,31.081494],[17.830469,30.927588],[17.949316,30.851904],[18.19043,30.777295],[18.669824,30.415674],[18.936426,30.29043],[19.291699,30.288086],[19.713281,30.488379],[20.013184,30.800684],[20.150977,31.078613],[20.103809,31.300537],[19.96123,31.556006],[19.926367,31.817529],[19.973438,31.999072],[20.121484,32.21875],[20.370605,32.430762],[20.621094,32.580176],[21.062305,32.775537],[21.424707,32.79917],[21.635938,32.937305],[21.839453,32.908643],[22.187402,32.918262],[22.523438,32.793945],[22.754102,32.740527],[23.090625,32.61875],[23.10625,32.331445],[23.286328,32.213818],[23.797656,32.158691],[24.129688,32.009229],[24.479785,31.996533],[24.683887,32.015967],[24.878516,31.984277],[25.025,31.88335],[25.150488,31.65498],[24.852734,31.334814],[24.877539,31.06123],[24.973926,30.776563],[24.877539,30.45752],[24.726465,30.250586],[24.711621,30.131543],[24.803711,29.886035],[24.916113,29.37627],[24.980273,29.181885],[24.980273,27.609961],[24.980273,26.93623],[24.980273,26.037988],[24.980273,24.690625],[24.980273,23.567822],[24.980273,22.669531],[24.980273,21.99585],[24.979883,20.999219],[24.979492,20.002588],[23.980273,19.995947],[23.980273,19.496631],[23.022168,19.969775],[21.584961,20.679492],[20.626758,21.152637],[19.668555,21.62583],[18.231348,22.335547],[16.794141,23.045264],[15.984082,23.445215],[14.979004,22.996191],[14.230762,22.618457],[14.200684,22.62373],[13.598633,23.119531],[13.48125,23.180176],[11.967871,23.517871],[11.536914,24.29082],[11.507617,24.314355],[10.686133,24.551367],[10.438965,24.480225],[10.255859,24.591016],[10.119531,24.790234],[10.028125,25.051025],[10.000684,25.33208],[9.448242,26.067139],[9.437891,26.245508],[9.491406,26.33374],[9.859375,26.551953],[9.894434,26.847949],[9.837109,26.91582],[9.747559,27.330859],[9.916016,27.785693],[9.858203,28.043311],[9.815625,28.560205],[9.842578,28.966992],[9.820703,29.114795],[9.672656,29.566992],[9.546191,29.795947],[9.310254,30.115234],[9.51875,30.229395]]]},"properties":{"name":"Libya"},"id":"LY"},
    {"type":"Feature","geometry":{"type":"MultiPolygon","coordinates":[[[[11.50459,33.181934],[11.467188,32.965723],[11.453906,32.642578],[11.533789,32.524951],[11.50498,32.413672],[10.826367,32.080664],[10.608887,31.929541],[10.475781,31.736035],[10.306055,31.704834],[10.114941,31.46377],[10.243359,31.032129],[10.216406,30.783203],[9.89502,30.387305],[9.51875,30.229395],[9.363281,30.83291],[9.044043,32.072363],[8.333398,32.543604],[8.210938,32.926709],[8.075586,33.089062],[7.762695,33.233105],[7.500195,33.832471],[7.513867,34.080518],[7.748535,34.254492],[7.838281,34.410303],[8.123438,34.563916],[8.245605,34.734082],[8.276855,34.979492],[8.394238,35.203857],[8.316406,35.403125],[8.318066,35.654932],[8.245703,35.870557],[8.34873,36.367969],[8.230762,36.545264],[8.369629,36.63252],[8.444238,36.760742],[8.60127,36.833936],[8.576563,36.937207],[8.823535,36.997607],[9.141992,37.194629],[9.687988,37.340381],[9.875586,37.25415],[10.196387,37.205859],[10.18877,37.033887],[10.412305,36.731836],[10.571289,36.879443],[10.766211,36.930273],[10.951367,37.059277],[11.053906,37.07251],[11.12666,36.874072],[10.967188,36.743018],[10.798145,36.493115],[10.525684,36.32334],[10.476562,36.175146],[10.59082,35.887256],[11.004297,35.633838],[11.043262,35.335107],[11.120117,35.240283],[10.866211,34.884326],[10.534863,34.544727],[10.200391,34.346045],[10.064844,34.211621],[10.049023,34.056299],[10.158984,33.850049],[10.454297,33.6625],[10.713184,33.689014],[10.722754,33.514404],[11.08457,33.562891],[11.202637,33.249219],[11.50459,33.181934]]],[[[10.957617,33.72207],[10.72207,33.738916],[10.745215,33.888672],[10.921973,33.893115],[11.037598,33.785059],[10.957617,33.72207]]]]},"properties":{"name":"Tunisia"},"id":"TN"},
    {"type":"Feature","geometry":{"type":"Polygon","coordinates":[[[30.396094,-15.643066],[29.72959,-15.644629],[29.487305,-15.696777],[29.287891,-15.776465],[28.913086,-15.987793],[28.856738,-16.142285],[28.832715,-16.424121],[28.760645,-16.531934],[28.399805,-16.662793],[27.932227,-16.896191],[27.756543,-17.060352],[27.636719,-17.262109],[27.437891,-17.511914],[27.020801,-17.958398],[26.779883,-18.041504],[26.577539,-18.022559],[26.333398,-17.929297],[26.139551,-17.911719],[25.995898,-17.969824],[25.863281,-17.951953],[25.639648,-17.824121],[25.451758,-17.845117],[25.258789,-17.793555],[25.092188,-17.634375],[24.932422,-17.543457],[24.274902,-17.481055],[23.380664,-17.640625],[22.955859,-17.285742],[22.305078,-16.689551],[22.150684,-16.597168],[22.040234,-16.262793],[21.979785,-15.955566],[21.979492,-14.761426],[21.979297,-14.119629],[21.978906,-13.000977],[23.041504,-13.000977],[23.843164,-13.000977],[23.968066,-12.956934],[23.882422,-12.799023],[23.991309,-12.422168],[23.958887,-12.117773],[23.970996,-11.63584],[24.04668,-11.405371],[23.966504,-10.871777],[24.078418,-10.891504],[24.136523,-11.025977],[24.319922,-11.071777],[24.396289,-11.255176],[24.335156,-11.371289],[24.518555,-11.438477],[24.668262,-11.35293],[25.184863,-11.242969],[25.319336,-11.236914],[25.282617,-11.40498],[25.349414,-11.623047],[25.511914,-11.753418],[25.618848,-11.744141],[26.025977,-11.890137],[26.596387,-11.97207],[26.89043,-11.943555],[26.949609,-11.898828],[27.046094,-11.615918],[27.196387,-11.605078],[27.238086,-11.783496],[27.423633,-11.944531],[27.533398,-12.195312],[27.644336,-12.266797],[27.857422,-12.284863],[28.357715,-12.482031],[28.474414,-12.62334],[28.550879,-12.836133],[28.672949,-12.861328],[28.773145,-12.981934],[29.014258,-13.368848],[29.201855,-13.39834],[29.554199,-13.248926],[29.651758,-13.414355],[29.795313,-13.392773],[29.795117,-12.155469],[29.559766,-12.202441],[29.427539,-12.43125],[29.064355,-12.348828],[28.85,-12.120508],[28.48252,-11.812109],[28.357227,-11.483008],[28.404199,-11.354395],[28.544238,-10.802344],[28.638867,-10.669238],[28.607422,-10.397363],[28.630078,-9.83125],[28.540527,-9.510059],[28.400684,-9.224805],[28.616504,-9.072266],[28.793555,-8.891016],[28.917773,-8.700586],[28.972266,-8.464941],[29.766211,-8.34375],[30.751172,-8.193652],[30.830664,-8.385547],[30.968359,-8.550977],[31.076367,-8.611914],[31.350586,-8.607031],[31.534863,-8.713281],[31.55625,-8.805469],[31.673633,-8.908789],[31.918652,-8.942187],[31.942578,-9.054004],[32.129785,-9.07334],[32.220898,-9.125586],[32.433203,-9.156348],[32.487109,-9.212695],[32.919922,-9.407422],[32.995996,-9.622852],[33.195703,-9.626172],[33.350977,-9.862207],[33.311523,-10.037988],[33.528906,-10.234668],[33.553711,-10.391309],[33.659082,-10.590527],[33.464746,-10.783105],[33.261328,-10.893359],[33.379785,-11.15791],[33.226367,-11.534863],[33.288281,-11.611133],[33.300977,-11.888184],[33.252344,-12.112598],[33.340137,-12.308301],[33.491406,-12.331055],[33.397949,-12.489844],[33.021582,-12.630469],[32.945605,-12.804395],[33,-12.899609],[32.967578,-13.225],[32.851855,-13.457031],[32.67207,-13.610352],[32.771777,-13.656543],[32.765137,-13.761035],[32.867188,-13.817383],[32.99209,-14.022168],[33.148047,-13.940918],[33.201758,-14.013379],[32.272852,-14.323047],[31.728906,-14.496094],[31.537891,-14.577148],[30.67334,-14.819141],[30.231836,-14.990332],[30.252148,-15.183203],[30.350586,-15.349707],[30.396094,-15.643066]]]},"properties":{"name":"Zambia"},"id":"ZM"},
    {"type":"Feature","geometry":{"type":"MultiPolygon","coordinates":[[[[-10.283203,8.485156],[-10.314648,8.31084],[-10.389551,8.157617],[-10.57085,8.071143],[-10.647461,7.759375],[-10.878076,7.538232],[-11.0854,7.398584],[-11.267676,7.232617],[-11.50752,6.906543],[-11.733447,7.088574],[-11.929199,7.183545],[-12.485645,7.386279],[-12.432715,7.54502],[-12.510449,7.665723],[-12.697607,7.715869],[-12.880957,7.856641],[-12.956934,8.145312],[-13.148975,8.2146],[-13.272754,8.429736],[-13.08501,8.424756],[-12.953369,8.615137],[-13.181836,8.576904],[-13.228418,8.695898],[-13.153711,8.897705],[-13.292676,9.049219],[-13.129883,9.047559],[-13.028027,9.103564],[-12.958789,9.26333],[-12.755859,9.373584],[-12.557861,9.70498],[-12.501465,9.862158],[-12.277734,9.929785],[-12.142334,9.875391],[-11.922754,9.922754],[-11.911084,9.993018],[-11.273633,9.996533],[-11.205664,9.977734],[-10.864795,9.516455],[-10.690527,9.314258],[-10.749951,9.122363],[-10.615967,9.05918],[-10.605615,8.867578],[-10.500537,8.687549],[-10.628467,8.52998],[-10.712109,8.335254],[-10.557715,8.315674],[-10.394434,8.480957],[-10.283203,8.485156]]],[[[-12.526074,7.436328],[-12.951611,7.57085],[-12.854395,7.622021],[-12.615234,7.637207],[-12.5125,7.582422],[-12.526074,7.436328]]]]},"properties":{"name":"Sierra Leone"},"id":"SL"},
    {"type":"Feature","geometry":{"type":"Polygon","coordinates":[[[-10.283203,8.485156],[-10.394434,8.480957],[-10.557715,8.315674],[-10.712109,8.335254],[-10.628467,8.52998],[-10.500537,8.687549],[-10.605615,8.867578],[-10.615967,9.05918],[-10.749951,9.122363],[-10.690527,9.314258],[-10.864795,9.516455],[-11.205664,9.977734],[-11.273633,9.996533],[-11.911084,9.993018],[-11.922754,9.922754],[-12.142334,9.875391],[-12.277734,9.929785],[-12.501465,9.862158],[-12.557861,9.70498],[-12.755859,9.373584],[-12.958789,9.26333],[-13.028027,9.103564],[-13.129883,9.047559],[-13.292676,9.049219],[-13.269482,9.170557],[-13.436279,9.420312],[-13.568262,9.543408],[-13.691357,9.535791],[-13.658691,9.776367],[-13.700488,9.85127],[-13.954639,9.968701],[-14.04502,10.14126],[-14.17041,10.128613],[-14.426904,10.24834],[-14.60957,10.549854],[-14.775928,10.931641],[-15.043018,10.940137],[-14.944434,11.072168],[-14.779297,11.405518],[-14.682959,11.508496],[-14.452441,11.556201],[-14.265576,11.659912],[-13.953223,11.6646],[-13.732764,11.736035],[-13.737988,12.009668],[-13.948877,12.178174],[-13.70791,12.312695],[-13.673535,12.478516],[-13.729248,12.673926],[-13.08291,12.633545],[-13.061279,12.48999],[-12.930713,12.532275],[-12.797314,12.451904],[-12.291211,12.328027],[-12.042383,12.398047],[-11.808105,12.387305],[-11.573682,12.426318],[-11.389404,12.404395],[-11.502197,12.198633],[-11.305176,12.01543],[-11.209668,12.024854],[-11.06582,12.170801],[-10.933203,12.205176],[-10.743018,11.927246],[-10.677344,11.899414],[-10.46582,12.138672],[-10.274854,12.212646],[-9.820703,12.04248],[-9.714746,12.04248],[-9.658301,12.143115],[-9.358105,12.25542],[-9.365186,12.479297],[-9.215527,12.482861],[-9.043066,12.402344],[-8.818311,11.92251],[-8.822021,11.673242],[-8.711426,11.617773],[-8.664941,11.51499],[-8.407471,11.386279],[-8.663916,11.03584],[-8.474707,11.048389],[-8.337402,10.990625],[-8.324121,10.749512],[-8.231494,10.437988],[-8.007275,10.321875],[-7.990625,10.1625],[-8.136621,10.02207],[-8.136963,9.495703],[-8.031006,9.397656],[-7.896191,9.415869],[-7.918066,9.188525],[-7.777979,9.080859],[-7.938184,8.979785],[-7.950977,8.786816],[-7.784033,8.720605],[-7.690967,8.5625],[-7.681201,8.410352],[-7.823584,8.467676],[-8.049121,8.495313],[-8.236963,8.455664],[-8.256104,8.253711],[-8.016748,8.144922],[-8.009863,8.078516],[-8.126855,7.867725],[-8.11543,7.760742],[-8.231885,7.556738],[-8.42998,7.601855],[-8.486426,7.558496],[-8.578857,7.677051],[-8.708301,7.658887],[-8.740234,7.495703],[-8.889648,7.262695],[-9.117578,7.215918],[-9.263281,7.377734],[-9.459766,7.442529],[-9.368945,7.639551],[-9.436328,7.866699],[-9.518262,8.346094],[-9.768262,8.53457],[-10.064355,8.429883],[-10.147412,8.519727],[-10.283203,8.485156]]]},"properties":{"name":"Guinea"},"id":"GN"},
    {"type":"Feature","geometry":{"type":"Polygon","coordinates":[[[-11.50752,6.906543],[-11.267676,7.232617],[-11.0854,7.398584],[-10.878076,7.538232],[-10.647461,7.759375],[-10.57085,8.071143],[-10.389551,8.157617],[-10.314648,8.31084],[-10.283203,8.485156],[-10.147412,8.519727],[-10.064355,8.429883],[-9.768262,8.53457],[-9.518262,8.346094],[-9.436328,7.866699],[-9.368945,7.639551],[-9.459766,7.442529],[-9.263281,7.377734],[-9.117578,7.215918],[-8.889648,7.262695],[-8.740234,7.495703],[-8.708301,7.658887],[-8.578857,7.677051],[-8.486426,7.558496],[-8.437158,7.516406],[-8.296631,7.074023],[-8.332568,6.801562],[-8.603564,6.507812],[-8.449902,6.4625],[-8.344873,6.35127],[-8.203857,6.290723],[-7.981592,6.286133],[-7.888623,6.234863],[-7.796533,5.975098],[-7.730371,5.919043],[-7.454395,5.841309],[-7.399902,5.550586],[-7.429834,5.324512],[-7.509766,5.108496],[-7.568896,5.080664],[-7.591211,4.821533],[-7.571582,4.386426],[-7.544971,4.351318],[-7.66001,4.366797],[-7.998242,4.508691],[-8.259033,4.58999],[-9.132178,5.054639],[-9.374756,5.241064],[-9.654395,5.518701],[-10.276367,6.077637],[-10.418164,6.167334],[-10.59707,6.210938],[-10.785596,6.310156],[-10.849023,6.465088],[-11.291602,6.688232],[-11.50752,6.906543]]]},"properties":{"name":"Liberia"},"id":"LR"},
    {"type":"Feature","geometry":{"type":"Polygon","coordinates":[[[24.147363,8.665625],[24.220898,8.608252],[24.17998,8.461133],[24.291406,8.291406],[24.736719,8.191553],[24.85332,8.137549],[25.007227,7.964844],[25.200391,7.80791],[25.247363,7.724561],[25.190137,7.519336],[25.380664,7.333398],[25.888965,7.064941],[26.036523,6.955225],[26.169336,6.781738],[26.361816,6.635303],[26.308594,6.455322],[26.514258,6.069238],[26.726367,5.998242],[27.083398,5.776855],[27.213379,5.618799],[27.256738,5.289648],[27.40332,5.10918],[27.114941,5.197852],[27.020605,5.184375],[26.82207,5.062402],[26.173535,5.171143],[25.713867,5.283691],[25.525098,5.312109],[25.400195,5.255908],[25.249316,5.024561],[24.765527,4.930078],[24.437109,5.009961],[24.319824,4.994141],[23.417188,4.663135],[23.115918,4.736914],[22.864551,4.723877],[22.755762,4.64668],[22.617188,4.445557],[22.505664,4.207666],[22.422168,4.134961],[21.908203,4.253906],[21.687012,4.281396],[21.537598,4.244824],[21.350195,4.311377],[21.229785,4.302197],[20.955762,4.413135],[20.558105,4.462695],[20.393555,4.686182],[20.226367,4.829639],[20.002344,4.944727],[19.806543,5.089307],[19.500977,5.12749],[19.323438,5.070752],[19.068555,4.891406],[18.831738,4.523438],[18.56748,4.257568],[18.633691,3.954297],[18.59668,3.678711],[18.610352,3.478418],[18.474414,3.622998],[18.160938,3.499805],[18.111328,3.551074],[17.880371,3.553857],[17.437988,3.684619],[17.298437,3.617188],[17.002539,3.556689],[16.67334,3.535205],[16.57041,3.463086],[16.496289,3.208838],[16.468555,2.831738],[16.183398,2.270068],[16.106738,2.473486],[16.063477,2.908594],[15.904883,3.09585],[15.775,3.127197],[15.458398,3.456836],[15.128711,3.826904],[15.034863,4.016357],[15.136914,4.069141],[15.022754,4.358545],[14.77041,4.558105],[14.708984,4.665576],[14.640625,5.179053],[14.562988,5.279932],[14.616895,5.495508],[14.616895,5.865137],[14.503125,5.916895],[14.431152,6.038721],[14.512109,6.161914],[14.739258,6.279785],[14.861914,6.555713],[15.03457,6.784424],[15.245898,7.263574],[15.379102,7.358154],[15.480078,7.523779],[15.84502,7.475293],[16.030664,7.572119],[16.378906,7.683545],[16.523242,7.859961],[16.588965,7.743359],[16.784766,7.550977],[16.890332,7.633691],[17.117969,7.701904],[17.246973,7.812988],[17.649414,7.983594],[17.76084,7.973828],[18.455078,8.032031],[18.591602,8.060791],[18.633594,8.167725],[18.906445,8.405078],[19.108691,8.656152],[18.886035,8.836035],[18.888281,8.889746],[19.145508,9.015967],[19.668359,9.020898],[19.953516,9.075146],[20.072656,9.133203],[20.34209,9.1271],[20.773242,9.405664],[20.98418,9.636279],[21.009473,9.713232],[21.263867,9.974609],[21.395996,10.001367],[21.528027,10.207812],[21.632715,10.238281],[21.725781,10.366553],[21.706543,10.574805],[21.964844,10.73667],[22.043164,10.822705],[22.493848,10.99624],[22.860059,10.919678],[22.964355,10.751807],[23.312305,10.387939],[23.54502,10.030078],[23.646289,9.8229],[23.622656,9.340625],[23.468262,9.114746],[23.551855,8.943213],[23.537305,8.81582],[23.679297,8.732471],[24.147363,8.665625]]]},"properties":{"name":"Central African Republic"},"id":"CF"},
    {"type":"Feature","geometry":{"type":"Polygon","coordinates":[[[34.078125,9.461523],[33.890918,9.462207],[33.894922,9.717627],[33.95918,9.845264],[33.956836,10.054199],[33.892187,10.198975],[33.459082,10.55083],[33.360742,10.657813],[33.14082,10.737891],[33.172168,10.850146],[33.073047,11.591504],[33.122461,11.693164],[33.135059,11.941602],[33.199316,12.217285],[32.721875,12.223096],[32.736719,12.009668],[32.072266,12.006738],[32.335352,11.716016],[32.354199,11.246924],[32.404102,11.057764],[31.933008,10.6625],[31.854297,10.479053],[31.654883,10.221143],[31.224902,9.799268],[31.154492,9.770947],[30.739355,9.742676],[30.474609,9.978955],[30.003027,10.277393],[29.605469,10.065088],[29.603906,9.921387],[29.473145,9.768604],[29.242383,9.718066],[28.999609,9.610156],[28.839453,9.459082],[28.844531,9.326074],[28.048926,9.328613],[27.88584,9.599658],[27.799805,9.587891],[27.074219,9.613818],[26.763184,9.499219],[26.551367,9.52583],[26.169531,9.965918],[25.891504,10.202734],[25.885254,10.346094],[25.798047,10.420508],[25.285156,10.318506],[25.066992,10.293799],[25.00293,10.055273],[24.785254,9.774658],[24.782617,9.527344],[24.662891,9.338135],[24.648047,9.179102],[24.549414,9.006787],[24.531934,8.886914],[24.213574,8.767822],[24.147363,8.665625],[23.679297,8.732471],[23.537305,8.81582],[23.551855,8.943213],[23.468262,9.114746],[23.622656,9.340625],[23.646289,9.8229],[23.54502,10.030078],[23.312305,10.387939],[22.964355,10.751807],[22.860059,10.919678],[22.937695,11.192041],[22.922656,11.344873],[22.641016,11.515918],[22.556348,11.669531],[22.580957,11.990137],[22.489844,12.044727],[22.352344,12.660449],[22.233398,12.709473],[22.000684,12.671875],[21.878125,12.699365],[21.825293,12.790527],[21.907715,13.000977],[21.990234,13.113086],[22.158008,13.215039],[22.228125,13.32959],[22.202344,13.538086],[22.107617,13.730322],[22.173145,13.910596],[22.509961,14.127441],[22.381543,14.550488],[22.467773,14.63335],[22.670898,14.722461],[22.679199,14.851465],[22.763281,14.998682],[22.932324,15.162109],[22.969531,15.311328],[22.933887,15.533105],[23.105176,15.702539],[23.243457,15.697217],[23.708203,15.744971],[23.945996,15.703516],[23.983398,15.780176],[23.982227,17.266357],[23.981445,18.158496],[23.980273,19.496631],[23.980273,19.995947],[24.979492,20.002588],[24.979883,20.999219],[24.980273,21.99585],[26.126367,21.995654],[27.272461,21.995508],[28.036426,21.995361],[29.564551,21.995117],[30.328613,21.99502],[31.260645,22.002295],[31.358496,22.188623],[31.486133,22.147803],[31.434473,21.99585],[32.606055,21.995996],[33.918457,21.99624],[34.574609,21.996338],[35.887012,21.996533],[36.871387,21.996729],[36.926953,21.586523],[37.081152,21.326025],[37.211719,21.18584],[37.150586,21.10376],[37.172656,20.731982],[37.227539,20.556738],[37.187891,20.394922],[37.193164,20.120703],[37.262598,19.791895],[37.248438,19.581885],[37.361523,19.091992],[37.471289,18.820117],[37.599414,18.717432],[37.729785,18.694336],[37.921875,18.555908],[38.201758,18.249414],[38.33291,18.219043],[38.574023,18.072949],[38.609473,18.005078],[38.422461,17.823926],[38.253516,17.584766],[37.782422,17.458008],[37.510156,17.288135],[37.411035,17.061719],[37.008984,17.058887],[36.978711,16.800586],[36.887793,16.624658],[36.91377,16.296191],[36.813477,15.993945],[36.679199,15.726367],[36.521777,15.250146],[36.426758,15.13208],[36.524316,14.256836],[36.443945,13.988428],[36.44707,13.842041],[36.390625,13.626074],[36.212207,13.271094],[36.160156,13.093311],[36.10752,12.726465],[35.820605,12.684863],[35.670215,12.62373],[35.596094,12.537305],[35.252441,11.957031],[35.112305,11.816553],[34.960742,11.276758],[34.931445,10.864795],[34.771289,10.746191],[34.571875,10.880176],[34.431445,10.787842],[34.275684,10.528125],[34.314844,10.251563],[34.291504,10.124756],[34.120313,9.729688],[34.078125,9.461523]]]},"properties":{"name":"Sudan"},"id":"SD"},
    {"type":"Feature","geometry":{"type":"Polygon","coordinates":[[[42.922754,10.999316],[42.557715,11.080762],[42.308105,11.005225],[41.957422,10.941016],[41.798242,10.980469],[41.766504,11.589111],[41.815625,11.723779],[41.995898,11.912354],[42.378516,12.466406],[42.479395,12.513623],[42.670117,12.376563],[42.76748,12.422852],[42.883301,12.621289],[43.116699,12.708594],[43.298633,12.463867],[43.409766,12.189941],[43.27207,11.969531],[43.048047,11.829053],[42.799023,11.739404],[42.640039,11.560107],[42.652734,11.50957],[42.911523,11.586621],[43.161719,11.566016],[43.245996,11.499805],[42.922754,10.999316]]]},"properties":{"name":"Djibouti"},"id":"DJ"},
    {"type":"Feature","geometry":{"type":"MultiPolygon","coordinates":[[[[36.524316,14.256836],[36.426758,15.13208],[36.521777,15.250146],[36.679199,15.726367],[36.813477,15.993945],[36.91377,16.296191],[36.887793,16.624658],[36.978711,16.800586],[37.008984,17.058887],[37.411035,17.061719],[37.510156,17.288135],[37.782422,17.458008],[38.253516,17.584766],[38.422461,17.823926],[38.609473,18.005078],[38.911719,17.427148],[39.142578,16.72915],[39.222559,16.193701],[39.298926,15.921094],[39.422266,15.78667],[39.506543,15.532129],[39.63125,15.452539],[39.720801,15.213672],[39.86377,15.470313],[40.041016,15.334521],[40.084082,15.151953],[40.204102,15.014111],[40.436523,14.963965],[40.634375,14.883008],[40.799316,14.743018],[41.176465,14.620313],[41.479688,14.243896],[41.658203,13.983057],[42.245117,13.587646],[42.346484,13.398096],[42.399316,13.212598],[42.522852,13.221484],[42.734473,13.018604],[42.796191,12.864258],[42.969531,12.80835],[43.08291,12.824609],[43.116699,12.708594],[42.883301,12.621289],[42.76748,12.422852],[42.670117,12.376563],[42.479395,12.513623],[42.378516,12.466406],[42.134277,12.771436],[41.952148,12.882324],[41.765039,13.183936],[41.362891,13.499805],[41.122363,13.736133],[40.938574,13.983105],[40.769531,14.144482],[40.524414,14.225195],[40.221484,14.431152],[39.895117,14.440674],[39.531836,14.536719],[39.198047,14.479395],[39.074219,14.628223],[38.812012,14.482324],[38.504395,14.424414],[38.376953,14.47041],[38.221484,14.649658],[38.002539,14.737109],[37.88418,14.852295],[37.571191,14.149072],[37.507227,14.156396],[37.353711,14.372461],[37.257227,14.45376],[37.132617,14.406055],[37.024512,14.271973],[36.811914,14.315039],[36.524316,14.256836]]],[[[40.141211,15.696143],[40.250098,15.703467],[40.399023,15.579883],[40.095117,15.590918],[39.945215,15.789062],[40.042578,15.875488],[40.141211,15.696143]]]]},"properties":{"name":"Eritrea"},"id":"ER"},
    {"type":"Feature","geometry":{"type":"Polygon","coordinates":[[[-7.990625,10.1625],[-7.814209,10.236572],[-7.661133,10.427441],[-7.497949,10.439795],[-7.363184,10.259375],[-7.104883,10.203516],[-7.039746,10.144775],[-6.950342,10.342334],[-6.693262,10.349463],[-6.65415,10.656445],[-6.5646,10.586426],[-6.261133,10.724072],[-6.190674,10.400293],[-6.241309,10.279199],[-6.03457,10.194824],[-5.843848,10.389551],[-5.694287,10.433203],[-5.523535,10.426025],[-5.382275,10.314014],[-5.262305,10.319678],[-5.099854,10.241602],[-4.969922,9.930078],[-4.62583,9.713574],[-4.526611,9.723486],[-4.332227,9.645703],[-4.267187,9.743262],[-3.877637,9.894922],[-3.581152,9.924316],[-3.223535,9.895459],[-2.988281,9.687354],[-2.816748,9.42583],[-2.69585,9.481348],[-2.674219,9.282617],[-2.74668,9.109619],[-2.600391,8.800439],[-2.505859,8.20874],[-2.611719,8.147559],[-2.613379,8.04668],[-2.789746,7.931934],[-2.896338,7.68501],[-2.959082,7.454541],[-2.985791,7.204883],[-3.235791,6.807227],[-3.240283,6.535645],[-3.200586,6.348242],[-2.962256,5.643018],[-2.793652,5.600098],[-2.75498,5.43252],[-2.795215,5.184521],[-3.019141,5.130811],[-3.168701,5.203027],[-3.237598,5.3354],[-3.347559,5.130664],[-3.870605,5.220703],[-4.037207,5.230127],[-4.899707,5.13833],[-5.564746,5.089453],[-5.91377,5.010937],[-6.548437,4.761768],[-6.845166,4.671484],[-7.057959,4.544727],[-7.426074,4.376025],[-7.544971,4.351318],[-7.571582,4.386426],[-7.591211,4.821533],[-7.568896,5.080664],[-7.509766,5.108496],[-7.429834,5.324512],[-7.399902,5.550586],[-7.454395,5.841309],[-7.730371,5.919043],[-7.796533,5.975098],[-7.888623,6.234863],[-7.981592,6.286133],[-8.203857,6.290723],[-8.344873,6.35127],[-8.449902,6.4625],[-8.603564,6.507812],[-8.332568,6.801562],[-8.296631,7.074023],[-8.437158,7.516406],[-8.486426,7.558496],[-8.42998,7.601855],[-8.231885,7.556738],[-8.11543,7.760742],[-8.126855,7.867725],[-8.009863,8.078516],[-8.016748,8.144922],[-8.256104,8.253711],[-8.236963,8.455664],[-8.049121,8.495313],[-7.823584,8.467676],[-7.681201,8.410352],[-7.690967,8.5625],[-7.784033,8.720605],[-7.950977,8.786816],[-7.938184,8.979785],[-7.777979,9.080859],[-7.918066,9.188525],[-7.896191,9.415869],[-8.031006,9.397656],[-8.136963,9.495703],[-8.136621,10.02207],[-7.990625,10.1625]]]},"properties":{"name":"Ivory Coast"},"id":"CI"},
    {"type":"Feature","geometry":{"type":"Polygon","coordinates":[[[-11.389404,12.404395],[-11.448779,12.531934],[-11.390381,12.941992],[-11.548779,13.170264],[-11.634961,13.369873],[-11.89458,13.444434],[-12.054199,13.633057],[-11.960889,13.875293],[-12.020117,13.974658],[-12.019189,14.206494],[-12.228418,14.458594],[-12.186523,14.648145],[-12.280615,14.809033],[-12.104687,14.745361],[-11.940918,14.886914],[-11.872852,14.995166],[-11.82876,15.244873],[-11.760156,15.425537],[-11.502686,15.636816],[-11.455225,15.625391],[-11.169336,15.358643],[-10.895605,15.150488],[-10.696582,15.422656],[-10.411816,15.437939],[-9.941406,15.373779],[-9.446924,15.458203],[-9.447705,15.574854],[-9.176807,15.496094],[-8.17124,15.496143],[-7.559375,15.496143],[-6.335742,15.496191],[-5.5125,15.496289],[-5.359912,16.282861],[-5.628662,16.568652],[-5.741699,17.555566],[-5.884082,18.798877],[-5.997949,19.793506],[-6.083398,20.539502],[-6.197266,21.53418],[-6.368115,23.026123],[-6.482031,24.020801],[-6.594092,24.994629],[-5.959814,24.994971],[-4.822607,24.995605],[-3.912793,24.409473],[-3.257861,23.98125],[-2.275391,23.338867],[-1.292969,22.696533],[-0.310547,22.054199],[0.344434,21.625977],[1.145508,21.102246],[1.165723,20.817432],[1.290234,20.713574],[1.610645,20.555566],[1.685449,20.378369],[1.928809,20.272705],[2.219336,20.247803],[2.406152,20.063867],[2.865723,19.955957],[3.203711,19.789697],[3.20166,19.5604],[3.255859,19.410937],[3.106055,19.150098],[3.255957,19.013281],[3.400879,18.988428],[4.227637,19.142773],[4.231934,17.830518],[4.234668,16.996387],[4.20293,16.962695],[4.182129,16.581787],[4.121289,16.357715],[4.014844,16.192725],[3.876953,15.755273],[3.520508,15.483105],[3.504297,15.356348],[3.060156,15.427197],[3.001074,15.340967],[1.859375,15.301709],[1.300195,15.272266],[0.960059,14.986914],[0.718652,14.954883],[0.28623,14.980176],[0.21748,14.911475],[-0.235889,15.059424],[-0.40542,15.0125],[-0.536523,15.077881],[-0.760449,15.047754],[-1.049561,14.819531],[-1.493652,14.626074],[-1.767773,14.486035],[-1.973047,14.456543],[-2.057129,14.194629],[-2.113232,14.168457],[-2.457227,14.274121],[-2.586719,14.227588],[-2.778857,14.07373],[-2.873926,13.950732],[-2.91709,13.679492],[-3.038672,13.639111],[-3.198437,13.672852],[-3.270166,13.577441],[-3.301758,13.280762],[-3.469922,13.196387],[-3.575781,13.194189],[-3.853467,13.373535],[-4.051172,13.382422],[-4.328711,13.119043],[-4.225244,12.879492],[-4.2271,12.793701],[-4.480615,12.672217],[-4.421924,12.581592],[-4.428711,12.337598],[-4.586914,12.155029],[-4.797949,12.032129],[-5.105908,11.967529],[-5.288135,11.82793],[-5.290527,11.683301],[-5.229395,11.522461],[-5.299854,11.205957],[-5.490479,11.042383],[-5.45708,10.771387],[-5.523535,10.426025],[-5.694287,10.433203],[-5.843848,10.389551],[-6.03457,10.194824],[-6.241309,10.279199],[-6.190674,10.400293],[-6.261133,10.724072],[-6.5646,10.586426],[-6.65415,10.656445],[-6.693262,10.349463],[-6.950342,10.342334],[-7.039746,10.144775],[-7.104883,10.203516],[-7.363184,10.259375],[-7.497949,10.439795],[-7.661133,10.427441],[-7.814209,10.236572],[-7.990625,10.1625],[-8.007275,10.321875],[-8.231494,10.437988],[-8.324121,10.749512],[-8.337402,10.990625],[-8.474707,11.048389],[-8.663916,11.03584],[-8.407471,11.386279],[-8.664941,11.51499],[-8.711426,11.617773],[-8.822021,11.673242],[-8.818311,11.92251],[-9.043066,12.402344],[-9.215527,12.482861],[-9.365186,12.479297],[-9.358105,12.25542],[-9.658301,12.143115],[-9.714746,12.04248],[-9.820703,12.04248],[-10.274854,12.212646],[-10.46582,12.138672],[-10.677344,11.899414],[-10.743018,11.927246],[-10.933203,12.205176],[-11.06582,12.170801],[-11.209668,12.024854],[-11.305176,12.01543],[-11.502197,12.198633],[-11.389404,12.404395]]]},"properties":{"name":"Mali"},"id":"ML"},
    {"type":"Feature","geometry":{"type":"Polygon","coordinates":[[[-12.280615,14.809033],[-12.186523,14.648145],[-12.228418,14.458594],[-12.019189,14.206494],[-12.020117,13.974658],[-11.960889,13.875293],[-12.054199,13.633057],[-11.89458,13.444434],[-11.634961,13.369873],[-11.548779,13.170264],[-11.390381,12.941992],[-11.448779,12.531934],[-11.389404,12.404395],[-11.573682,12.426318],[-11.808105,12.387305],[-12.042383,12.398047],[-12.291211,12.328027],[-12.797314,12.451904],[-12.930713,12.532275],[-13.061279,12.48999],[-13.08291,12.633545],[-13.729248,12.673926],[-15.196094,12.679932],[-15.574805,12.490381],[-15.839551,12.437891],[-16.144189,12.457422],[-16.416309,12.367676],[-16.711816,12.354834],[-16.760303,12.525781],[-16.553223,12.604883],[-16.597656,12.715283],[-16.743896,12.585449],[-16.76333,13.06416],[-16.648779,13.15415],[-15.834277,13.156445],[-15.814404,13.325146],[-15.28623,13.395996],[-15.151123,13.556494],[-14.671924,13.351709],[-14.438574,13.268896],[-14.246777,13.23584],[-13.84751,13.335303],[-13.852832,13.478564],[-13.977393,13.543457],[-14.405469,13.503711],[-14.57085,13.616162],[-14.766016,13.669092],[-14.935791,13.785205],[-15.10835,13.812109],[-15.426855,13.727002],[-15.509668,13.58623],[-16.30874,13.596875],[-16.562305,13.587305],[-16.587793,13.689551],[-16.74541,13.84043],[-16.797754,14.093262],[-16.973828,14.403223],[-17.079395,14.483057],[-17.168066,14.640625],[-17.411816,14.792188],[-17.147168,14.922021],[-16.843408,15.293994],[-16.570752,15.734424],[-16.535254,15.838379],[-16.441016,16.204541],[-16.302295,16.451318],[-16.168359,16.54707],[-15.958984,16.492139],[-15.620801,16.506592],[-15.37998,16.581982],[-15.210547,16.582617],[-15.112646,16.644922],[-14.53374,16.655957],[-14.300098,16.580273],[-13.975049,16.311133],[-13.868457,16.148145],[-13.555518,16.144043],[-13.409668,16.05918],[-13.297021,15.853857],[-13.258008,15.700391],[-13.079297,15.510449],[-12.994336,15.504883],[-12.862695,15.34043],[-12.858496,15.242529],[-12.659619,15.08208],[-12.543555,15.039014],[-12.408691,14.889014],[-12.280615,14.809033]]]},"properties":{"name":"Senegal"},"id":"SN"},
    {"type":"Feature","geometry":{"type":"Polygon","coordinates":[[[13.606348,13.70459],[14.063965,13.078516],[14.197461,12.383789],[14.518945,12.298242],[14.627148,12.108691],[14.561816,11.728711],[14.559766,11.492285],[14.202344,11.268164],[14.056738,11.24502],[13.89209,11.140088],[13.535352,10.605078],[13.414551,10.171436],[13.269922,10.036182],[13.221191,9.645166],[13.175488,9.539648],[12.929492,9.42627],[12.875684,9.303516],[12.806543,8.886621],[12.731152,8.745654],[12.582715,8.624121],[12.403516,8.595557],[12.233398,8.282324],[12.155957,7.94248],[12.025195,7.727783],[12.016016,7.589746],[11.767383,7.272266],[11.861426,7.116406],[11.580078,6.888867],[11.55166,6.697266],[11.324609,6.484668],[11.15332,6.437939],[11.079688,6.505518],[11.03252,6.6979],[10.737598,6.988281],[10.60625,7.063086],[10.482324,6.89126],[10.205469,6.891602],[10.143555,6.996436],[9.779883,6.760156],[9.659961,6.531982],[9.37334,6.319629],[9.060156,6.009082],[8.935059,5.781006],[8.800977,5.197461],[8.555859,4.755225],[8.431348,4.74624],[8.233789,4.907471],[8.328027,4.656104],[8.293066,4.557617],[7.644238,4.525342],[7.459863,4.555225],[7.154688,4.514404],[7.013379,4.397314],[6.757031,4.343555],[6.55459,4.341406],[6.076563,4.290625],[5.798633,4.455957],[5.587793,4.647217],[5.383301,5.129004],[5.38584,5.401758],[5.232422,5.483789],[5.04209,5.79751],[4.861035,6.026318],[4.633594,6.217187],[4.431348,6.348584],[4.125879,6.411377],[3.486621,6.408936],[2.706445,6.369238],[2.774609,6.711719],[2.721387,6.980273],[2.756738,7.06792],[2.750488,7.395068],[2.785156,7.476855],[2.719336,7.61626],[2.686035,7.87373],[2.73291,8.78252],[2.774805,9.048535],[3.044922,9.083838],[3.148047,9.320605],[3.136133,9.451611],[3.329492,9.667041],[3.325195,9.778467],[3.557227,9.907324],[3.645898,10.160156],[3.576563,10.268359],[3.680273,10.427783],[3.783789,10.435889],[3.834473,10.607422],[3.756836,10.76875],[3.716406,11.07959],[3.487793,11.39541],[3.490527,11.499219],[3.59541,11.696289],[3.618457,11.827734],[3.64668,12.52998],[3.947852,12.775049],[4.087402,13.055469],[4.147559,13.457715],[4.421387,13.64751],[4.82334,13.759766],[5.241895,13.757227],[5.491992,13.872852],[6.386328,13.603613],[6.626563,13.364258],[6.804297,13.107666],[6.937207,13.008203],[7.056738,13.000195],[7.173047,13.086328],[7.357813,13.107178],[7.788672,13.337891],[8.09502,13.291162],[8.456055,13.059668],[8.750586,12.908154],[9.201563,12.821484],[9.615918,12.810645],[9.929297,13.135254],[10.184668,13.270117],[10.475879,13.330225],[10.958887,13.371533],[11.411914,13.353613],[11.693359,13.297705],[11.990039,13.191797],[12.117969,13.09043],[12.463184,13.09375],[12.510156,13.194336],[12.654785,13.326562],[13.048438,13.534521],[13.193848,13.573047],[13.323828,13.67085],[13.606348,13.70459]]]},"properties":{"name":"Nigeria"},"id":"NG"},
    {"type":"Feature","geometry":{"type":"Polygon","coordinates":[[[1.622656,6.216797],[1.77793,6.294629],[1.743164,6.42627],[1.577539,6.687402],[1.624707,6.997314],[1.624609,8.270996],[1.600195,9.050049],[1.424316,9.28501],[1.34707,9.567529],[1.330078,9.996973],[0.77998,10.35957],[0.7875,10.710254],[0.900488,10.993262],[1.062305,11.058203],[1.145801,11.251904],[1.317383,11.295264],[1.426758,11.447119],[1.6,11.400635],[1.857617,11.443359],[1.980371,11.418408],[2.287207,11.69126],[2.38916,11.89707],[2.412695,11.999316],[2.366016,12.221924],[2.648438,12.296777],[2.805273,12.383838],[2.878125,12.367725],[3.149609,12.118066],[3.359961,11.880469],[3.449805,11.851953],[3.59541,11.696289],[3.490527,11.499219],[3.487793,11.39541],[3.716406,11.07959],[3.756836,10.76875],[3.834473,10.607422],[3.783789,10.435889],[3.680273,10.427783],[3.576563,10.268359],[3.645898,10.160156],[3.557227,9.907324],[3.325195,9.778467],[3.329492,9.667041],[3.136133,9.451611],[3.148047,9.320605],[3.044922,9.083838],[2.774805,9.048535],[2.73291,8.78252],[2.686035,7.87373],[2.719336,7.61626],[2.785156,7.476855],[2.750488,7.395068],[2.756738,7.06792],[2.721387,6.980273],[2.774609,6.711719],[2.706445,6.369238],[2.286914,6.328076],[1.622656,6.216797]]]},"properties":{"name":"Benin"},"id":"BJ"},
    {"type":"Feature","geometry":{"type":"MultiPolygon","coordinates":[[[[13.072754,-4.634766],[12.829688,-4.736621],[12.573535,-4.996582],[12.522363,-5.148926],[12.503711,-5.695801],[12.213672,-5.758691],[12.155469,-5.632715],[12.206543,-5.468262],[12.177148,-5.324805],[12.018359,-5.004297],[12.204297,-4.778613],[12.30791,-4.765527],[12.38457,-4.619141],[12.641699,-4.531152],[12.798242,-4.430566],[12.881055,-4.445117],[13.072754,-4.634766]]],[[[23.966504,-10.871777],[24.04668,-11.405371],[23.970996,-11.63584],[23.958887,-12.117773],[23.991309,-12.422168],[23.882422,-12.799023],[23.968066,-12.956934],[23.843164,-13.000977],[23.041504,-13.000977],[21.978906,-13.000977],[21.979297,-14.119629],[21.979492,-14.761426],[21.979785,-15.955566],[22.040234,-16.262793],[22.150684,-16.597168],[22.305078,-16.689551],[22.955859,-17.285742],[23.380664,-17.640625],[22.624023,-17.781641],[21.416895,-18.000684],[21.113477,-17.955762],[20.908301,-18.006055],[20.625098,-17.99668],[20.392969,-17.887402],[20.194336,-17.863672],[19.911816,-17.881348],[19.639355,-17.868652],[19.377148,-17.825488],[19.076465,-17.817676],[18.825977,-17.766309],[18.718066,-17.703223],[18.486621,-17.442773],[18.396387,-17.399414],[17.835352,-17.392773],[16.531055,-17.39082],[15.76582,-17.389648],[14.414746,-17.387695],[14.01748,-17.408887],[13.937988,-17.38877],[13.561719,-17.141211],[13.403711,-17.007812],[13.101172,-16.967676],[12.548145,-17.212695],[12.213379,-17.209961],[12.013965,-17.168555],[11.743066,-17.249219],[11.780078,-16.871289],[11.818945,-16.704102],[11.796973,-15.986426],[11.750879,-15.831934],[11.967871,-15.633984],[12.073242,-15.248242],[12.280469,-14.6375],[12.378906,-14.039062],[12.503711,-13.755469],[12.550488,-13.437793],[12.897656,-13.027734],[12.983203,-12.775684],[13.416992,-12.52041],[13.597949,-12.286133],[13.685547,-12.123828],[13.785352,-11.812793],[13.784277,-11.487988],[13.847461,-11.054395],[13.833594,-10.929688],[13.738965,-10.757129],[13.721387,-10.633594],[13.539453,-10.420703],[13.49541,-10.257129],[13.332227,-9.998926],[13.2875,-9.826758],[13.209375,-9.703223],[13.155664,-9.389648],[12.998535,-9.048047],[13.358984,-8.687207],[13.378516,-8.369727],[13.09082,-7.780176],[12.862305,-7.231836],[12.823438,-6.954785],[12.521289,-6.590332],[12.302539,-6.092578],[12.790625,-6.003906],[13.068164,-5.864844],[13.978516,-5.857227],[14.398633,-5.892676],[14.749414,-5.880078],[15.726953,-5.863867],[16.315234,-5.865625],[16.537109,-5.96582],[16.717773,-6.241406],[16.709375,-6.47168],[16.742969,-6.618457],[16.919434,-6.933984],[16.984766,-7.257422],[17.155078,-7.461328],[17.536035,-8.075879],[17.57959,-8.099023],[17.913086,-8.067676],[18.008789,-8.107617],[18.191504,-8.023828],[18.653418,-7.936035],[18.89834,-7.998145],[19.142676,-8.001465],[19.34082,-7.966602],[19.37168,-7.655078],[19.479883,-7.472168],[19.483789,-7.279492],[19.527637,-7.144434],[19.660352,-7.037109],[19.875195,-6.986328],[20.482227,-6.91582],[20.59873,-6.935156],[20.536914,-7.121777],[20.607813,-7.277734],[21.190332,-7.284961],[21.751074,-7.305469],[21.841602,-7.420996],[21.780078,-7.86543],[21.800879,-8.111914],[21.895898,-8.341113],[21.905371,-8.693359],[21.829492,-9.168457],[21.813184,-9.46875],[21.948633,-9.725586],[22.08916,-9.862793],[22.197754,-10.040625],[22.302441,-10.39668],[22.280469,-10.783984],[22.17793,-10.892285],[22.226172,-11.121973],[22.278809,-11.194141],[22.561035,-11.055859],[22.814746,-11.080273],[23.156738,-11.074805],[23.400195,-10.976465],[23.833887,-11.013672],[23.966504,-10.871777]]]]},"properties":{"name":"Angola"},"id":"AO"},
    {"type":"Feature","geometry":{"type":"Polygon","coordinates":[[[25.258789,-17.793555],[25.224023,-17.915234],[25.384375,-18.141992],[25.489258,-18.35127],[25.76123,-18.649219],[25.811914,-18.79707],[25.939355,-18.938672],[25.950684,-19.081738],[26.168066,-19.538281],[26.241016,-19.569336],[26.678223,-19.892773],[27.091797,-20.054199],[27.221484,-20.145801],[27.280762,-20.478711],[27.624609,-20.483594],[27.699609,-20.530664],[27.704297,-20.766406],[27.669434,-21.064258],[27.844141,-21.261523],[27.974609,-21.506738],[28.045605,-21.573047],[28.532031,-21.65127],[29.037305,-21.811328],[29.01582,-21.939941],[29.106836,-22.065723],[29.237207,-22.079492],[29.364844,-22.193945],[29.129883,-22.213281],[29.013477,-22.278418],[28.839844,-22.480859],[28.542871,-22.572949],[28.381738,-22.593359],[28.210156,-22.693652],[28.02793,-22.87373],[27.890527,-23.073926],[27.716797,-23.219629],[27.592676,-23.252637],[27.49873,-23.368359],[27.399219,-23.383594],[27.146387,-23.524414],[26.987012,-23.70459],[26.835059,-24.24082],[26.617773,-24.395508],[26.397168,-24.613574],[25.912109,-24.747461],[25.852441,-24.935254],[25.583789,-25.60625],[25.443652,-25.714453],[25.213379,-25.75625],[24.998926,-25.754004],[24.748145,-25.817383],[24.330566,-25.742871],[24.192969,-25.63291],[23.89375,-25.600879],[23.521484,-25.344434],[23.266016,-25.266602],[23.02207,-25.324121],[22.878809,-25.45791],[22.640234,-26.071191],[22.548633,-26.178418],[22.217578,-26.388867],[22.090918,-26.580176],[21.833203,-26.67832],[21.646289,-26.854199],[21.45498,-26.832812],[21.070996,-26.851758],[20.870898,-26.808789],[20.739844,-26.848828],[20.641406,-26.742188],[20.626758,-26.443848],[20.815039,-26.164941],[20.793164,-25.915625],[20.609277,-25.491211],[20.473145,-25.221289],[20.345215,-25.029883],[19.980469,-24.776758],[19.979297,-23.675781],[19.978516,-23.102539],[19.977344,-22.000195],[20.970996,-22.000195],[20.979492,-21.961914],[20.978125,-20.968164],[20.976172,-19.744336],[20.974121,-18.318848],[21.23252,-18.306836],[22.011426,-18.198633],[23.099902,-18.00957],[23.298633,-18.027344],[23.459766,-18.231055],[23.580566,-18.45293],[23.700488,-18.424316],[23.89834,-18.229199],[24.129297,-18.077539],[24.358984,-17.978223],[24.530566,-18.052734],[24.792188,-17.864648],[24.909082,-17.821387],[25.258789,-17.793555]]]},"properties":{"name":"Botswana"},"id":"BW"},
    {"type":"Feature","geometry":{"type":"Polygon","coordinates":[[[31.287891,-22.402051],[31.073438,-22.307813],[30.711621,-22.297852],[30.460156,-22.329004],[30.19043,-22.291113],[29.902344,-22.18418],[29.663086,-22.146289],[29.364844,-22.193945],[29.237207,-22.079492],[29.106836,-22.065723],[29.01582,-21.939941],[29.037305,-21.811328],[28.532031,-21.65127],[28.045605,-21.573047],[27.974609,-21.506738],[27.844141,-21.261523],[27.669434,-21.064258],[27.704297,-20.766406],[27.699609,-20.530664],[27.624609,-20.483594],[27.280762,-20.478711],[27.221484,-20.145801],[27.091797,-20.054199],[26.678223,-19.892773],[26.241016,-19.569336],[26.168066,-19.538281],[25.950684,-19.081738],[25.939355,-18.938672],[25.811914,-18.79707],[25.76123,-18.649219],[25.489258,-18.35127],[25.384375,-18.141992],[25.224023,-17.915234],[25.258789,-17.793555],[25.451758,-17.845117],[25.639648,-17.824121],[25.863281,-17.951953],[25.995898,-17.969824],[26.139551,-17.911719],[26.333398,-17.929297],[26.577539,-18.022559],[26.779883,-18.041504],[27.020801,-17.958398],[27.437891,-17.511914],[27.636719,-17.262109],[27.756543,-17.060352],[27.932227,-16.896191],[28.399805,-16.662793],[28.760645,-16.531934],[28.832715,-16.424121],[28.856738,-16.142285],[28.913086,-15.987793],[29.287891,-15.776465],[29.487305,-15.696777],[29.72959,-15.644629],[30.396094,-15.643066],[30.437793,-15.995313],[31.23623,-16.023633],[31.489844,-16.179688],[31.687598,-16.21416],[31.939844,-16.428809],[32.243262,-16.44873],[32.63584,-16.589453],[32.741797,-16.677637],[32.948047,-16.712305],[32.87627,-16.883594],[32.884375,-17.037793],[32.969336,-17.251562],[32.980762,-17.4375],[32.954687,-17.76543],[32.955566,-18.08291],[32.993066,-18.35957],[32.854492,-18.763672],[32.721973,-18.828418],[32.716504,-19.001855],[32.849805,-19.104395],[32.777637,-19.38877],[32.830762,-19.558203],[33.006738,-19.873828],[32.992773,-19.984863],[32.869629,-20.217188],[32.672559,-20.516113],[32.529297,-20.613086],[32.477637,-20.712988],[32.476172,-20.950098],[32.353613,-21.136523],[32.371094,-21.334863],[31.429492,-22.298828],[31.287891,-22.402051]]]},"properties":{"name":"Zimbabwe"},"id":"ZW"},
    {"type":"Feature","geometry":{"type":"Polygon","coordinates":[[[23.980273,19.496631],[23.981445,18.158496],[23.982227,17.266357],[23.983398,15.780176],[23.945996,15.703516],[23.708203,15.744971],[23.243457,15.697217],[23.105176,15.702539],[22.933887,15.533105],[22.969531,15.311328],[22.932324,15.162109],[22.763281,14.998682],[22.679199,14.851465],[22.670898,14.722461],[22.467773,14.63335],[22.381543,14.550488],[22.509961,14.127441],[22.173145,13.910596],[22.107617,13.730322],[22.202344,13.538086],[22.228125,13.32959],[22.158008,13.215039],[21.990234,13.113086],[21.907715,13.000977],[21.825293,12.790527],[21.878125,12.699365],[22.000684,12.671875],[22.233398,12.709473],[22.352344,12.660449],[22.489844,12.044727],[22.580957,11.990137],[22.556348,11.669531],[22.641016,11.515918],[22.922656,11.344873],[22.937695,11.192041],[22.860059,10.919678],[22.493848,10.99624],[22.043164,10.822705],[21.964844,10.73667],[21.706543,10.574805],[21.725781,10.366553],[21.632715,10.238281],[21.528027,10.207812],[21.395996,10.001367],[21.263867,9.974609],[21.009473,9.713232],[20.98418,9.636279],[20.773242,9.405664],[20.34209,9.1271],[20.072656,9.133203],[19.953516,9.075146],[19.668359,9.020898],[19.145508,9.015967],[18.888281,8.889746],[18.886035,8.836035],[19.108691,8.656152],[18.906445,8.405078],[18.633594,8.167725],[18.591602,8.060791],[18.455078,8.032031],[17.76084,7.973828],[17.649414,7.983594],[17.246973,7.812988],[17.117969,7.701904],[16.890332,7.633691],[16.784766,7.550977],[16.588965,7.743359],[16.523242,7.859961],[16.378906,7.683545],[16.030664,7.572119],[15.84502,7.475293],[15.480078,7.523779],[15.552637,7.664502],[15.549805,7.787891],[15.442969,7.851855],[15.252344,8.322363],[15.116211,8.557324],[14.860742,8.798633],[14.732813,8.865674],[14.332324,9.203516],[14.00498,9.588721],[13.977246,9.691553],[14.139746,9.901807],[14.243262,9.979736],[14.377246,9.985059],[14.83584,9.941699],[15.193164,9.981494],[15.540918,9.960303],[15.531934,10.088477],[15.276074,10.357373],[15.200977,10.484521],[15.068652,10.851074],[15.029883,11.113672],[15.055469,11.368555],[15.121973,11.54126],[15.078027,11.642578],[15.08125,11.845508],[14.880664,12.269385],[14.84707,12.5021],[14.76123,12.655615],[14.544727,12.820215],[14.516211,12.979736],[14.244824,13.077344],[14.063965,13.078516],[13.606348,13.70459],[13.448242,14.380664],[13.642383,14.630762],[13.807129,14.966113],[14.367969,15.750146],[14.74668,16.146631],[15.474316,16.908398],[15.561523,17.937256],[15.637598,18.81084],[15.735059,19.904053],[15.948828,20.303174],[15.929297,20.399854],[15.587109,20.733301],[15.540332,20.874902],[15.607324,20.954395],[15.293652,21.411523],[15.181836,21.523389],[15.172266,21.92207],[14.979004,22.996191],[15.984082,23.445215],[16.794141,23.045264],[18.231348,22.335547],[19.668555,21.62583],[20.626758,21.152637],[21.584961,20.679492],[23.022168,19.969775],[23.980273,19.496631]]]},"properties":{"name":"Chad"},"id":"TD"},
    {"type":"Feature","geometry":{"type":"Polygon","coordinates":[[[8.576563,36.937207],[8.60127,36.833936],[8.444238,36.760742],[8.369629,36.63252],[8.230762,36.545264],[8.34873,36.367969],[8.245703,35.870557],[8.318066,35.654932],[8.316406,35.403125],[8.394238,35.203857],[8.276855,34.979492],[8.245605,34.734082],[8.123438,34.563916],[7.838281,34.410303],[7.748535,34.254492],[7.513867,34.080518],[7.500195,33.832471],[7.762695,33.233105],[8.075586,33.089062],[8.210938,32.926709],[8.333398,32.543604],[9.044043,32.072363],[9.363281,30.83291],[9.51875,30.229395],[9.310254,30.115234],[9.546191,29.795947],[9.672656,29.566992],[9.820703,29.114795],[9.842578,28.966992],[9.815625,28.560205],[9.858203,28.043311],[9.916016,27.785693],[9.747559,27.330859],[9.837109,26.91582],[9.894434,26.847949],[9.859375,26.551953],[9.491406,26.33374],[9.437891,26.245508],[9.448242,26.067139],[10.000684,25.33208],[10.028125,25.051025],[10.119531,24.790234],[10.255859,24.591016],[10.438965,24.480225],[10.686133,24.551367],[11.507617,24.314355],[11.536914,24.29082],[11.967871,23.517871],[10.932227,22.907275],[10.414355,22.602002],[9.378711,21.991406],[8.343066,21.380859],[7.481738,20.873096],[6.989355,20.470508],[5.836621,19.47915],[5.74834,19.434229],[4.227637,19.142773],[3.400879,18.988428],[3.255957,19.013281],[3.106055,19.150098],[3.255859,19.410937],[3.20166,19.5604],[3.203711,19.789697],[2.865723,19.955957],[2.406152,20.063867],[2.219336,20.247803],[1.928809,20.272705],[1.685449,20.378369],[1.610645,20.555566],[1.290234,20.713574],[1.165723,20.817432],[1.145508,21.102246],[0.344434,21.625977],[-0.310547,22.054199],[-1.292969,22.696533],[-2.275391,23.338867],[-3.257861,23.98125],[-3.912793,24.409473],[-4.822607,24.995605],[-5.516943,25.423779],[-6.238672,25.848193],[-7.366992,26.511768],[-8.68335,27.285937],[-8.68335,27.656445],[-8.68335,28.620752],[-8.659912,28.718604],[-8.265186,28.980518],[-7.998926,29.132422],[-7.685156,29.349512],[-7.485742,29.392236],[-7.234912,29.574902],[-7.094922,29.625195],[-6.635352,29.568799],[-6.520557,29.659863],[-6.500879,29.809131],[-6.214795,29.810693],[-5.775,29.869043],[-5.448779,29.956934],[-5.180127,30.166162],[-4.968262,30.465381],[-4.778516,30.552393],[-4.322852,30.698877],[-3.985352,30.913525],[-3.702002,30.944482],[-3.67251,31.111377],[-3.833398,31.197803],[-3.78916,31.361816],[-3.826758,31.661914],[-3.700244,31.700098],[-3.439795,31.704541],[-3.017383,31.834277],[-2.930859,32.042529],[-2.863428,32.074707],[-2.448389,32.12998],[-1.275342,32.089014],[-1.240332,32.337598],[-1.065527,32.468311],[-1.111035,32.552295],[-1.352148,32.703369],[-1.51001,32.877637],[-1.550732,33.073584],[-1.679199,33.318652],[-1.63125,33.566748],[-1.702979,33.716846],[-1.706934,34.176074],[-1.791797,34.36792],[-1.733301,34.467041],[-1.849658,34.607324],[-1.795605,34.751904],[-2.131787,34.97085],[-2.219629,35.104199],[-1.913281,35.094238],[-1.673633,35.183105],[-1.33584,35.364258],[-1.205371,35.495752],[-0.91748,35.668408],[-0.426123,35.861523],[-0.18916,35.819092],[0.047949,35.900537],[0.15166,36.063135],[0.514941,36.261816],[0.97168,36.443945],[1.257227,36.51958],[1.974512,36.567578],[2.342871,36.610303],[2.593359,36.600684],[2.972852,36.784473],[3.520508,36.795117],[3.779004,36.896191],[4.758105,36.896338],[4.99541,36.808057],[5.195605,36.676807],[5.424609,36.675439],[5.725488,36.799609],[6.064746,36.864258],[6.249121,36.93833],[6.327832,37.046045],[6.486523,37.085742],[6.575879,37.003027],[6.927539,36.919434],[7.238477,36.968506],[7.204297,37.092383],[7.607715,36.999756],[7.910449,36.856348],[8.127148,36.910352],[8.576563,36.937207]]]},"properties":{"name":"Algeria"},"id":"DZ"},
    {"type":"Feature","geometry":{"type":"Polygon","coordinates":[[[31.287891,-22.402051],[31.429492,-22.298828],[32.371094,-21.334863],[32.353613,-21.136523],[32.476172,-20.950098],[32.477637,-20.712988],[32.529297,-20.613086],[32.672559,-20.516113],[32.869629,-20.217188],[32.992773,-19.984863],[33.006738,-19.873828],[32.830762,-19.558203],[32.777637,-19.38877],[32.849805,-19.104395],[32.716504,-19.001855],[32.721973,-18.828418],[32.854492,-18.763672],[32.993066,-18.35957],[32.955566,-18.08291],[32.954687,-17.76543],[32.980762,-17.4375],[32.969336,-17.251562],[32.884375,-17.037793],[32.87627,-16.883594],[32.948047,-16.712305],[32.741797,-16.677637],[32.63584,-16.589453],[32.243262,-16.44873],[31.939844,-16.428809],[31.687598,-16.21416],[31.489844,-16.179688],[31.23623,-16.023633],[30.437793,-15.995313],[30.396094,-15.643066],[30.350586,-15.349707],[30.252148,-15.183203],[30.231836,-14.990332],[30.67334,-14.819141],[31.537891,-14.577148],[31.728906,-14.496094],[32.272852,-14.323047],[33.201758,-14.013379],[33.389941,-14.289453],[33.636426,-14.568164],[33.696094,-14.530273],[34.33252,-14.408594],[34.505273,-14.598145],[34.551172,-14.922363],[34.54082,-15.297266],[34.434961,-15.477148],[34.358008,-15.705273],[34.248242,-15.8875],[34.375977,-16.02373],[34.395508,-16.199219],[34.933398,-16.760352],[35.112109,-16.898535],[35.043945,-17.016895],[35.124609,-17.127246],[35.29043,-17.096973],[35.281152,-16.807813],[35.167188,-16.560254],[35.291504,-16.247168],[35.358496,-16.160547],[35.599316,-16.125879],[35.755273,-16.058301],[35.791211,-15.958691],[35.830273,-15.418945],[35.805371,-15.265625],[35.866699,-14.86377],[35.847168,-14.670898],[35.247461,-13.896875],[35.013867,-13.643457],[34.850488,-13.516016],[34.661621,-13.486719],[34.563672,-13.360156],[34.48291,-12.666797],[34.36084,-12.210547],[34.375977,-12.120215],[34.553906,-11.834082],[34.65957,-11.588672],[34.959473,-11.578125],[35.630957,-11.582031],[35.785449,-11.45293],[35.911328,-11.454688],[36.082227,-11.537305],[36.191309,-11.670703],[36.518652,-11.716211],[36.673828,-11.684277],[36.771094,-11.610352],[36.978906,-11.566992],[37.218359,-11.686523],[37.372852,-11.710449],[37.541699,-11.675098],[37.724805,-11.580664],[37.829297,-11.481934],[37.920215,-11.294727],[38.176563,-11.278711],[38.315137,-11.311133],[38.491797,-11.413281],[38.794727,-11.228906],[38.9875,-11.167285],[39.170996,-11.166895],[39.321582,-11.122559],[39.563477,-10.978516],[39.81709,-10.912402],[39.988672,-10.820801],[40.463574,-10.464355],[40.611719,-10.661523],[40.486621,-10.765137],[40.597168,-10.830664],[40.516113,-10.92959],[40.544531,-11.065625],[40.402832,-11.332031],[40.465137,-11.449414],[40.433105,-11.657324],[40.531543,-12.00459],[40.501465,-12.119434],[40.523145,-12.392773],[40.580859,-12.635547],[40.55332,-12.824609],[40.447656,-12.904785],[40.56875,-12.984668],[40.58291,-13.374023],[40.545117,-13.462891],[40.590527,-13.84502],[40.602539,-14.167383],[40.715625,-14.214453],[40.639941,-14.390039],[40.818164,-14.467578],[40.835156,-14.791504],[40.700684,-14.929785],[40.694336,-15.065234],[40.617773,-15.115527],[40.650977,-15.260938],[40.558984,-15.473437],[40.108789,-15.979297],[40.099219,-16.065332],[39.983594,-16.225488],[39.790918,-16.294531],[39.844629,-16.435645],[39.625391,-16.579395],[39.242285,-16.792578],[39.084375,-16.972852],[38.884766,-17.041602],[38.633301,-17.07832],[38.144922,-17.242773],[38.048242,-17.321387],[37.839453,-17.393164],[37.512305,-17.570703],[37.244531,-17.739941],[36.939355,-17.993457],[36.899609,-18.129004],[36.756152,-18.307324],[36.540137,-18.518164],[36.403711,-18.769727],[36.235645,-18.861328],[36.125,-18.842383],[35.853711,-18.993359],[35.65127,-19.163867],[35.365332,-19.493945],[34.947852,-19.812695],[34.755762,-19.821973],[34.75,-20.09082],[34.698145,-20.404395],[34.764746,-20.561914],[34.982324,-20.80625],[35.117578,-21.195215],[35.128027,-21.395312],[35.267676,-21.650977],[35.329297,-22.037402],[35.315723,-22.396875],[35.407812,-22.402539],[35.418848,-22.177637],[35.49375,-22.124707],[35.541992,-22.376562],[35.490234,-22.657715],[35.575391,-22.963086],[35.494434,-23.185156],[35.37041,-23.798242],[35.541992,-23.824414],[35.438086,-24.171191],[35.155957,-24.541406],[34.99209,-24.650586],[34.607324,-24.821289],[33.836035,-25.067969],[33.347461,-25.260938],[32.961133,-25.49043],[32.792188,-25.644336],[32.722559,-25.820898],[32.59043,-26.004102],[32.703516,-26.158496],[32.848828,-26.268066],[32.933594,-26.252344],[32.886133,-26.849316],[32.353516,-26.861621],[32.112891,-26.839453],[32.105957,-26.52002],[32.041406,-26.28125],[32.060547,-26.018359],[31.948242,-25.957617],[31.920313,-25.773926],[31.98457,-25.631934],[31.98584,-24.460645],[31.799609,-23.892187],[31.545605,-23.482324],[31.531738,-23.279492],[31.419336,-22.825098],[31.287891,-22.402051]]]},"properties":{"name":"Mozambique"},"id":"MZ"},
    {"type":"Feature","geometry":{"type":"Polygon","coordinates":[[[31.948242,-25.957617],[32.060547,-26.018359],[32.041406,-26.28125],[32.105957,-26.52002],[32.112891,-26.839453],[31.994727,-26.81748],[31.946094,-27.173633],[31.958398,-27.305859],[31.469531,-27.295508],[31.274023,-27.238379],[31.063379,-27.112305],[30.883301,-26.792383],[30.794336,-26.764258],[30.80332,-26.413477],[31.207324,-25.843359],[31.415137,-25.746582],[31.871484,-25.981641],[31.948242,-25.957617]]]},"properties":{"name":"Eswatini"},"id":"SZ"},
    {"type":"Feature","geometry":{"type":"Polygon","coordinates":[[[30.553613,-2.400098],[30.424219,-2.641602],[30.424023,-2.824023],[30.515039,-2.917578],[30.780273,-2.984863],[30.790234,-3.274609],[30.681836,-3.309375],[30.631934,-3.418652],[30.425,-3.588867],[30.379102,-3.730762],[30.268555,-3.850488],[30.147168,-4.085352],[29.947266,-4.307324],[29.717773,-4.455859],[29.403223,-4.449316],[29.331348,-4.09541],[29.223242,-3.91084],[29.210059,-3.363281],[29.224414,-3.053516],[29.016602,-2.799609],[29.014355,-2.720215],[29.063184,-2.602539],[29.29707,-2.673047],[29.390234,-2.808594],[29.698047,-2.794727],[29.868164,-2.716406],[29.930176,-2.339551],[30.142285,-2.413965],[30.233789,-2.34707],[30.408496,-2.312988],[30.553613,-2.400098]]]},"properties":{"name":"Burundi"},"id":"BI"},
    {"type":"Feature","geometry":{"type":"Polygon","coordinates":[[[29.576953,-1.387891],[29.825391,-1.335547],[29.881641,-1.451758],[30.101562,-1.368652],[30.360254,-1.074609],[30.509961,-1.067285],[30.470215,-1.131152],[30.631934,-1.36748],[30.710742,-1.396777],[30.812598,-1.563086],[30.819141,-1.96748],[30.876562,-2.143359],[30.828711,-2.338477],[30.553613,-2.400098],[30.408496,-2.312988],[30.233789,-2.34707],[30.142285,-2.413965],[29.930176,-2.339551],[29.868164,-2.716406],[29.698047,-2.794727],[29.390234,-2.808594],[29.29707,-2.673047],[29.063184,-2.602539],[29.014355,-2.720215],[28.921777,-2.682031],[28.876367,-2.400293],[29.106445,-2.233203],[29.148047,-2.131836],[29.129395,-1.860254],[29.196582,-1.719922],[29.35166,-1.517578],[29.576953,-1.387891]]]},"properties":{"name":"Rwanda"},"id":"RW"},
    {"type":"Feature","geometry":{"type":"Polygon","coordinates":[[[33.903223,-1.002051],[32.905176,-1.002051],[31.483105,-1.002051],[30.741992,-1.00752],[30.509961,-1.067285],[30.360254,-1.074609],[30.101562,-1.368652],[29.881641,-1.451758],[29.825391,-1.335547],[29.576953,-1.387891],[29.561914,-0.977344],[29.647852,-0.535254],[29.633203,-0.441699],[29.717676,0.09834],[29.777832,0.166357],[29.934473,0.499023],[29.942871,0.819238],[30.18291,0.973486],[30.321094,1.185303],[30.477832,1.238818],[30.942578,1.682813],[31.252734,2.04458],[31.274023,2.146289],[31.176367,2.270068],[31.082129,2.288086],[30.961914,2.403271],[30.728613,2.455371],[30.769531,2.677979],[30.84668,2.847021],[30.754004,3.041797],[30.827832,3.282617],[30.906445,3.408936],[30.838574,3.490723],[30.929395,3.634082],[31.152344,3.785596],[31.47998,3.680469],[31.628906,3.701465],[31.798047,3.802637],[31.941797,3.607568],[32.099414,3.529199],[32.335742,3.706201],[32.838086,3.798486],[32.997266,3.880176],[33.154102,3.774707],[33.489355,3.755078],[33.568457,3.811719],[33.976074,4.220215],[34.165039,3.812988],[34.392871,3.691504],[34.441797,3.60625],[34.399414,3.412695],[34.447852,3.163477],[34.522559,3.119971],[34.58916,2.924756],[34.74248,2.818115],[34.883008,2.41792],[34.964063,2.062402],[34.965234,1.643359],[34.783594,1.381152],[34.787598,1.230713],[34.649121,1.185303],[34.481738,1.042139],[34.41084,0.867285],[34.272559,0.686426],[34.160938,0.605176],[34.037207,0.294531],[33.943164,0.173779],[33.921484,-0.016992],[33.924414,-0.397852],[33.903223,-1.002051]]]},"properties":{"name":"Uganda"},"id":"UG"},
    {"type":"Feature","geometry":{"type":"Polygon","coordinates":[[[28.736914,-30.101953],[28.39209,-30.147559],[28.139063,-30.449902],[28.018164,-30.642285],[27.753125,-30.6],[27.491992,-30.363965],[27.388477,-30.315918],[27.355371,-30.158594],[27.130469,-29.840234],[27.051758,-29.664062],[27.294531,-29.519336],[27.527148,-29.236133],[27.735547,-28.940039],[27.959863,-28.87334],[28.232617,-28.70127],[28.625781,-28.581738],[28.953711,-28.881445],[29.301367,-29.089844],[29.390723,-29.269727],[29.293555,-29.566895],[29.142187,-29.700977],[29.098047,-29.919043],[28.736914,-30.101953]]]},"properties":{"name":"Lesotho"},"id":"LS"},
    {"type":"Feature","geometry":{"type":"Polygon","coordinates":[[[8.555859,4.755225],[8.800977,5.197461],[8.935059,5.781006],[9.060156,6.009082],[9.37334,6.319629],[9.659961,6.531982],[9.779883,6.760156],[10.143555,6.996436],[10.205469,6.891602],[10.482324,6.89126],[10.60625,7.063086],[10.737598,6.988281],[11.03252,6.6979],[11.079688,6.505518],[11.15332,6.437939],[11.324609,6.484668],[11.55166,6.697266],[11.580078,6.888867],[11.861426,7.116406],[11.767383,7.272266],[12.016016,7.589746],[12.025195,7.727783],[12.155957,7.94248],[12.233398,8.282324],[12.403516,8.595557],[12.582715,8.624121],[12.731152,8.745654],[12.806543,8.886621],[12.875684,9.303516],[12.929492,9.42627],[13.175488,9.539648],[13.221191,9.645166],[13.269922,10.036182],[13.414551,10.171436],[13.535352,10.605078],[13.89209,11.140088],[14.056738,11.24502],[14.202344,11.268164],[14.559766,11.492285],[14.561816,11.728711],[14.627148,12.108691],[14.518945,12.298242],[14.197461,12.383789],[14.063965,13.078516],[14.244824,13.077344],[14.516211,12.979736],[14.544727,12.820215],[14.76123,12.655615],[14.84707,12.5021],[14.880664,12.269385],[15.08125,11.845508],[15.078027,11.642578],[15.121973,11.54126],[15.055469,11.368555],[15.029883,11.113672],[15.068652,10.851074],[15.200977,10.484521],[15.276074,10.357373],[15.531934,10.088477],[15.540918,9.960303],[15.193164,9.981494],[14.83584,9.941699],[14.377246,9.985059],[14.243262,9.979736],[14.139746,9.901807],[13.977246,9.691553],[14.00498,9.588721],[14.332324,9.203516],[14.732813,8.865674],[14.860742,8.798633],[15.116211,8.557324],[15.252344,8.322363],[15.442969,7.851855],[15.549805,7.787891],[15.552637,7.664502],[15.480078,7.523779],[15.379102,7.358154],[15.245898,7.263574],[15.03457,6.784424],[14.861914,6.555713],[14.739258,6.279785],[14.512109,6.161914],[14.431152,6.038721],[14.503125,5.916895],[14.616895,5.865137],[14.616895,5.495508],[14.562988,5.279932],[14.640625,5.179053],[14.708984,4.665576],[14.77041,4.558105],[15.022754,4.358545],[15.136914,4.069141],[15.034863,4.016357],[15.128711,3.826904],[15.458398,3.456836],[15.775,3.127197],[15.904883,3.09585],[16.063477,2.908594],[16.106738,2.473486],[16.183398,2.270068],[16.080078,2.106787],[16.136133,1.724219],[16.059375,1.676221],[15.741602,1.91499],[15.600293,1.950391],[15.33877,1.944727],[15.203516,2.024463],[14.902441,2.012305],[14.578906,2.199121],[14.484082,2.154736],[13.293555,2.161572],[13.220313,2.256445],[12.86748,2.246777],[12.361328,2.295996],[11.939746,2.285156],[11.348438,2.299707],[11.328711,2.167432],[9.979883,2.167773],[9.800781,2.304443],[9.885449,2.916553],[9.948438,3.079053],[9.876172,3.309766],[9.67207,3.537598],[9.556152,3.798047],[9.628125,3.87002],[9.600391,4.026904],[9.425293,3.922314],[9.000098,4.091602],[8.902832,4.435156],[8.918262,4.55376],[8.761914,4.580029],[8.65625,4.516357],[8.532813,4.605859],[8.555859,4.755225]]]},"properties":{"name":"Cameroon"},"id":"CM"},
    {"type":"Feature","geometry":{"type":"Polygon","coordinates":[[[13.293555,2.161572],[13.209473,1.92041],[13.162695,1.648096],[13.274121,1.241016],[13.851367,1.41875],[14.180859,1.370215],[14.239746,1.322559],[14.303027,1.12085],[14.386426,1.004443],[14.434473,0.811475],[14.324219,0.624219],[14.230957,0.551123],[14.0875,0.536572],[13.949609,0.353809],[13.88457,0.19082],[13.860059,-0.20332],[14.069434,-0.270117],[14.206738,-0.427344],[14.36377,-0.468555],[14.480566,-0.618359],[14.410645,-0.97207],[14.455566,-1.413184],[14.40293,-1.593359],[14.423242,-1.711523],[14.383984,-1.890039],[14.251465,-2.001465],[14.162891,-2.217578],[14.199805,-2.354199],[14.087402,-2.466895],[13.886914,-2.46543],[13.887695,-2.374512],[13.784375,-2.16377],[13.464941,-2.39541],[13.357324,-2.404785],[12.991992,-2.313379],[12.793555,-1.931836],[12.59043,-1.826855],[12.432129,-1.928906],[12.478516,-2.112012],[12.446387,-2.32998],[12.064453,-2.412598],[11.950293,-2.344824],[11.575195,-2.39707],[11.603418,-2.59541],[11.537793,-2.836719],[11.639063,-2.855371],[11.760156,-2.983105],[11.71543,-3.176953],[11.93418,-3.318555],[11.83291,-3.531445],[11.849121,-3.69668],[11.685742,-3.682031],[11.504297,-3.520313],[11.288281,-3.641113],[11.190039,-3.762012],[11.130176,-3.916309],[11.032031,-3.826465],[10.947266,-3.662109],[10.640723,-3.398047],[10.585449,-3.278027],[10.347656,-3.013086],[10.006152,-2.74834],[9.759473,-2.518555],[9.533203,-2.163867],[9.402246,-2.027637],[9.265625,-1.825098],[9.318848,-1.632031],[9.52334,-1.59834],[9.44834,-1.508887],[9.330664,-1.53457],[9.203809,-1.382422],[9.064648,-1.29834],[8.844238,-0.913574],[8.821387,-0.708398],[8.946387,-0.68877],[9.136523,-0.57334],[9.29668,-0.35127],[9.339063,-0.058252],[9.301855,0.288525],[9.411133,0.200439],[9.738379,0.084961],[9.77666,0.19248],[9.470117,0.361914],[9.32998,0.61084],[9.495313,0.664844],[9.617969,0.576514],[9.625879,0.779443],[9.59082,1.031982],[9.760547,1.074707],[9.906738,0.960107],[10.028516,1.004004],[11.335352,0.999707],[11.328711,2.167432],[11.348438,2.299707],[11.939746,2.285156],[12.361328,2.295996],[12.86748,2.246777],[13.220313,2.256445],[13.293555,2.161572]]]},"properties":{"name":"Gabon"},"id":"GA"},
    {"type":"Feature","geometry":{"type":"Polygon","coordinates":[[[13.606348,13.70459],[13.323828,13.67085],[13.193848,13.573047],[13.048438,13.534521],[12.654785,13.326562],[12.510156,13.194336],[12.463184,13.09375],[12.117969,13.09043],[11.990039,13.191797],[11.693359,13.297705],[11.411914,13.353613],[10.958887,13.371533],[10.475879,13.330225],[10.184668,13.270117],[9.929297,13.135254],[9.615918,12.810645],[9.201563,12.821484],[8.750586,12.908154],[8.456055,13.059668],[8.09502,13.291162],[7.788672,13.337891],[7.357813,13.107178],[7.173047,13.086328],[7.056738,13.000195],[6.937207,13.008203],[6.804297,13.107666],[6.626563,13.364258],[6.386328,13.603613],[5.491992,13.872852],[5.241895,13.757227],[4.82334,13.759766],[4.421387,13.64751],[4.147559,13.457715],[4.087402,13.055469],[3.947852,12.775049],[3.64668,12.52998],[3.618457,11.827734],[3.59541,11.696289],[3.449805,11.851953],[3.359961,11.880469],[3.149609,12.118066],[2.878125,12.367725],[2.805273,12.383838],[2.648438,12.296777],[2.366016,12.221924],[2.412695,11.999316],[2.38916,11.89707],[2.091406,12.277979],[2.068555,12.37915],[2.203809,12.412598],[2.211523,12.538428],[2.073828,12.713965],[1.956152,12.707422],[1.789844,12.613281],[1.564941,12.6354],[1.096777,13.001123],[0.987305,13.041895],[0.973047,13.170361],[1.017871,13.467871],[0.977734,13.551953],[0.747754,13.674512],[0.618164,13.703418],[0.429199,13.972119],[0.354883,14.139014],[0.38252,14.245801],[0.163867,14.497217],[0.21748,14.911475],[0.28623,14.980176],[0.718652,14.954883],[0.960059,14.986914],[1.300195,15.272266],[1.859375,15.301709],[3.001074,15.340967],[3.060156,15.427197],[3.504297,15.356348],[3.520508,15.483105],[3.876953,15.755273],[4.014844,16.192725],[4.121289,16.357715],[4.182129,16.581787],[4.20293,16.962695],[4.234668,16.996387],[4.231934,17.830518],[4.227637,19.142773],[5.74834,19.434229],[5.836621,19.47915],[6.989355,20.470508],[7.481738,20.873096],[8.343066,21.380859],[9.378711,21.991406],[10.414355,22.602002],[10.932227,22.907275],[11.967871,23.517871],[13.48125,23.180176],[13.598633,23.119531],[14.200684,22.62373],[14.230762,22.618457],[14.979004,22.996191],[15.172266,21.92207],[15.181836,21.523389],[15.293652,21.411523],[15.607324,20.954395],[15.540332,20.874902],[15.587109,20.733301],[15.929297,20.399854],[15.948828,20.303174],[15.735059,19.904053],[15.637598,18.81084],[15.561523,17.937256],[15.474316,16.908398],[14.74668,16.146631],[14.367969,15.750146],[13.807129,14.966113],[13.642383,14.630762],[13.448242,14.380664],[13.606348,13.70459]]]},"properties":{"name":"Niger"},"id":"NE"},
    {"type":"Feature","geometry":{"type":"Polygon","coordinates":[[[0.900488,10.993262],[0.48418,10.991992],[-0.068604,11.115625],[-0.299463,11.166895],[-0.491699,11.007617],[-0.648535,10.926758],[-0.701416,10.988965],[-1.04248,11.010059],[-1.232617,10.997217],[-1.536768,11.022656],[-1.599658,10.997656],[-2.75166,10.986377],[-2.829932,10.998389],[-2.907324,10.727979],[-2.914893,10.592334],[-2.786621,10.401904],[-2.783203,10.083105],[-2.750732,9.909668],[-2.765967,9.658057],[-2.69585,9.481348],[-2.816748,9.42583],[-2.988281,9.687354],[-3.223535,9.895459],[-3.581152,9.924316],[-3.877637,9.894922],[-4.267187,9.743262],[-4.332227,9.645703],[-4.526611,9.723486],[-4.62583,9.713574],[-4.969922,9.930078],[-5.099854,10.241602],[-5.262305,10.319678],[-5.382275,10.314014],[-5.523535,10.426025],[-5.45708,10.771387],[-5.490479,11.042383],[-5.299854,11.205957],[-5.229395,11.522461],[-5.290527,11.683301],[-5.288135,11.82793],[-5.105908,11.967529],[-4.797949,12.032129],[-4.586914,12.155029],[-4.428711,12.337598],[-4.421924,12.581592],[-4.480615,12.672217],[-4.2271,12.793701],[-4.225244,12.879492],[-4.328711,13.119043],[-4.051172,13.382422],[-3.853467,13.373535],[-3.575781,13.194189],[-3.469922,13.196387],[-3.301758,13.280762],[-3.270166,13.577441],[-3.198437,13.672852],[-3.038672,13.639111],[-2.91709,13.679492],[-2.873926,13.950732],[-2.778857,14.07373],[-2.586719,14.227588],[-2.457227,14.274121],[-2.113232,14.168457],[-2.057129,14.194629],[-1.973047,14.456543],[-1.767773,14.486035],[-1.493652,14.626074],[-1.049561,14.819531],[-0.760449,15.047754],[-0.536523,15.077881],[-0.40542,15.0125],[-0.235889,15.059424],[0.21748,14.911475],[0.163867,14.497217],[0.38252,14.245801],[0.354883,14.139014],[0.429199,13.972119],[0.618164,13.703418],[0.747754,13.674512],[0.977734,13.551953],[1.017871,13.467871],[0.973047,13.170361],[0.987305,13.041895],[1.096777,13.001123],[1.564941,12.6354],[1.789844,12.613281],[1.956152,12.707422],[2.073828,12.713965],[2.211523,12.538428],[2.203809,12.412598],[2.068555,12.37915],[2.091406,12.277979],[2.38916,11.89707],[2.287207,11.69126],[1.980371,11.418408],[1.857617,11.443359],[1.6,11.400635],[1.426758,11.447119],[1.317383,11.295264],[1.145801,11.251904],[1.062305,11.058203],[0.900488,10.993262]]]},"properties":{"name":"Burkina Faso"},"id":"BF"},
    {"type":"Feature","geometry":{"type":"Polygon","coordinates":[[[0.900488,10.993262],[0.7875,10.710254],[0.77998,10.35957],[1.330078,9.996973],[1.34707,9.567529],[1.424316,9.28501],[1.600195,9.050049],[1.624609,8.270996],[1.624707,6.997314],[1.577539,6.687402],[1.743164,6.42627],[1.77793,6.294629],[1.622656,6.216797],[1.310645,6.146875],[1.187207,6.089404],[0.984961,6.320312],[0.736914,6.452588],[0.525586,6.850928],[0.579492,7.004102],[0.634766,7.353662],[0.50957,7.435107],[0.5,7.546875],[0.605176,7.728223],[0.583594,8.145801],[0.688086,8.304248],[0.616211,8.479639],[0.415332,8.652734],[0.372559,8.759277],[0.48877,8.851465],[0.466113,9.115332],[0.529004,9.358301],[0.447559,9.480273],[0.261914,9.495605],[0.323926,9.687598],[0.362695,10.236475],[0.331836,10.306934],[-0.057715,10.630615],[-0.090186,10.715527],[0.009424,11.020996],[-0.068604,11.115625],[0.48418,10.991992],[0.900488,10.993262]]]},"properties":{"name":"Togo"},"id":"TG"},
    {"type":"Feature","geometry":{"type":"Polygon","coordinates":[[[-0.068604,11.115625],[0.009424,11.020996],[-0.090186,10.715527],[-0.057715,10.630615],[0.331836,10.306934],[0.362695,10.236475],[0.323926,9.687598],[0.261914,9.495605],[0.447559,9.480273],[0.529004,9.358301],[0.466113,9.115332],[0.48877,8.851465],[0.372559,8.759277],[0.415332,8.652734],[0.616211,8.479639],[0.688086,8.304248],[0.583594,8.145801],[0.605176,7.728223],[0.5,7.546875],[0.50957,7.435107],[0.634766,7.353662],[0.579492,7.004102],[0.525586,6.850928],[0.736914,6.452588],[0.984961,6.320312],[1.187207,6.089404],[1.050293,5.993994],[0.949707,5.810254],[0.748828,5.760107],[0.259668,5.757324],[-0.126514,5.568164],[-0.34873,5.500781],[-0.485449,5.394238],[-0.797705,5.226709],[-1.064307,5.182666],[-1.638477,4.980859],[-2.001855,4.762451],[-2.090186,4.764062],[-2.398926,4.929346],[-2.723047,5.013721],[-3.114014,5.088672],[-3.086719,5.12832],[-3.019141,5.130811],[-2.795215,5.184521],[-2.75498,5.43252],[-2.793652,5.600098],[-2.962256,5.643018],[-3.200586,6.348242],[-3.240283,6.535645],[-3.235791,6.807227],[-2.985791,7.204883],[-2.959082,7.454541],[-2.896338,7.68501],[-2.789746,7.931934],[-2.613379,8.04668],[-2.611719,8.147559],[-2.505859,8.20874],[-2.600391,8.800439],[-2.74668,9.109619],[-2.674219,9.282617],[-2.69585,9.481348],[-2.765967,9.658057],[-2.750732,9.909668],[-2.783203,10.083105],[-2.786621,10.401904],[-2.914893,10.592334],[-2.907324,10.727979],[-2.829932,10.998389],[-2.75166,10.986377],[-1.599658,10.997656],[-1.536768,11.022656],[-1.232617,10.997217],[-1.04248,11.010059],[-0.701416,10.988965],[-0.648535,10.926758],[-0.491699,11.007617],[-0.299463,11.166895],[-0.068604,11.115625]]]},"properties":{"name":"Ghana"},"id":"GH"},
    {"type":"Feature","geometry":{"type":"Polygon","coordinates":[[[-16.711816,12.354834],[-16.416309,12.367676],[-16.144189,12.457422],[-15.839551,12.437891],[-15.574805,12.490381],[-15.196094,12.679932],[-13.729248,12.673926],[-13.673535,12.478516],[-13.70791,12.312695],[-13.948877,12.178174],[-13.737988,12.009668],[-13.732764,11.736035],[-13.953223,11.6646],[-14.265576,11.659912],[-14.452441,11.556201],[-14.682959,11.508496],[-14.779297,11.405518],[-14.944434,11.072168],[-15.043018,10.940137],[-15.181055,11.034229],[-15.216699,11.15625],[-15.393115,11.217236],[-15.394531,11.334473],[-15.479492,11.410303],[-15.412988,11.615234],[-15.501904,11.723779],[-15.415723,11.871777],[-15.434766,11.943555],[-15.650684,11.818359],[-15.819385,11.763477],[-15.941748,11.786621],[-15.958789,11.959619],[-16.138428,11.917285],[-16.328076,12.051611],[-16.312305,12.243018],[-16.436816,12.20415],[-16.711816,12.354834]]]},"properties":{"name":"Guinea-Bissau"},"id":"GW"},
    {"type":"Feature","geometry":{"type":"Polygon","coordinates":[[[36.871387,21.996729],[35.887012,21.996533],[34.574609,21.996338],[33.918457,21.99624],[32.606055,21.995996],[31.434473,21.99585],[31.486133,22.147803],[31.358496,22.188623],[31.260645,22.002295],[30.328613,21.99502],[29.564551,21.995117],[28.036426,21.995361],[27.272461,21.995508],[26.126367,21.995654],[24.980273,21.99585],[24.980273,22.669531],[24.980273,23.567822],[24.980273,24.690625],[24.980273,26.037988],[24.980273,26.93623],[24.980273,27.609961],[24.980273,29.181885],[24.916113,29.37627],[24.803711,29.886035],[24.711621,30.131543],[24.726465,30.250586],[24.877539,30.45752],[24.973926,30.776563],[24.877539,31.06123],[24.852734,31.334814],[25.150488,31.65498],[25.225488,31.533789],[25.382227,31.512793],[25.893262,31.620898],[26.457324,31.512109],[27.248047,31.377881],[27.540039,31.212695],[27.82998,31.19502],[27.967578,31.097412],[28.514844,31.050439],[29.07207,30.830273],[29.278906,30.866943],[29.591602,31.011523],[29.929785,31.22749],[30.222656,31.258398],[30.395117,31.457617],[30.570996,31.472998],[30.700488,31.403857],[31.001758,31.462793],[31.051953,31.591553],[31.193945,31.587598],[31.524414,31.458252],[31.888965,31.541406],[31.875879,31.413721],[31.771094,31.292578],[32.008496,31.220508],[32.101758,31.092822],[32.206543,31.119043],[32.323535,31.256055],[32.60332,31.06875],[33.129883,31.168164],[33.194336,31.084521],[33.37793,31.130957],[33.666504,31.13042],[33.902539,31.180957],[34.198145,31.322607],[34.245313,31.208301],[34.489941,30.596289],[34.529688,30.446045],[34.658594,30.191455],[34.904297,29.477344],[34.736426,29.270605],[34.617188,28.75791],[34.446484,28.357324],[34.399707,28.016016],[34.220117,27.764307],[34.045117,27.828857],[33.760254,28.047656],[33.594141,28.255566],[33.416113,28.389844],[33.247754,28.567725],[33.203711,28.777783],[33.075781,29.073047],[32.870605,29.28623],[32.721484,29.521777],[32.647168,29.798437],[32.565723,29.973975],[32.359766,29.630664],[32.397266,29.533789],[32.565039,29.386328],[32.638086,29.182178],[32.631836,28.992236],[32.784473,28.786621],[32.898242,28.565234],[33.202148,28.208301],[33.54707,27.898145],[33.549805,27.607373],[33.697266,27.341113],[33.80166,27.268164],[33.893066,27.049463],[33.959082,26.649023],[34.049512,26.550732],[34.329297,26.024365],[34.565137,25.691162],[34.679297,25.442529],[34.853223,25.139795],[35.194141,24.475146],[35.477832,24.154785],[35.624707,24.066016],[35.504395,23.779297],[35.522754,23.442529],[35.564355,23.271094],[35.697852,22.946191],[35.913379,22.739648],[36.229688,22.628809],[36.414551,22.394189],[36.829687,22.097656],[36.871387,21.996729]]]},"properties":{"name":"Egypt"},"id":"EG"},
    {"type":"Feature","geometry":{"type":"Polygon","coordinates":[[[-12.280615,14.809033],[-12.408691,14.889014],[-12.543555,15.039014],[-12.659619,15.08208],[-12.858496,15.242529],[-12.862695,15.34043],[-12.994336,15.504883],[-13.079297,15.510449],[-13.258008,15.700391],[-13.297021,15.853857],[-13.409668,16.05918],[-13.555518,16.144043],[-13.868457,16.148145],[-13.975049,16.311133],[-14.300098,16.580273],[-14.53374,16.655957],[-15.112646,16.644922],[-15.210547,16.582617],[-15.37998,16.581982],[-15.620801,16.506592],[-15.958984,16.492139],[-16.168359,16.54707],[-16.302295,16.451318],[-16.441016,16.204541],[-16.535254,15.838379],[-16.535742,16.286816],[-16.463623,16.601514],[-16.34668,16.926416],[-16.207471,17.192578],[-16.078906,17.54585],[-16.030322,17.887939],[-16.084961,18.521191],[-16.213086,19.00332],[-16.305908,19.153809],[-16.514453,19.361963],[-16.283398,19.787158],[-16.210449,20.22793],[-16.33374,20.415869],[-16.429785,20.652344],[-16.53042,20.709521],[-16.62251,20.63418],[-16.876074,21.086133],[-16.998242,21.039697],[-17.048047,20.806152],[-17.063965,20.898828],[-16.964551,21.329248],[-15.919141,21.330469],[-15.231201,21.331299],[-13.855371,21.332959],[-13.016211,21.333936],[-13.094336,22.495996],[-13.166504,22.753223],[-13.031494,23.000244],[-12.62041,23.271338],[-12.3729,23.318018],[-12.023438,23.467578],[-12.016309,24.650977],[-12.016309,25.99541],[-11.307715,25.99541],[-10.376123,25.995459],[-9.258203,25.995508],[-8.682227,25.995508],[-8.68335,27.285937],[-7.366992,26.511768],[-6.238672,25.848193],[-5.516943,25.423779],[-4.822607,24.995605],[-5.959814,24.994971],[-6.594092,24.994629],[-6.482031,24.020801],[-6.368115,23.026123],[-6.197266,21.53418],[-6.083398,20.539502],[-5.997949,19.793506],[-5.884082,18.798877],[-5.741699,17.555566],[-5.628662,16.568652],[-5.359912,16.282861],[-5.5125,15.496289],[-6.335742,15.496191],[-7.559375,15.496143],[-8.17124,15.496143],[-9.176807,15.496094],[-9.447705,15.574854],[-9.446924,15.458203],[-9.941406,15.373779],[-10.411816,15.437939],[-10.696582,15.422656],[-10.895605,15.150488],[-11.169336,15.358643],[-11.455225,15.625391],[-11.502686,15.636816],[-11.760156,15.425537],[-11.82876,15.244873],[-11.872852,14.995166],[-11.940918,14.886914],[-12.104687,14.745361],[-12.280615,14.809033]]]},"properties":{"name":"Mauritania"},"id":"MR"},
    {"type":"Feature","geometry":{"type":"MultiPolygon","coordinates":[[[[8.735742,3.758301],[8.910059,3.758203],[8.946094,3.627539],[8.704004,3.223633],[8.474902,3.264648],[8.464648,3.450586],[8.577246,3.482373],[8.675879,3.735937],[8.735742,3.758301]]],[[[11.328711,2.167432],[11.335352,0.999707],[10.028516,1.004004],[9.906738,0.960107],[9.760547,1.074707],[9.59082,1.031982],[9.509863,1.114795],[9.385938,1.139258],[9.494238,1.435303],[9.632129,1.565527],[9.807031,1.92749],[9.779688,2.068213],[9.800781,2.304443],[9.979883,2.167773],[11.328711,2.167432]]]]},"properties":{"name":"Equatorial Guinea"},"id":"GQ"},
    {"type":"Feature","geometry":{"type":"Polygon","coordinates":[[[-16.562305,13.587305],[-16.30874,13.596875],[-15.509668,13.58623],[-15.426855,13.727002],[-15.10835,13.812109],[-14.935791,13.785205],[-14.766016,13.669092],[-14.57085,13.616162],[-14.405469,13.503711],[-13.977393,13.543457],[-13.852832,13.478564],[-13.84751,13.335303],[-14.246777,13.23584],[-14.438574,13.268896],[-14.671924,13.351709],[-15.151123,13.556494],[-15.28623,13.395996],[-15.814404,13.325146],[-15.834277,13.156445],[-16.648779,13.15415],[-16.76333,13.06416],[-16.824805,13.341064],[-16.669336,13.475],[-16.556445,13.303223],[-16.413379,13.269727],[-16.185059,13.282715],[-16.135449,13.448242],[-16.351807,13.343359],[-16.530078,13.457959],[-16.562305,13.587305]]]},"properties":{"name":"The Gambia"},"id":"GM"},
    {"type":"Feature","geometry":{"type":"MultiPolygon","coordinates":[[[[49.538281,-12.432129],[49.637793,-12.637109],[49.9375,-13.072266],[49.967188,-13.270215],[50.073438,-13.57793],[50.173828,-14.040234],[50.235352,-14.732031],[50.313477,-14.936816],[50.441309,-15.149316],[50.482715,-15.385645],[50.40459,-15.629102],[50.208984,-15.960449],[50.02041,-15.801758],[49.892578,-15.457715],[49.74375,-15.449512],[49.649902,-15.566992],[49.69707,-15.811426],[49.712793,-16.076758],[49.831055,-16.255859],[49.839063,-16.486523],[49.733984,-16.703027],[49.767187,-16.815137],[49.636914,-16.892871],[49.539551,-17.03291],[49.437109,-17.34668],[49.493652,-17.669531],[49.477832,-17.898535],[49.362891,-18.336328],[49.20332,-18.792285],[49.060059,-19.119629],[48.918066,-19.530469],[48.797461,-19.953223],[48.607031,-20.45752],[48.468555,-20.9],[48.350781,-21.349023],[48.175879,-21.843066],[47.908398,-22.46582],[47.858301,-22.747266],[47.739453,-23.233398],[47.604102,-23.633105],[47.558008,-23.874609],[47.372559,-24.218457],[47.272852,-24.564355],[47.177344,-24.787207],[47.034961,-24.979004],[46.728516,-25.149902],[46.386719,-25.172754],[46.158691,-25.230371],[45.508008,-25.563184],[45.205762,-25.570508],[45.115234,-25.543066],[44.812891,-25.33418],[44.345898,-25.226074],[44.256152,-25.116895],[44.035352,-24.995703],[43.851562,-24.538379],[43.6875,-24.35791],[43.656836,-24.108789],[43.646094,-23.741895],[43.722266,-23.529688],[43.569531,-23.080469],[43.397852,-22.886328],[43.32959,-22.691895],[43.264844,-22.383594],[43.266602,-22.049316],[43.342676,-21.79043],[43.437793,-21.64668],[43.501855,-21.356445],[43.800195,-21.179199],[43.911133,-20.86582],[44.239648,-20.379687],[44.348145,-20.145508],[44.404688,-19.92207],[44.448828,-19.428711],[44.23877,-19.075195],[44.233105,-18.740625],[44.108789,-18.503516],[44.040039,-18.288477],[43.993555,-17.690332],[43.943555,-17.581445],[43.979395,-17.391602],[44.421387,-16.702637],[44.427051,-16.289062],[44.476172,-16.217285],[44.90918,-16.174512],[45.166797,-15.982812],[45.342188,-16.036719],[45.598242,-15.992578],[45.700195,-15.81377],[46.331445,-15.713672],[46.475098,-15.513477],[46.882031,-15.22959],[46.993262,-15.243164],[47.032324,-15.422656],[47.133398,-15.361719],[47.092578,-15.150098],[47.280469,-14.942676],[47.351953,-14.766113],[47.496387,-14.818359],[47.524707,-14.992188],[47.811523,-14.544824],[47.77334,-14.369922],[47.995508,-13.960449],[47.901367,-13.858203],[47.895996,-13.730664],[48.039844,-13.596289],[48.255273,-13.719336],[48.405078,-13.537988],[48.621387,-13.425977],[48.796484,-13.26748],[48.910352,-12.93584],[48.894238,-12.72168],[48.786328,-12.470898],[48.899609,-12.458496],[49.207031,-12.07959],[49.312109,-12.123926],[49.363965,-12.236328],[49.538281,-12.432129]]],[[[48.342188,-13.363867],[48.211914,-13.385254],[48.191211,-13.259961],[48.308887,-13.198242],[48.342188,-13.363867]]]]},"properties":{"name":"Madagascar"},"id":"MG"},
    {"type":"Feature","geometry":{"type":"Polygon","coordinates":[[[43.46582,-11.90127],[43.30332,-11.844043],[43.22666,-11.751855],[43.256055,-11.432129],[43.392969,-11.408594],[43.379395,-11.61416],[43.491504,-11.862109],[43.46582,-11.90127]]]},"properties":{"name":"Comoros"},"id":"KM"},
    {"type":"Feature","geometry":{"type":"Polygon","coordinates":[[[6.659961,0.120654],[6.519727,0.066309],[6.468164,0.227344],[6.524316,0.340283],[6.686914,0.404395],[6.75,0.243457],[6.659961,0.120654]]]},"properties":{"name":"São Tomé and Príncipe"},"id":"ST"},
    {"type":"Feature","geometry":{"type":"MultiPolygon","coordinates":[[[[-25.169824,16.946484],[-25.308301,16.93584],[-25.337109,17.091016],[-25.113477,17.193652],[-24.979687,17.094727],[-25.169824,16.946484]]],[[[-23.444238,15.007959],[-23.504687,14.916113],[-23.705371,14.961328],[-23.78501,15.076904],[-23.700635,15.271631],[-23.535254,15.139258],[-23.444238,15.007959]]],[[[-22.917725,16.237256],[-22.749414,16.221533],[-22.710107,16.043359],[-22.820508,15.986035],[-22.959277,16.045117],[-22.917725,16.237256]]],[[[-24.308252,14.856299],[-24.492188,14.874219],[-24.496875,14.980273],[-24.329492,15.019482],[-24.308252,14.856299]]]]},"properties":{"name":"Cape Verde"},"id":"CV"},
    {"type":"Feature","geometry":{"type":"MultiPolygon","coordinates":[[[[9.480371,42.80542],[9.454199,42.658594],[9.526172,42.552637],[9.550684,42.129736],[9.400879,41.926221],[9.394824,41.731201],[9.186133,41.384912],[8.80752,41.588379],[8.886816,41.700684],[8.717969,41.761426],[8.74043,41.925146],[8.615137,41.959131],[8.700977,42.095605],[8.566211,42.218799],[8.713086,42.549756],[9.338379,42.766895],[9.330957,42.943799],[9.463281,42.981006],[9.480371,42.80542]]],[[[7.615625,47.592725],[7.42002,47.455176],[7.203125,47.432715],[7.053418,47.489355],[6.900391,47.394238],[7.000586,47.32251],[6.624805,47.004346],[6.45625,46.94834],[6.410156,46.75542],[6.160742,46.611035],[6.060254,46.428174],[6.086621,46.147021],[6.272949,46.252246],[6.234668,46.332617],[6.428906,46.430518],[6.758105,46.415771],[6.816797,46.275195],[6.77207,46.165137],[7.021094,45.925781],[6.804492,45.814551],[7.013672,45.500488],[7.153418,45.400928],[7.07832,45.239941],[6.842285,45.135645],[6.627734,45.117969],[6.738184,44.921387],[6.992676,44.827295],[7.030664,44.716699],[6.842969,44.510693],[6.967285,44.280029],[7.370898,44.127393],[7.637207,44.164844],[7.651465,44.033643],[7.482031,43.864893],[7.493164,43.767139],[7.438672,43.750439],[7.414453,43.770898],[7.377734,43.731738],[7.181445,43.659131],[6.864746,43.43833],[6.716602,43.373584],[6.657227,43.26167],[6.494043,43.169287],[6.115918,43.072363],[5.809473,43.0979],[5.671582,43.177832],[5.406543,43.228516],[5.320215,43.344922],[5.12041,43.348975],[5.059766,43.444531],[4.789062,43.378906],[4.628711,43.387109],[4.162793,43.503662],[4.052637,43.593066],[3.258887,43.193213],[3.051758,42.915137],[3.090918,42.590869],[3.211426,42.431152],[2.97002,42.467236],[2.567969,42.345801],[2.200391,42.420947],[2.032715,42.353516],[1.706055,42.50332],[1.709863,42.604443],[1.42832,42.595898],[1.349414,42.690674],[0.696875,42.845117],[0.631641,42.6896],[-0.041162,42.689111],[-0.299316,42.825342],[-0.586426,42.798975],[-0.762646,42.939795],[-0.933838,42.949512],[-1.285449,43.059619],[-1.42876,43.036768],[-1.410693,43.240088],[-1.753271,43.324707],[-1.794043,43.407324],[-1.631445,43.438037],[-1.484863,43.56377],[-1.345996,44.020215],[-1.245508,44.559863],[-1.189062,45.161475],[-1.081006,45.532422],[-1.169971,45.685938],[-1.066016,45.805664],[-1.146289,46.311377],[-1.39248,46.350098],[-1.786523,46.514844],[-2.059375,46.810303],[-2.018896,47.037646],[-2.19707,47.162939],[-2.108301,47.262939],[-2.503125,47.312061],[-2.427686,47.470898],[-2.554053,47.527051],[-2.770312,47.513867],[-3.158838,47.694678],[-3.900928,47.837549],[-4.312109,47.8229],[-4.427979,47.968945],[-4.629199,48.085791],[-4.377832,48.128809],[-4.512207,48.229736],[-4.393164,48.367627],[-4.719385,48.363135],[-4.720752,48.539893],[-4.531201,48.619971],[-4.058887,48.70752],[-3.714795,48.710498],[-3.471484,48.812939],[-3.231445,48.84082],[-3.003223,48.790674],[-2.692334,48.536816],[-2.446191,48.648291],[-1.824707,48.630518],[-1.437646,48.641406],[-1.565479,48.805518],[-1.583105,49.202393],[-1.870068,49.595117],[-1.856445,49.683789],[-1.258643,49.680176],[-1.232275,49.494873],[-1.138525,49.387891],[-0.520898,49.354541],[-0.163477,49.296777],[0.277637,49.463281],[0.109375,49.55752],[0.186719,49.703027],[0.616211,49.862939],[0.924121,49.910205],[1.245508,49.998242],[1.407227,50.088525],[1.551563,50.293945],[1.579492,50.739258],[1.672266,50.88501],[1.9125,50.990625],[2.524902,51.097119],[2.596777,50.875928],[2.839746,50.711768],[3.106836,50.779443],[3.27334,50.531543],[3.626758,50.457324],[3.748047,50.343506],[4.044141,50.321338],[4.174609,50.246484],[4.176074,49.960254],[4.36875,49.944971],[4.656152,50.002441],[4.867578,49.788135],[5.278809,49.67793],[5.507324,49.510889],[5.789746,49.538281],[5.959473,49.454639],[6.242188,49.494336],[6.344336,49.452734],[6.458105,49.442871],[6.735449,49.160596],[6.891211,49.20752],[7.022168,49.123438],[7.450586,49.152197],[7.610938,49.061768],[8.134863,48.973584],[8.140332,48.886426],[7.837988,48.636035],[7.705664,48.280029],[7.58418,48.064307],[7.593262,47.905664],[7.529395,47.673877],[7.615625,47.592725]]],[[[45.180273,-12.976758],[45.069434,-12.895605],[45.134766,-12.70918],[45.223145,-12.752148],[45.180273,-12.976758]]],[[[55.797363,-21.339355],[55.557617,-21.358301],[55.362695,-21.273633],[55.232813,-21.058398],[55.311328,-20.904102],[55.450488,-20.865137],[55.661914,-20.90625],[55.839063,-21.138574],[55.797363,-21.339355]]],[[[-60.82627,14.494482],[-61.063721,14.46709],[-61.011328,14.601904],[-61.141113,14.652393],[-61.219727,14.804395],[-61.127393,14.875293],[-60.918652,14.735352],[-60.82627,14.494482]]],[[[-61.327148,16.23042],[-61.522168,16.228027],[-61.528906,16.433789],[-61.406445,16.468311],[-61.327148,16.23042]]],[[[-61.589551,16.006934],[-61.670459,15.962061],[-61.759424,16.062061],[-61.794092,16.300977],[-61.748047,16.355273],[-61.552344,16.270898],[-61.589551,16.006934]]],[[[-54.61626,2.326758],[-54.402002,2.461523],[-54.195508,2.817871],[-54.170703,2.993604],[-54.203125,3.138184],[-54.00957,3.448535],[-53.990479,3.589551],[-54.112793,3.769434],[-54.255518,3.901074],[-54.350732,4.054102],[-54.449609,4.48501],[-54.426074,4.583008],[-54.471143,4.749316],[-54.452197,5.013477],[-54.331641,5.187402],[-54.155957,5.358984],[-54.085303,5.411816],[-53.9896,5.676025],[-53.847168,5.782227],[-53.454443,5.563477],[-53.270361,5.543262],[-52.899316,5.425049],[-52.76499,5.273486],[-52.453955,5.021338],[-52.290527,4.942187],[-52.058105,4.717383],[-51.91958,4.524316],[-51.785645,4.570508],[-51.66582,4.228809],[-51.652539,4.061279],[-51.76709,3.992676],[-51.82749,3.86958],[-51.990625,3.702002],[-52.162598,3.364697],[-52.327881,3.181738],[-52.356641,3.051562],[-52.554688,2.647656],[-52.559473,2.573145],[-52.700635,2.363672],[-52.964844,2.183545],[-53.229785,2.204883],[-53.334424,2.339746],[-53.508984,2.253125],[-53.734717,2.308545],[-53.767773,2.354834],[-54.130078,2.121045],[-54.515088,2.245459],[-54.61626,2.326758]]]]},"properties":{"name":"France"},"id":"FR"},
    {"type":"Feature","geometry":{"type":"Polygon","coordinates":[[[38.214355,47.091455],[37.543359,47.074561],[37.339844,46.916895],[36.932031,46.825146],[36.794824,46.714404],[36.688672,46.764111],[36.432031,46.732568],[36.279492,46.658594],[36.024902,46.666797],[35.827148,46.624316],[35.400195,46.381396],[35.230371,46.440625],[35.064063,46.267236],[34.849609,46.189893],[34.857324,45.987354],[35.001674,45.733383],[34.799726,45.790752],[34.686878,45.97695],[34.449898,45.965666],[34.353978,46.061586],[34.02672,46.106725],[33.806667,46.208288],[33.659965,46.219573],[33.594141,46.09624],[33.429883,46.057617],[33.202246,46.175732],[32.941797,46.123779],[32.476758,46.083691],[32.035742,46.260986],[32.008496,46.42998],[32.361328,46.474951],[32.354102,46.564844],[32.127246,46.597217],[31.974316,46.708789],[31.77959,46.631641],[31.532129,46.664746],[31.320313,46.6125],[31.136816,46.624463],[30.796289,46.552002],[30.72168,46.366211],[30.511523,46.105371],[30.219043,45.866748],[29.60166,45.68252],[29.726953,45.343311],[29.705859,45.259912],[29.567676,45.370801],[29.223535,45.40293],[28.760742,45.234131],[28.45127,45.292187],[28.2125,45.450439],[28.471387,45.507178],[28.491602,45.665771],[28.729297,45.852002],[28.73877,45.937158],[28.947754,46.049951],[29.00625,46.176465],[28.927441,46.424121],[29.146289,46.526904],[29.837891,46.350537],[30.131055,46.423096],[29.924316,46.538867],[29.94248,46.723779],[29.877832,46.828906],[29.571973,46.964014],[29.515039,47.091113],[29.549316,47.246826],[29.159766,47.455664],[29.122949,47.530371],[29.210742,47.731543],[29.194824,47.882422],[28.97334,47.933008],[28.773828,48.11958],[28.326953,48.161426],[28.088477,48.257031],[27.82002,48.41626],[27.549219,48.477734],[27.228516,48.371436],[26.84707,48.387158],[26.618945,48.259863],[26.305664,48.20376],[26.162695,47.992529],[25.464258,47.910791],[24.893359,47.717773],[24.578906,47.931055],[24.177734,47.906055],[23.628711,47.99585],[23.408203,47.98999],[23.202637,48.084521],[22.87666,47.947266],[22.769141,48.109619],[22.582422,48.134033],[22.350195,48.256055],[22.253711,48.407373],[22.131836,48.405322],[22.142871,48.568506],[22.295215,48.68584],[22.538672,49.072705],[22.705664,49.171191],[22.732422,49.295166],[22.649414,49.539014],[23.036328,49.899072],[23.711719,50.377344],[23.972656,50.410059],[24.094727,50.617041],[23.978418,50.785596],[24.105762,50.844971],[23.664453,51.310059],[23.605273,51.51792],[23.706836,51.641309],[23.951172,51.585059],[24.126855,51.664648],[24.361914,51.867529],[25.267187,51.937744],[25.925293,51.913525],[26.453418,51.813428],[27.141992,51.752051],[27.270117,51.613574],[27.858594,51.592383],[28.183789,51.607861],[28.599023,51.542627],[28.647754,51.456543],[29.135645,51.617285],[29.346484,51.382568],[29.553125,51.43457],[30.160742,51.477881],[30.333398,51.325537],[30.544531,51.265039],[30.63252,51.35542],[30.533008,51.596338],[30.667285,51.814111],[30.980664,52.046191],[31.345996,52.105371],[31.763379,52.101074],[31.973828,52.046631],[32.282812,52.114014],[32.362988,52.272119],[32.50791,52.308545],[32.899707,52.256348],[33.148438,52.34043],[33.735254,52.344775],[33.92207,52.251465],[34.113086,51.979639],[34.397852,51.78042],[34.121094,51.67915],[34.280664,51.31167],[34.712305,51.172217],[35.064062,51.203418],[35.158105,51.060986],[35.311914,51.043896],[35.440137,50.727686],[35.411621,50.539697],[35.67373,50.345996],[35.890234,50.437109],[36.116406,50.408545],[36.306055,50.280469],[36.499805,50.280469],[36.619434,50.209229],[36.759082,50.291846],[37.422852,50.411475],[37.582324,50.291846],[37.704199,50.109082],[38.046875,49.92002],[38.258594,50.052344],[38.451172,49.964062],[38.647754,49.952881],[38.918359,49.824707],[39.174805,49.855957],[39.30293,49.742041],[39.462793,49.728027],[39.780566,49.572021],[40.030664,49.596729],[40.126172,49.368848],[40.07002,49.200293],[39.889746,49.064062],[39.686523,49.00791],[39.792871,48.807715],[39.644727,48.591211],[39.835645,48.542773],[39.961035,48.237939],[39.885059,48.168359],[39.735937,47.844824],[39.391016,47.83374],[38.900293,47.855127],[38.718945,47.714111],[38.287402,47.55918],[38.201367,47.320801],[38.280762,47.27666],[38.214355,47.091455]]]},"properties":{"name":"Ukraine"},"id":"UA"},
    {"type":"Feature","geometry":{"type":"Polygon","coordinates":[[[31.763379,52.101074],[31.345996,52.105371],[30.980664,52.046191],[30.667285,51.814111],[30.533008,51.596338],[30.63252,51.35542],[30.544531,51.265039],[30.333398,51.325537],[30.160742,51.477881],[29.553125,51.43457],[29.346484,51.382568],[29.135645,51.617285],[28.647754,51.456543],[28.599023,51.542627],[28.183789,51.607861],[27.858594,51.592383],[27.270117,51.613574],[27.141992,51.752051],[26.453418,51.813428],[25.925293,51.913525],[25.267187,51.937744],[24.361914,51.867529],[24.126855,51.664648],[23.951172,51.585059],[23.706836,51.641309],[23.605273,51.51792],[23.544824,51.710254],[23.625684,51.809326],[23.652441,52.040381],[23.458398,52.169531],[23.196973,52.256934],[23.204102,52.337891],[23.47959,52.551563],[23.844727,52.664209],[23.91543,52.770264],[23.887109,53.027539],[23.789258,53.270947],[23.598926,53.599219],[23.484668,53.939795],[23.733691,53.912256],[24.191309,53.950439],[24.317969,53.892969],[24.620703,53.979834],[24.768164,53.974658],[24.825684,54.118994],[25.046094,54.133057],[25.461133,54.292773],[25.573047,54.139893],[25.749219,54.156982],[25.702539,54.292969],[25.547363,54.331836],[25.724805,54.564258],[25.722461,54.717871],[25.859277,54.919287],[26.175195,55.003271],[26.291797,55.1396],[26.601172,55.130176],[26.775684,55.273096],[26.457617,55.34248],[26.593555,55.667529],[26.822461,55.709229],[27.052539,55.830566],[27.576758,55.798779],[27.642285,55.911719],[27.896289,56.076172],[28.147949,56.14292],[28.284277,56.055908],[28.563965,56.091992],[28.794727,55.942578],[29.087402,56.021143],[29.375,55.938721],[29.353418,55.784375],[29.482227,55.68457],[29.937012,55.845264],[30.233594,55.845215],[30.45625,55.786816],[30.625586,55.66626],[30.906836,55.57002],[30.900586,55.397412],[30.814453,55.278711],[30.977734,55.050488],[30.829883,54.91499],[30.798828,54.783252],[31.121289,54.648486],[31.074805,54.491797],[31.184766,54.452979],[31.403613,54.195947],[31.791992,54.055908],[31.754199,53.810449],[32.200391,53.78125],[32.450195,53.69292],[32.469629,53.546973],[32.685742,53.448145],[32.704297,53.336328],[32.141992,53.091162],[31.849707,53.106201],[31.668262,53.200928],[31.417871,53.196045],[31.258789,53.016699],[31.535156,52.798242],[31.585547,52.532471],[31.577344,52.312305],[31.763379,52.101074]]]},"properties":{"name":"Belarus"},"id":"BY"},
    {"type":"Feature","geometry":{"type":"Polygon","coordinates":[[[22.766211,54.356787],[22.679883,54.493018],[22.83125,54.838477],[22.567285,55.059131],[22.072363,55.063672],[21.235742,55.264111],[21.237891,55.455029],[21.061914,55.813428],[21.046094,56.070068],[21.653516,56.314551],[22.08457,56.406738],[22.586914,56.375098],[22.968262,56.38042],[23.812695,56.329248],[24.120703,56.264258],[24.529004,56.296289],[24.903027,56.398193],[25.069922,56.200391],[25.585742,56.130176],[26.085547,55.896875],[26.28125,55.750439],[26.593555,55.667529],[26.457617,55.34248],[26.775684,55.273096],[26.601172,55.130176],[26.291797,55.1396],[26.175195,55.003271],[25.859277,54.919287],[25.722461,54.717871],[25.724805,54.564258],[25.547363,54.331836],[25.702539,54.292969],[25.749219,54.156982],[25.573047,54.139893],[25.461133,54.292773],[25.046094,54.133057],[24.825684,54.118994],[24.768164,53.974658],[24.620703,53.979834],[24.317969,53.892969],[24.191309,53.950439],[23.733691,53.912256],[23.484668,53.939795],[23.453613,54.143457],[23.015527,54.34834],[22.766211,54.356787]]]},"properties":{"name":"Lithuania"},"id":"LT"},
    {"type":"Feature","geometry":{"type":"MultiPolygon","coordinates":[[[[137.178613,55.100439],[137.055273,54.926758],[136.795313,55.009375],[137.178613,55.100439]]],[[[86.653125,74.981299],[87.124316,74.939893],[86.927148,74.830762],[86.390527,74.850879],[86.653125,74.981299]]],[[[-179.798535,68.94043],[-178.873877,68.754102],[-178.692627,68.545996],[-178.249854,68.541406],[-177.40752,68.245166],[-175.345215,67.678076],[-175.155078,67.365381],[-174.849854,67.348877],[-174.938135,67.093018],[-174.771191,66.784326],[-174.924902,66.623145],[-174.50376,66.537939],[-174.017725,66.38252],[-173.773975,66.434668],[-174.231592,66.631885],[-174.005518,66.778613],[-174.086426,66.942871],[-174.447607,67.103125],[-173.884033,67.106445],[-173.679688,67.144775],[-173.157813,67.069092],[-173.228271,66.968555],[-172.640576,66.925],[-172.273926,66.965576],[-171.795557,66.931738],[-171.360498,66.676758],[-170.92666,66.529736],[-170.191943,66.20127],[-169.777881,66.143115],[-169.831689,65.998926],[-170.159424,66.008057],[-170.540674,65.86543],[-170.666309,65.621533],[-171.118994,65.69502],[-171.054248,65.549951],[-171.907129,65.495947],[-171.957178,65.54209],[-172.556543,65.612012],[-172.211572,65.425195],[-172.286035,65.205713],[-172.213184,65.048145],[-172.592822,64.907959],[-172.924023,64.704932],[-172.85415,64.609912],[-172.487402,64.544189],[-172.401465,64.413916],[-172.73916,64.412256],[-173.009131,64.297461],[-173.275488,64.289648],[-173.474951,64.428613],[-173.729736,64.364502],[-174.001367,64.448975],[-174.318018,64.637646],[-175.036035,64.813672],[-175.395117,64.802393],[-175.853857,65.01084],[-175.922949,65.35249],[-176.093262,65.471045],[-177.05625,65.613623],[-177.48877,65.503711],[-178.310205,65.484863],[-178.504639,65.537207],[-178.502344,65.74043],[-178.879346,65.936475],[-178.746729,66.013672],[-178.534131,66.316553],[-178.915527,66.179932],[-179.616162,66.127881],[-179.783643,66.017969],[-179.72832,65.803809],[-179.365967,65.638623],[-179.3521,65.516748],[-179.70459,65.187207],[-180,65.067236],[-180,65.311963],[-180,65.556787],[-180,65.801563],[-180,66.046289],[-180,66.291064],[-180,66.53584],[-180,66.780566],[-180,67.025342],[-180,67.270117],[-180,67.514844],[-180,67.759619],[-180,68.004395],[-180,68.249121],[-180,68.493896],[-180,68.738672],[-179.999951,68.983447],[-179.798535,68.94043]]],[[[130.687305,42.302539],[130.526953,42.5354],[130.576563,42.623242],[130.424805,42.727051],[130.577246,42.811621],[131.068555,42.902246],[131.175586,43.142187],[131.261816,43.433057],[131.182422,43.505566],[131.174219,43.704736],[131.255273,44.071582],[131.060645,44.659668],[130.967773,44.799951],[131.082324,44.91001],[131.446875,44.984033],[131.654004,45.205371],[131.851855,45.326855],[131.977539,45.243994],[132.936035,45.029932],[133.113477,45.130713],[133.113379,45.321436],[133.186035,45.494824],[133.436426,45.604687],[133.513086,45.878809],[133.685742,46.008936],[133.700684,46.139746],[133.861328,46.247754],[133.866602,46.499121],[134.022656,46.713184],[134.038574,46.858154],[134.202148,47.128076],[134.167676,47.302197],[134.29082,47.413574],[134.483496,47.447363],[134.752344,47.71543],[134.566016,48.02251],[134.669336,48.15332],[134.563574,48.321729],[134.293359,48.373438],[133.842188,48.27373],[133.468359,48.097168],[133.144043,48.105664],[132.877148,47.979102],[132.707227,47.947266],[132.561914,47.768506],[132.380176,47.729492],[131.785254,47.680518],[131.319336,47.727832],[131.002734,47.691455],[130.712109,48.127637],[130.804297,48.341504],[130.552148,48.60249],[130.617188,48.773193],[130.553125,48.861182],[130.195996,48.89165],[130.037109,48.972266],[129.792578,49.198877],[129.498145,49.388818],[129.120117,49.362061],[128.819336,49.46377],[128.704004,49.600146],[128.237109,49.559277],[127.999609,49.568604],[127.711133,49.671533],[127.502441,49.873438],[127.512305,50.07168],[127.590234,50.208984],[127.395313,50.298584],[127.306055,50.453516],[127.307031,50.707959],[126.924805,51.100146],[126.805469,51.505664],[126.700781,51.703027],[126.510547,51.92583],[126.455566,52.126465],[126.312891,52.399756],[126.016016,52.610205],[126.048145,52.739453],[125.871875,52.871533],[125.728125,52.890723],[125.649023,53.042285],[125.225586,53.16582],[124.970898,53.197314],[124.812305,53.133838],[124.465918,53.229639],[124.291406,53.340869],[123.994727,53.405615],[123.607813,53.546533],[123.154102,53.54458],[122.744727,53.468506],[122.337793,53.48501],[121.405469,53.317041],[120.985449,53.28457],[120.704102,53.171826],[120.421289,52.968066],[120.094531,52.787207],[120.067578,52.63291],[120.360059,52.627002],[120.656152,52.56665],[120.66543,52.299902],[120.749805,52.096533],[120.510547,51.848535],[120.066895,51.600684],[119.813184,51.267041],[119.745996,51.107715],[119.573438,50.946777],[119.445703,50.702832],[119.280664,50.560986],[119.191895,50.379834],[119.346289,50.278955],[119.259863,50.066406],[118.979492,49.978857],[118.755957,49.962842],[118.451563,49.844482],[117.873438,49.513477],[117.477148,49.609424],[117.245605,49.624854],[116.683301,49.823779],[116.551172,49.920313],[116.13457,50.010791],[115.717773,49.880615],[115.429199,49.896484],[115.274512,49.948877],[115.00332,50.138574],[114.743164,50.233691],[114.29707,50.274414],[113.881152,50.101123],[113.574219,50.007031],[113.16416,49.797168],[113.055566,49.61626],[112.806445,49.523584],[112.494922,49.532324],[112.079688,49.424219],[111.336621,49.355859],[110.82793,49.166162],[110.631055,49.137598],[110.427832,49.219971],[110.199902,49.17041],[109.528711,49.269873],[109.236719,49.334912],[108.613672,49.322803],[108.406934,49.396387],[108.033789,49.593994],[107.936719,49.691016],[107.947852,49.924707],[107.630957,49.983105],[107.233301,49.989404],[106.941309,50.19668],[106.711133,50.312598],[106.217871,50.30459],[105.875195,50.405371],[105.383594,50.47373],[105.094727,50.389941],[104.466309,50.306152],[104.179688,50.169434],[103.802637,50.176074],[103.63291,50.138574],[103.304395,50.200293],[103.161719,50.290723],[102.683301,50.387158],[102.288379,50.585107],[102.316602,50.718457],[102.215039,50.829443],[102.111523,51.353467],[101.570898,51.467188],[101.38125,51.452637],[100.53623,51.713477],[99.92168,51.755518],[99.719238,51.871631],[99.407031,51.923535],[98.848633,52.070068],[98.640527,51.801172],[98.352734,51.717627],[98.219922,51.505615],[98.037598,51.449951],[97.946875,51.348438],[97.825293,50.985254],[97.953125,50.855176],[98.029785,50.644629],[98.279492,50.533252],[98.250293,50.302441],[98.103418,50.077832],[97.853906,49.946777],[97.589355,49.911475],[97.359766,49.741455],[97.208594,49.730811],[96.985742,49.882812],[96.505762,49.918701],[96.315039,49.901123],[96.065527,49.99873],[95.851953,50.012939],[95.522656,49.91123],[95.044336,49.961572],[94.930273,50.04375],[94.614746,50.02373],[94.354688,50.221826],[94.251074,50.556396],[93.103125,50.603906],[92.941309,50.778223],[92.779297,50.778662],[92.62666,50.688281],[92.354785,50.86416],[92.192383,50.700586],[91.804297,50.693604],[91.34082,50.470068],[91.021582,50.415479],[90.516895,50.21333],[90.00498,50.069287],[89.977344,49.984326],[89.643848,49.903027],[89.654102,49.71748],[89.17998,49.532227],[88.831641,49.448437],[88.633203,49.486133],[88.192578,49.451709],[88.115723,49.256299],[87.814258,49.162305],[87.322852,49.085791],[87.233691,49.216162],[86.95293,49.32207],[86.812109,49.487891],[86.614258,49.609717],[86.610156,49.769141],[86.180859,49.499316],[85.371582,49.623926],[85.210156,49.664844],[85.000781,49.894141],[84.989453,50.061426],[84.607324,50.202393],[84.257812,50.288232],[84.175977,50.520557],[83.945117,50.774658],[83.717773,50.887158],[83.357324,50.99458],[83.160254,50.989209],[83.019238,50.897266],[82.76084,50.893359],[82.493945,50.727588],[82.098047,50.71084],[81.933691,50.766357],[81.465918,50.739844],[81.388281,50.956494],[81.124609,50.946289],[81.127246,51.191064],[80.877344,51.281445],[80.650488,51.277344],[80.448047,51.18335],[80.423633,50.946289],[80.220215,50.911768],[79.98623,50.774561],[79.468848,51.493115],[78.475488,52.638428],[77.859961,53.269189],[77.704395,53.37915],[76.575684,53.942529],[76.42207,54.113525],[76.65459,54.145264],[76.788965,54.321875],[76.759375,54.436865],[76.496484,54.335693],[76.266602,54.311963],[75.656836,54.106006],[75.437207,54.089648],[75.377051,53.970117],[75.052148,53.826709],[74.83418,53.825684],[74.451953,53.647266],[74.402734,53.504443],[74.068652,53.611426],[73.642969,53.57627],[73.469922,53.468896],[73.285742,53.598389],[73.399414,53.811475],[73.678906,53.929443],[73.617969,54.067383],[73.380664,53.962842],[73.119336,53.980762],[72.914062,54.107324],[72.622266,54.134326],[72.585938,53.995947],[72.404297,53.964453],[72.387305,54.123047],[72.269141,54.272119],[72.105371,54.308447],[72.004492,54.205664],[71.336426,54.15835],[71.093164,54.212207],[71.185547,54.599316],[70.910156,55.127979],[70.738086,55.305176],[70.486328,55.282373],[70.182422,55.162451],[69.493262,55.356885],[68.977246,55.3896],[68.524805,55.204834],[68.20625,55.160938],[68.244043,55.052441],[68.073828,54.95957],[67.829883,54.943555],[67.693359,54.872412],[66.222656,54.667383],[65.707813,54.618701],[65.476953,54.623291],[65.237402,54.516064],[65.157813,54.364404],[64.926758,54.396631],[64.649902,54.352246],[64.46123,54.38418],[64.199414,54.347412],[64.003906,54.26709],[63.191309,54.171045],[63.073926,54.105225],[62.632715,54.069287],[62.499023,54.013184],[62.040234,54.002637],[61.928711,53.946484],[61.333691,54.049268],[61.14375,53.963818],[61.113184,53.753467],[60.979492,53.621729],[61.247949,53.550977],[61.199219,53.287158],[61.659863,53.228467],[62.014648,53.107861],[61.974219,52.94375],[61.400781,52.995996],[61.047461,52.972461],[60.802344,52.744727],[60.821289,52.569824],[60.979492,52.394775],[60.937598,52.280566],[60.670313,52.15083],[60.425488,52.125586],[60.065527,51.976465],[60.06748,51.890625],[60.3875,51.772998],[60.464746,51.651172],[61.363086,51.441895],[61.554688,51.324609],[61.585059,51.229687],[61.389453,50.861035],[60.942285,50.695508],[60.637988,50.663721],[60.288086,50.70415],[60.112109,50.83418],[59.955176,50.799268],[59.812402,50.582031],[59.523047,50.492871],[59.452344,50.62041],[58.883691,50.694434],[58.547461,50.971045],[58.35918,51.063818],[57.838867,51.09165],[57.653809,50.925146],[57.442188,50.888867],[57.179004,51.036035],[57.011719,51.065186],[56.620215,50.980859],[56.491406,51.019531],[56.143945,50.844629],[56.049707,50.713525],[55.797656,50.602051],[55.542285,50.601807],[55.195215,50.744727],[55.014844,50.869775],[54.727148,50.998096],[54.60625,50.879883],[54.65,50.660156],[54.471484,50.583789],[54.421484,50.780322],[54.041504,51.115186],[53.688086,51.251807],[53.534668,51.399561],[53.338086,51.482373],[53.038379,51.463721],[52.571191,51.481641],[52.331055,51.681299],[52.007129,51.672705],[51.609082,51.483984],[51.344531,51.475342],[51.163477,51.647461],[50.793945,51.729199],[50.756152,51.675146],[50.246875,51.289502],[49.822266,51.131885],[49.498047,51.083594],[49.323438,50.851709],[48.808398,50.601318],[48.655176,50.619873],[48.700488,50.35376],[48.843262,50.013135],[48.758984,49.92832],[48.434277,49.828516],[48.224805,49.931934],[47.849609,50.282324],[47.705762,50.377979],[47.503613,50.402734],[47.326465,50.273535],[47.295215,50.058496],[46.991992,49.852734],[46.889551,49.696973],[46.802051,49.36709],[47.018164,49.199902],[47.014258,49.09834],[46.702637,48.805566],[46.60918,48.573877],[46.660938,48.412256],[47.004297,48.284473],[47.119043,48.127002],[47.093262,47.947705],[47.292383,47.740918],[47.481934,47.803906],[48.109961,47.74541],[48.552539,47.320996],[48.959375,46.774609],[48.776367,46.710352],[48.605273,46.765918],[48.50918,46.649951],[48.610156,46.566455],[49.232227,46.337158],[49.07959,46.189209],[48.683691,46.086182],[48.689648,45.888867],[48.487012,45.934863],[48.15918,45.737012],[47.830176,45.663037],[47.701074,45.686182],[47.524219,45.601709],[47.488672,45.455078],[47.221484,45.024268],[47.114746,44.905957],[46.755273,44.656543],[46.753027,44.420654],[47.023633,44.343262],[47.229883,44.192383],[47.361523,43.993359],[47.429199,43.779883],[47.627832,43.805957],[47.508984,43.509717],[47.512891,43.21875],[47.463184,43.035059],[47.709082,42.810938],[47.822363,42.613477],[48.228613,42.180957],[48.383789,41.953418],[48.572852,41.844482],[48.391406,41.601904],[48.056055,41.458691],[47.861133,41.212744],[47.520605,41.229053],[47.261133,41.315088],[47.205273,41.455615],[46.749316,41.812598],[46.552148,41.812305],[46.429883,41.890967],[46.212695,41.989893],[45.954004,42.0354],[45.638574,42.205078],[45.727539,42.475049],[45.562891,42.535742],[45.34375,42.529785],[45.208203,42.648242],[44.870996,42.756396],[44.771094,42.616797],[44.644336,42.734717],[44.505859,42.748633],[43.957422,42.566553],[43.738379,42.616992],[43.782617,42.747021],[43.557813,42.844482],[43.08916,42.989063],[42.991602,43.091504],[42.760645,43.16958],[42.566016,43.155127],[42.419043,43.224219],[42.05,43.190137],[41.580566,43.219238],[41.358203,43.333398],[41.083105,43.374463],[40.648047,43.533887],[40.518945,43.512012],[40.150195,43.569775],[39.97832,43.419824],[39.516699,43.727881],[39.329395,43.897266],[38.717285,44.288086],[38.18125,44.419678],[37.851465,44.698828],[37.572461,44.67085],[37.411328,44.735352],[37.204785,44.971973],[36.944434,45.06958],[36.650781,45.126465],[36.619141,45.185498],[36.941211,45.289697],[37.647168,45.377197],[37.612402,45.564697],[37.840918,45.799561],[37.933105,46.001709],[38.132812,46.002832],[38.183594,46.094824],[38.492285,46.090527],[38.077734,46.394336],[37.913867,46.406494],[37.766504,46.636133],[37.967969,46.618018],[38.22998,46.70127],[38.500977,46.663672],[38.438672,46.813086],[38.801074,46.906152],[39.293457,47.105762],[39.195703,47.268848],[39.02373,47.272217],[38.92832,47.175684],[38.668164,47.143945],[38.484766,47.175537],[38.214355,47.091455],[38.280762,47.27666],[38.201367,47.320801],[38.287402,47.55918],[38.718945,47.714111],[38.900293,47.855127],[39.391016,47.83374],[39.735937,47.844824],[39.885059,48.168359],[39.961035,48.237939],[39.835645,48.542773],[39.644727,48.591211],[39.792871,48.807715],[39.686523,49.00791],[39.889746,49.064062],[40.07002,49.200293],[40.126172,49.368848],[40.030664,49.596729],[39.780566,49.572021],[39.462793,49.728027],[39.30293,49.742041],[39.174805,49.855957],[38.918359,49.824707],[38.647754,49.952881],[38.451172,49.964062],[38.258594,50.052344],[38.046875,49.92002],[37.704199,50.109082],[37.582324,50.291846],[37.422852,50.411475],[36.759082,50.291846],[36.619434,50.209229],[36.499805,50.280469],[36.306055,50.280469],[36.116406,50.408545],[35.890234,50.437109],[35.67373,50.345996],[35.411621,50.539697],[35.440137,50.727686],[35.311914,51.043896],[35.158105,51.060986],[35.064062,51.203418],[34.712305,51.172217],[34.280664,51.31167],[34.121094,51.67915],[34.397852,51.78042],[34.113086,51.979639],[33.92207,52.251465],[33.735254,52.344775],[33.148438,52.34043],[32.899707,52.256348],[32.50791,52.308545],[32.362988,52.272119],[32.282812,52.114014],[31.973828,52.046631],[31.763379,52.101074],[31.577344,52.312305],[31.585547,52.532471],[31.535156,52.798242],[31.258789,53.016699],[31.417871,53.196045],[31.668262,53.200928],[31.849707,53.106201],[32.141992,53.091162],[32.704297,53.336328],[32.685742,53.448145],[32.469629,53.546973],[32.450195,53.69292],[32.200391,53.78125],[31.754199,53.810449],[31.791992,54.055908],[31.403613,54.195947],[31.184766,54.452979],[31.074805,54.491797],[31.121289,54.648486],[30.798828,54.783252],[30.829883,54.91499],[30.977734,55.050488],[30.814453,55.278711],[30.900586,55.397412],[30.906836,55.57002],[30.625586,55.66626],[30.45625,55.786816],[30.233594,55.845215],[29.937012,55.845264],[29.482227,55.68457],[29.353418,55.784375],[29.375,55.938721],[29.087402,56.021143],[28.794727,55.942578],[28.563965,56.091992],[28.284277,56.055908],[28.147949,56.14292],[28.202051,56.2604],[28.103125,56.545703],[28.00752,56.599854],[27.806055,56.86709],[27.639453,56.845654],[27.814551,57.166895],[27.796875,57.316943],[27.351953,57.528125],[27.54209,57.799414],[27.752832,57.841016],[27.487793,58.270068],[27.531348,58.435254],[27.427051,58.733057],[27.464453,58.841309],[27.757617,59.052002],[27.897656,59.277637],[28.151074,59.374414],[28.0125,59.484277],[28.013965,59.724756],[28.33457,59.692529],[28.453906,59.814258],[28.947266,59.82876],[29.147266,59.999756],[29.669727,59.955664],[30.122559,59.873584],[29.721191,60.195312],[29.069141,60.191455],[28.643164,60.375293],[28.650586,60.610986],[28.512793,60.677295],[28.179297,60.570996],[27.797656,60.536133],[28.407422,60.896924],[29.25166,61.287793],[29.690137,61.546094],[30.565625,62.127588],[30.935742,62.323779],[31.285645,62.567822],[31.533984,62.8854],[31.180859,63.208301],[30.418555,63.504053],[30.055371,63.689014],[30.503906,64.020605],[30.487891,64.236523],[30.108105,64.366113],[29.985547,64.557715],[30.120117,64.644629],[30.072852,64.765039],[29.783203,64.804297],[29.604199,64.968408],[29.81084,65.10791],[29.629688,65.223877],[29.715918,65.624561],[30.095312,65.681689],[29.903418,66.091064],[29.670898,66.276123],[29.464355,66.532178],[29.093066,66.849219],[29.087012,66.970947],[29.941211,67.547461],[29.979199,67.688574],[29.343848,68.061865],[28.685156,68.189795],[28.470703,68.488379],[28.752051,68.771436],[28.566016,68.928223],[28.96582,69.021973],[29.209961,69.097021],[29.388281,69.298145],[29.994043,69.39248],[30.227539,69.633789],[30.61543,69.532568],[30.860742,69.538428],[30.869727,69.783447],[31.452734,69.6896],[31.98457,69.953662],[32.56543,69.806494],[32.941699,69.751855],[32.754297,69.605713],[32.176758,69.674023],[32.377734,69.479102],[32.636816,69.489453],[33.454297,69.428174],[33.684375,69.310254],[34.229395,69.313135],[34.863965,69.228076],[35.289844,69.275439],[35.85791,69.191748],[37.730566,68.692139],[38.430176,68.355615],[38.831543,68.324902],[39.568945,68.071729],[40.035742,68.015381],[40.380664,67.831885],[40.966406,67.713477],[41.133887,67.266943],[41.358789,67.209668],[41.188965,66.826172],[40.521582,66.446631],[40.10332,66.299951],[39.289062,66.132031],[38.397559,66.064453],[37.628223,66.12959],[37.294824,66.225049],[36.769922,66.293555],[36.373438,66.302295],[35.513477,66.395801],[34.824609,66.611133],[33.482031,66.764551],[33.150195,66.843945],[32.847559,67.021533],[32.930469,67.086816],[32.399902,67.152686],[32.463672,66.916309],[32.928711,66.704102],[33.180566,66.679932],[33.217383,66.531641],[33.655957,66.442627],[33.566699,66.320996],[34.112695,66.225244],[34.399805,66.128418],[34.786328,65.864551],[34.615723,65.509912],[34.406445,65.395752],[34.803516,64.985986],[34.869531,64.56001],[35.035352,64.440234],[35.432031,64.346777],[35.64707,64.37832],[36.146484,64.189014],[36.364941,64.002832],[37.442188,63.813379],[37.967969,63.949121],[38.070801,64.02583],[37.953711,64.320117],[37.740625,64.396973],[37.183691,64.408496],[36.528223,64.847363],[36.785938,64.987158],[36.882812,65.172363],[37.14082,65.194287],[37.528125,65.108252],[38.009375,64.87876],[38.412109,64.85708],[38.540918,64.79126],[39.053516,64.713916],[39.567383,64.570557],[39.758008,64.577051],[40.057813,64.770752],[40.444922,64.778711],[40.28125,64.998096],[39.798047,65.349854],[39.816504,65.597949],[40.327832,65.751709],[40.691602,65.963428],[41.475781,66.123437],[41.780859,66.259326],[42.210547,66.519678],[42.602148,66.42251],[43.233203,66.415527],[43.653125,66.250977],[44.104395,66.008594],[44.097168,66.235059],[44.488672,66.671777],[44.403906,67.004199],[44.291797,67.099658],[43.855371,67.188623],[43.782422,67.254492],[44.225391,67.995605],[44.169141,68.3271],[43.404004,68.608545],[43.471973,68.679834],[44.048047,68.548828],[45.078125,68.578174],[45.891992,68.479687],[46.683594,67.970459],[46.69043,67.848828],[45.528711,67.757568],[44.939453,67.477441],[44.939453,67.350781],[45.562207,67.185596],[45.752539,66.98916],[45.986035,66.853125],[46.69082,66.825537],[47.496484,66.929834],[47.709082,67.04502],[47.768066,67.275635],[47.908203,67.454688],[47.874707,67.58418],[48.87793,67.731348],[48.695703,67.874219],[49.155273,67.87041],[49.93125,68.065137],[50.838867,68.349951],[51.336133,68.402441],[51.994727,68.53877],[52.669727,68.426758],[52.550098,68.592432],[52.683594,68.731201],[53.801953,68.995898],[53.970605,68.844287],[53.758887,68.633984],[53.930859,68.435547],[53.342578,68.343213],[53.260547,68.26748],[53.967871,68.227344],[54.56123,68.273047],[54.861328,68.201855],[54.923047,68.373828],[55.418066,68.567822],[56.043652,68.648877],[56.620215,68.619043],[57.126855,68.554004],[58.173047,68.889746],[58.918945,69.003809],[59.370508,68.738379],[59.112305,68.616309],[59.099023,68.444336],[59.604297,68.351123],[59.897363,68.421924],[59.895996,68.706348],[60.48916,68.728955],[60.933594,68.986768],[60.664551,69.110254],[60.170605,69.590918],[61.015918,69.851465],[61.770508,69.763037],[62.63125,69.743115],[63.361426,69.675293],[64.19043,69.534668],[64.592188,69.435645],[65.031543,69.269824],[65.735742,69.132324],[65.812695,69.077002],[66.416113,68.947852],[67.002441,68.873584],[67.149219,68.753955],[67.730762,68.513672],[68.504199,68.348438],[68.829492,68.567432],[69.140527,68.950635],[68.762891,68.917383],[68.542773,68.96709],[68.117383,69.23623],[68.005859,69.480029],[67.064453,69.693701],[66.804004,69.659229],[66.926367,70.014258],[67.239258,70.108057],[67.146484,70.219922],[67.284766,70.738721],[66.822461,70.797363],[66.666113,70.900586],[66.84707,71.063721],[66.917578,71.282373],[67.541797,71.412012],[68.269238,71.682812],[68.607422,72.012744],[69.039062,72.669922],[69.391406,72.955518],[69.645117,72.897559],[70.655371,72.890381],[71.500195,72.913672],[71.92959,72.819678],[72.446387,72.790332],[72.812109,72.691406],[72.75293,72.343164],[72.624414,72.079443],[72.279492,71.695508],[71.912012,71.547949],[71.867285,71.457373],[72.079297,71.306689],[72.581348,71.151123],[72.731641,70.822852],[72.7,70.457324],[72.469434,70.274951],[72.529688,70.17251],[72.615625,69.484033],[72.527344,69.080518],[72.811914,68.815234],[73.548047,68.574512],[73.465234,68.430762],[73.139453,68.181348],[73.152148,67.865039],[72.94873,67.69624],[72.594336,67.586963],[71.847461,67.007617],[71.668164,66.939697],[71.365234,66.961523],[71.551172,66.760449],[70.939453,66.548145],[70.724902,66.519434],[70.382812,66.60249],[69.877148,66.845459],[69.217773,66.828613],[69.013477,66.78833],[69.194336,66.578662],[70.339453,66.342383],[71.145508,66.36665],[71.565625,66.33374],[71.916992,66.246729],[72.321582,66.332129],[72.417383,66.560791],[73.341602,66.806836],[73.79209,66.995312],[74.074512,67.414111],[74.769531,67.766357],[74.742676,68.073535],[74.391406,68.420605],[74.57959,68.751221],[75.124609,68.861719],[76.10752,68.975732],[76.45918,68.978271],[76.735059,68.776904],[77.111719,68.596191],[77.238477,68.46958],[77.248438,67.941016],[77.174414,67.778516],[77.675098,67.5896],[77.985547,67.55918],[78.922461,67.589111],[77.588281,67.751904],[77.535937,68.007666],[77.664844,68.190381],[77.995117,68.259473],[77.650684,68.903027],[76.000977,69.235059],[75.42002,69.238623],[74.814844,69.090576],[74.362598,69.14458],[73.977441,69.114648],[73.775684,69.198242],[73.890918,69.417969],[73.560156,69.707227],[73.830176,70.175684],[74.206738,70.445459],[74.310938,70.653613],[73.507227,71.263525],[73.08623,71.444922],[73.671777,71.845068],[74.31123,71.957813],[74.992188,72.144824],[75.09707,72.420654],[75.008008,72.619434],[74.786816,72.811865],[75.369336,72.796631],[75.603516,72.581055],[75.741406,72.29624],[75.550195,72.170801],[75.247461,71.813379],[75.503223,71.654639],[75.280273,71.430078],[75.332031,71.341748],[76.110449,71.218555],[77.589648,71.16792],[78.068262,70.986328],[78.525781,70.911816],[78.212598,71.266309],[77.908398,71.324072],[77.481055,71.311572],[76.312109,71.595459],[76.032422,71.9104],[76.42168,72.006006],[76.871387,72.033008],[77.550781,71.84209],[77.777539,71.836426],[78.232422,71.952295],[78.016406,72.092041],[77.492871,72.071729],[77.471582,72.192139],[77.968164,72.328711],[78.482617,72.394971],[79.42207,72.380762],[79.953906,72.223047],[80.7625,72.08916],[80.856055,71.970215],[81.51123,71.746143],[82.079883,71.706836],[82.547266,71.758594],[82.986133,71.748682],[83.233594,71.668164],[82.917969,71.419922],[82.322852,71.26001],[82.23916,70.997705],[82.335938,70.807373],[82.869141,70.954834],[83.051074,70.815234],[83.030176,70.580518],[82.682324,70.217725],[83.49707,70.345264],[83.735938,70.546484],[83.578906,70.765918],[83.15127,71.103613],[83.571289,71.594385],[83.200293,71.874707],[82.64541,71.925244],[82.319141,72.071826],[82.183594,72.237549],[81.792871,72.326611],[81.282715,72.358838],[80.827051,72.488281],[80.65625,72.712012],[80.841602,72.94917],[80.509668,73.086084],[80.398047,73.356836],[80.583203,73.568457],[81.816992,73.658838],[83.544727,73.666504],[84.737891,73.762842],[85.44834,73.734619],[85.611426,73.821582],[86.591406,73.894287],[87.029492,73.82417],[86.365918,73.619775],[87.120117,73.615039],[87.571191,73.810742],[87.209668,73.878662],[86.571094,74.24375],[86.001367,74.316016],[86.18291,74.423047],[86.664746,74.414258],[86.700098,74.522461],[85.791016,74.645117],[86.20127,74.816211],[86.651465,74.682422],[87.419336,74.940918],[87.140723,75.072266],[87.671387,75.12959],[89.310254,75.470117],[89.595117,75.458252],[90.184961,75.591064],[91.479492,75.649658],[91.84541,75.723682],[93.549805,75.854102],[93.178125,75.958984],[93.648438,76.05415],[94.575586,76.151758],[95.038477,76.113525],[95.919922,76.113135],[95.986035,76.009668],[96.508594,76.005566],[96.879199,75.931055],[97.205469,76.018701],[98.662012,76.242676],[99.562695,76.109326],[99.616797,76.240186],[98.805664,76.480664],[100.322363,76.47915],[100.84375,76.525195],[101.099316,76.704004],[100.92041,76.82251],[100.989941,76.990479],[101.517676,77.198096],[103.131445,77.626465],[103.560742,77.631934],[104.014551,77.73042],[105.894531,77.488867],[106.05957,77.390527],[104.911914,77.174707],[105.712012,77.001465],[106.338672,77.047852],[106.941602,77.034375],[107.429785,76.926563],[106.63877,76.573389],[107.624219,76.510107],[108.02793,76.718457],[109.369336,76.749219],[109.981152,76.711865],[110.471484,76.758398],[111.114844,76.723047],[111.786133,76.603564],[112.093945,76.480322],[112.619531,76.383545],[112.798438,76.129639],[113.427734,76.112109],[113.563867,75.89165],[113.870996,75.856006],[113.619922,75.592676],[112.629199,75.8354],[112.955664,75.571924],[113.726172,75.450635],[113.613574,75.292969],[112.924902,75.015039],[111.868262,74.740039],[111.299023,74.658447],[109.840332,74.321973],[109.810254,74.169189],[109.075,74.032324],[108.199512,73.694092],[107.76543,73.625],[107.271094,73.621045],[106.679395,73.330664],[106.188672,73.308008],[105.677148,72.959277],[106.066699,72.949854],[106.47793,73.139404],[107.750391,73.173145],[108.00127,73.235596],[109.089941,73.378418],[109.331055,73.487451],[109.855273,73.472461],[110.428711,73.628906],[110.388281,73.726025],[109.752734,73.722559],[109.869141,73.930615],[110.261426,74.017432],[111.05625,73.939355],[111.400391,73.827734],[112.147266,73.708936],[112.79541,73.746094],[113.032813,73.913867],[113.416211,73.647607],[113.156934,73.45957],[114.060547,73.584668],[114.816016,73.607178],[115.337695,73.702588],[116.495508,73.676074],[117.308594,73.59917],[118.450195,73.589795],[118.430273,73.246533],[118.960352,73.117285],[119.750391,72.979102],[120.597949,72.981104],[120.997168,72.936719],[121.886035,72.960889],[122.029785,72.897217],[122.69209,72.89082],[123.160352,72.954883],[123.622266,73.193262],[123.383887,73.347314],[123.305078,73.53291],[123.491113,73.666357],[123.796875,73.626758],[124.388086,73.754834],[124.796289,73.711768],[125.61709,73.520605],[126.254492,73.548193],[126.257422,73.419775],[126.552539,73.334912],[127.031348,73.547461],[127.740332,73.481543],[128.888672,73.190234],[129.053711,73.04541],[128.599023,72.895166],[129.017285,72.872461],[129.250391,72.705176],[128.633398,72.550146],[129.116602,72.485742],[129.411719,72.315479],[129.283496,72.092041],[128.934961,72.079492],[128.475195,72.245557],[127.841406,72.308252],[128.358789,72.08833],[128.911426,71.755322],[129.210254,71.916943],[129.46084,71.739307],[128.949023,71.707568],[129.761914,71.119531],[130.28125,70.947314],[130.668457,70.88833],[131.157422,70.742188],[131.562012,70.901025],[131.906445,71.202637],[132.227637,71.642773],[132.562305,71.895313],[133.426172,71.490967],[134.102832,71.378955],[134.702734,71.386816],[135.022363,71.515039],[135.884766,71.630566],[136.406152,71.570752],[137.31543,71.359424],[137.650586,71.208154],[138.090625,71.307422],[137.918359,71.384082],[138.118457,71.566162],[139.004883,71.556055],[139.209375,71.444775],[139.98418,71.491504],[139.695117,71.700439],[139.640234,71.99834],[139.84707,72.148584],[139.616992,72.225684],[139.176367,72.163477],[139.14082,72.329736],[139.601172,72.496094],[140.450586,72.493115],[141.079297,72.586914],[140.808203,72.890967],[141.309766,72.857715],[142.061426,72.720801],[143.51582,72.698242],[145.485742,72.54209],[146.25293,72.442236],[146.234766,72.349707],[144.776367,72.382275],[144.360938,72.265332],[144.470703,72.174756],[145.03916,72.259863],[146.594141,72.302441],[146.807031,72.236572],[146.40166,72.035498],[146.230273,72.1375],[145.709668,72.206348],[145.756738,71.941309],[145.125781,71.927148],[144.989648,71.753369],[145.188574,71.695801],[145.804785,71.746484],[146.367969,71.92207],[147.127051,72.292041],[147.433984,72.340918],[148.402051,72.311963],[149.501563,72.164307],[149.963086,71.992188],[149.881055,71.843018],[149.04873,71.795752],[148.92334,71.714648],[149.857129,71.601465],[150.06084,71.51084],[150.599805,71.520117],[150.967773,71.380469],[151.582422,71.286963],[152.092773,71.023291],[151.762012,70.982471],[152.508789,70.834473],[153.794141,70.87998],[155.029492,71.034229],[155.595898,71.038623],[155.895215,71.095508],[157.447363,71.074512],[158.037012,71.039258],[158.702148,70.93501],[159.350684,70.790723],[159.72793,70.649658],[160.006445,70.309668],[159.729395,69.870215],[159.83252,69.784961],[160.910742,69.606348],[161.035547,69.098193],[161.309863,68.982275],[161.340625,68.905176],[161.129004,68.653857],[161.230176,68.653906],[161.365137,68.822998],[161.565625,68.905176],[161.480078,69.201709],[161.536914,69.379541],[161.945117,69.545117],[162.375684,69.649072],[163.201367,69.714746],[164.15957,69.719287],[164.513281,69.609131],[165.760742,69.584424],[165.980469,69.545996],[166.820312,69.499561],[167.628125,69.740332],[167.950098,69.69917],[168.15,69.577393],[168.303027,69.271484],[169.310645,69.079541],[169.609863,68.786035],[170.537598,68.825391],[170.99541,69.045312],[170.99668,69.134717],[170.71416,69.388232],[170.582227,69.58335],[170.160938,69.626563],[170.503125,69.856543],[170.486816,70.107568],[171.24668,70.076123],[171.970508,70.000342],[172.55957,69.968359],[173.277441,69.823828],[173.438672,69.946826],[173.948047,69.874121],[175.295605,69.860059],[175.751172,69.90415],[176.10752,69.860303],[176.924414,69.645996],[177.394531,69.611621],[177.933691,69.495605],[178.84834,69.387207],[178.950684,69.295801],[179.272656,69.259668],[180,68.983447],[180,65.067236],[179.827344,65.03418],[179.448242,64.822021],[179.15,64.781592],[178.519531,64.602979],[178.285352,64.672266],[177.748633,64.717041],[177.222852,64.86167],[177.06875,64.78667],[176.831055,64.849219],[176.246973,64.843018],[176.350977,64.705127],[176.730957,64.624854],[177.049805,64.719238],[177.467188,64.736816],[177.43291,64.444482],[177.95332,64.222266],[178.381445,64.260889],[178.451367,64.011377],[178.650293,63.965283],[178.731445,63.66709],[178.706445,63.521533],[179.028125,63.282422],[179.332324,63.190186],[179.405078,63.077734],[179.25957,63.008301],[179.510938,62.862793],[179.570508,62.6875],[179.176953,62.469189],[179.120703,62.320361],[178.019238,62.546973],[177.35127,62.587451],[177.359668,62.736963],[177.023535,62.777246],[176.963477,62.693262],[177.159473,62.560986],[176.702539,62.505762],[176.328418,62.346045],[175.267871,62.102393],[175.192383,62.034424],[174.797559,61.938867],[174.514355,61.823633],[174.138867,61.795166],[173.822363,61.679395],[173.623438,61.716064],[173.131836,61.406641],[172.856543,61.469189],[172.730664,61.314404],[172.392773,61.061768],[172.067285,60.915674],[171.729492,60.843115],[171.489746,60.725732],[170.949316,60.522949],[170.608203,60.434912],[170.350977,59.965527],[169.982617,60.06709],[169.887012,60.21792],[169.618359,60.438037],[169.226758,60.595947],[168.670313,60.562891],[168.1375,60.573926],[167.226758,60.406299],[166.964063,60.307031],[166.331836,59.872412],[166.136035,59.979346],[166.352148,60.484814],[166.180176,60.480371],[165.941992,60.356885],[165.285254,60.134912],[165.08457,60.098584],[165.018945,59.860742],[164.854297,59.840967],[164.669727,59.997461],[164.376855,60.058057],[164.135059,59.984375],[163.780078,60.041113],[163.409961,59.834961],[163.269043,59.52002],[163.272852,59.302588],[163.004297,59.020166],[162.453027,58.708594],[162.141602,58.447412],[161.960059,58.076904],[162.039648,57.918262],[162.466992,57.766211],[162.521973,57.904102],[162.718359,57.946094],[163.14502,57.837305],[163.213867,57.686816],[163.108789,57.564844],[162.779297,57.357617],[162.802637,56.811475],[162.92207,56.722656],[163.256543,56.688037],[163.243262,56.564551],[163.335547,56.23252],[163.047363,56.044678],[162.840332,56.065625],[162.628125,56.232275],[162.713184,56.330859],[162.975195,56.449023],[162.671484,56.490088],[162.488672,56.399121],[162.528223,56.260693],[162.084961,56.089648],[161.775586,55.654834],[161.729395,55.358008],[161.824219,55.138916],[162.080273,54.886133],[162.105566,54.752148],[161.725684,54.532959],[161.294043,54.520557],[161.129883,54.598242],[160.772656,54.541357],[160.074414,54.18916],[159.921777,54.008398],[159.84375,53.783643],[159.955859,53.552197],[159.897656,53.380762],[160.002148,53.274902],[159.585938,53.237695],[158.952051,53.047559],[158.608789,52.873633],[158.480762,52.62666],[158.463477,52.30498],[158.103516,51.809619],[157.823242,51.605322],[157.530957,51.479883],[157.202246,51.212744],[156.747754,50.969287],[156.670801,51.226855],[156.543457,51.311621],[156.500391,51.475098],[156.489844,51.913037],[156.364746,52.509375],[156.228613,52.62627],[156.110352,52.866162],[156.098828,53.006494],[155.904883,53.928125],[155.706445,54.521484],[155.620313,54.864551],[155.554883,55.348486],[155.716602,56.072217],[155.98252,56.695215],[156.06748,56.781592],[156.728418,57.152246],[156.976758,57.466309],[156.948242,57.615771],[156.791602,57.747949],[156.985742,57.830176],[157.216797,57.776807],[157.450391,57.799268],[157.666406,58.019775],[157.974609,57.985937],[158.210449,58.025293],[158.687012,58.281348],[159.036914,58.423926],[159.591504,58.803662],[159.847363,59.127148],[160.350391,59.394043],[160.547461,59.547363],[160.855273,59.626855],[161.218945,59.845605],[161.449316,60.027344],[161.753516,60.152295],[162.003613,60.420166],[162.266309,60.536719],[162.713184,60.659473],[162.973145,60.78291],[163.352344,60.800439],[163.709961,60.916797],[163.553516,61.025635],[163.619629,61.111328],[164.005469,61.343799],[163.804395,61.461377],[163.882715,61.640137],[164.019531,61.710693],[164.074219,62.04502],[164.207227,62.292236],[164.59834,62.470557],[165.124121,62.411523],[165.044043,62.516992],[164.566992,62.675488],[164.255664,62.696582],[163.331738,62.550928],[163.302148,62.372998],[163.163477,62.25957],[163.131055,62.049902],[163.009277,61.791504],[163.257812,61.699463],[163.085254,61.570557],[162.699023,61.652588],[162.392578,61.662109],[162.188379,61.540674],[161.037109,60.962891],[160.766602,60.75332],[160.482031,60.739844],[160.173633,60.638428],[160.225781,60.831543],[160.378906,61.025488],[159.949219,61.128613],[159.883105,61.291797],[160.162695,61.5375],[160.317383,61.793359],[160.18252,61.902832],[159.552344,61.719482],[159.29502,61.91416],[159.07666,61.922266],[158.547168,61.810889],[158.333691,61.825684],[158.070117,61.753613],[157.469336,61.798926],[157.08418,61.675684],[156.680273,61.480615],[156.629688,61.272461],[156.055957,60.995605],[155.85332,60.777148],[155.427832,60.549854],[154.970801,60.37666],[154.578223,60.09502],[154.440723,59.883789],[154.293066,59.83335],[154.268848,59.658398],[154.149805,59.528516],[154.357617,59.481445],[154.58252,59.540088],[154.971289,59.449609],[155.166699,59.360156],[155.160449,59.190137],[154.703516,59.141309],[154.458008,59.216553],[154.24668,59.108594],[154.010938,59.075537],[153.695215,59.224756],[153.361133,59.214795],[153.272949,59.091309],[153.077734,59.081885],[152.882227,58.939062],[152.575586,58.954102],[152.400684,59.026416],[152.165234,58.997021],[152.087891,58.910449],[151.70459,58.866699],[151.326758,58.875098],[151.121094,59.08252],[151.50498,59.164014],[151.990039,59.160059],[152.104492,59.290576],[151.798047,59.323242],[151.485742,59.524121],[150.98252,59.571338],[150.729492,59.469141],[150.457227,59.590723],[149.642578,59.77041],[149.29043,59.728467],[149.065234,59.630518],[149.20498,59.488184],[148.708887,59.448535],[148.914062,59.282715],[148.491211,59.262305],[148.257422,59.414209],[147.874609,59.388037],[147.514453,59.268555],[147.040039,59.365723],[146.444336,59.430469],[146.273438,59.221484],[145.931641,59.198389],[145.756445,59.37373],[145.55459,59.413525],[144.483398,59.37627],[143.86875,59.411377],[143.523828,59.343652],[143.192188,59.370117],[142.580273,59.240137],[142.025391,58.999658],[141.754688,58.745264],[141.34707,58.528076],[140.987695,58.416846],[140.684961,58.212158],[140.446875,57.813672],[140.002344,57.6875],[139.861523,57.549316],[139.443848,57.329687],[139.181641,57.261523],[138.965723,57.088135],[138.662109,56.965527],[138.217773,56.629004],[138.073828,56.433105],[137.691504,56.139355],[136.793555,55.694189],[136.460254,55.576709],[136.175195,55.352246],[135.750781,55.160645],[135.540625,55.11377],[135.2625,54.943311],[135.257715,54.731494],[135.851562,54.583936],[136.237988,54.614063],[136.797266,54.620996],[136.683008,53.931299],[136.886426,53.839355],[137.155371,53.82168],[137.258008,54.025244],[137.096191,54.128564],[137.377734,54.282324],[137.513184,54.156396],[137.339258,54.100537],[137.622754,53.970459],[137.644824,53.86582],[137.32832,53.538965],[137.738184,53.560303],[137.950488,53.603564],[138.25293,53.726416],[138.378906,53.909277],[138.569141,53.818799],[138.292188,53.592432],[138.450684,53.537012],[138.660742,53.744775],[138.72168,54.04375],[138.695703,54.32002],[139.319727,54.192969],[139.707422,54.277148],[140.178711,54.051563],[140.34707,53.812598],[140.687598,53.596436],[141.005664,53.49458],[141.217676,53.334473],[141.37373,53.292773],[141.402051,53.183984],[141.086816,52.897559],[141.255859,52.840137],[141.24502,52.550146],[141.169824,52.368408],[141.485254,52.178516],[141.366895,51.920654],[141.129395,51.727783],[140.932617,51.619922],[140.838574,51.41416],[140.687695,51.232275],[140.670703,51.051318],[140.520898,50.800195],[140.476367,50.545996],[140.535449,50.130762],[140.624512,50.082422],[140.462695,49.911475],[140.517188,49.596143],[140.308984,49.053906],[140.37832,48.964111],[140.224219,48.772852],[140.170605,48.523682],[139.998438,48.323779],[139.372656,47.887354],[139.001367,47.383301],[138.586816,47.057227],[138.391797,46.745068],[138.336914,46.543408],[138.210156,46.462939],[138.106348,46.250732],[137.685449,45.818359],[137.425195,45.63999],[137.146973,45.393506],[136.803516,45.171143],[136.460449,44.822119],[136.251172,44.666797],[136.142285,44.489111],[135.874609,44.373535],[135.533203,43.971484],[135.483398,43.83501],[135.260156,43.684619],[135.131055,43.525732],[134.691797,43.290576],[134.156445,43.042139],[134.010449,42.947461],[133.709375,42.829932],[133.586719,42.828223],[133.159961,42.696973],[132.996582,42.808008],[132.863574,42.79375],[132.708984,42.87583],[132.481348,42.909766],[132.303809,42.883301],[132.334375,43.238672],[132.233203,43.245068],[132.028711,43.118945],[131.72207,43.202637],[131.393262,42.822314],[131.158301,42.626025],[130.756152,42.673291],[130.83418,42.522949],[130.687305,42.302539]]],[[[47.441992,80.853662],[48.445703,80.806006],[48.625488,80.629297],[47.600098,80.741943],[47.303906,80.606201],[46.141406,80.446729],[45.124512,80.652246],[46.799121,80.755225],[47.441992,80.853662]]],[[[50.278125,80.927246],[50.801074,80.91416],[51.703613,80.687646],[50.96084,80.540479],[49.845996,80.497656],[49.585938,80.376563],[48.896094,80.369189],[49.010742,80.207422],[48.466797,80.110107],[47.632422,80.111963],[46.991016,80.182764],[46.644434,80.300342],[47.656055,80.500537],[48.402637,80.568799],[49.185254,80.558643],[49.244336,80.821387],[50.278125,80.927246]]],[[[67.765332,76.237598],[67.126953,76.108154],[66.282422,75.983691],[64.262598,75.719678],[63.659473,75.66875],[61.355957,75.314844],[60.655371,75.055029],[60.222461,74.796582],[59.240137,74.692969],[59.100977,74.50752],[58.534668,74.498926],[58.665039,74.289258],[58.441406,74.128857],[57.767383,74.013818],[57.872266,73.850439],[57.542578,73.658203],[57.134375,73.504395],[56.963867,73.366553],[56.430371,73.297217],[55.549219,73.356836],[55.006836,73.453857],[54.299902,73.350977],[54.20459,73.542041],[53.762891,73.766162],[54.642676,73.95957],[55.340918,74.419629],[56.07832,74.481299],[55.582227,74.627686],[55.913672,74.796094],[56.49873,74.95708],[55.998047,75.003369],[55.810059,75.124902],[56.035547,75.194238],[56.570312,75.097754],[57.0875,75.383838],[57.606836,75.34126],[57.783398,75.506689],[58.88125,75.854785],[60.036133,75.983838],[60.279297,76.09624],[61.053906,76.119873],[61.20166,76.282031],[61.787109,76.291016],[62.471094,76.230469],[62.971484,76.23667],[64.463477,76.378174],[65.862891,76.61333],[66.062988,76.746094],[66.828809,76.923828],[67.534961,77.007764],[68.485742,76.933691],[68.87334,76.7896],[68.899805,76.572949],[68.16543,76.284863],[67.765332,76.237598]]],[[[55.319824,73.308301],[56.137695,73.256152],[56.42959,73.201172],[56.188965,73.033008],[56.083789,72.789404],[55.723438,72.766406],[55.616406,72.599072],[55.355957,72.465088],[55.518066,72.220654],[55.297852,71.935352],[56.043164,71.345605],[56.454395,71.107373],[56.894824,70.927002],[57.625391,70.728809],[57.145898,70.589111],[56.648828,70.646533],[56.43457,70.562988],[56.14248,70.657861],[55.687305,70.692188],[55.236914,70.666016],[54.601172,70.680078],[53.722363,70.814453],[53.587793,71.052295],[53.886133,71.196289],[53.409961,71.340137],[53.363867,71.54165],[52.908984,71.49502],[52.418848,71.536865],[51.812598,71.491309],[51.59043,71.571143],[51.438672,71.776807],[51.58252,72.071191],[51.885449,72.153223],[52.252051,72.129736],[52.62207,72.300977],[52.916602,72.668896],[52.528516,72.737354],[52.812207,72.875244],[53.247266,72.973145],[53.197949,73.147559],[53.753223,73.293262],[54.091016,73.276465],[54.803906,73.387646],[55.319824,73.308301]]],[[[96.526563,81.075586],[96.75498,80.957861],[97.831836,80.798291],[97.856445,80.698096],[97.221387,80.652441],[97.025391,80.535547],[97.175195,80.241016],[94.565039,80.126074],[93.872363,80.010107],[92.201563,80.179297],[91.523828,80.358545],[91.89668,80.477539],[92.57793,80.533252],[93.2625,80.79126],[92.592578,80.780859],[93.065137,80.988477],[94.611621,81.114648],[95.15957,81.270996],[95.800684,81.280469],[96.526563,81.075586]]],[[[97.674512,80.158252],[98.353125,79.884326],[98.596484,80.052197],[99.294922,80.016357],[100.06123,79.7771],[99.781641,79.628271],[99.680664,79.32334],[99.16709,79.306299],[99.929297,78.961426],[99.439551,78.834229],[98.411133,78.787793],[97.555469,78.826562],[96.347363,79.015869],[95.796484,79.001416],[94.652344,79.12749],[94.21875,79.402344],[93.070801,79.495312],[93.404688,79.631592],[94.257129,79.829736],[94.347266,79.941943],[94.987305,80.096826],[96.416602,80.104346],[97.674512,80.158252]]],[[[102.884766,79.253955],[102.950391,79.055762],[103.672852,79.15],[104.452051,78.880029],[105.145996,78.818848],[105.312598,78.499902],[104.832617,78.352734],[103.719336,78.258252],[102.180469,78.205322],[101.204102,78.191943],[100.082227,77.975],[99.287109,78.038086],[100.018945,78.338916],[100.283984,78.679199],[100.875586,78.783594],[100.901367,78.980078],[101.196094,79.204443],[101.590625,79.350439],[102.789844,79.392139],[102.884766,79.253955]]],[[[140.04873,75.828955],[140.496289,75.689795],[140.944141,75.700488],[141.032617,75.988965],[141.485449,76.137158],[142.460352,75.903613],[143.185156,75.813623],[143.68584,75.863672],[145.255273,75.585596],[144.726758,75.365576],[144.883496,75.268945],[144.407813,75.102295],[144.019727,75.044678],[143.170313,75.116895],[142.729492,75.337646],[142.734473,75.54458],[143.002441,75.659863],[142.551563,75.720898],[142.08623,75.660645],[142.151074,75.457568],[142.616797,75.133252],[143.12793,74.970313],[142.778223,74.867773],[142.287402,74.849902],[141.987305,74.99126],[140.267871,74.846924],[139.605859,74.945605],[139.325586,74.686816],[139.099121,74.656543],[138.092285,74.797461],[137.683008,75.008545],[137.00625,75.23501],[137.289746,75.348633],[137.268848,75.749414],[137.706543,75.75957],[137.501172,75.909668],[138.207617,76.114941],[138.813965,76.199707],[139.743359,75.953076],[140.04873,75.828955]]],[[[146.795215,75.370752],[147.496973,75.440527],[148.432422,75.413525],[148.475,75.272412],[150.103906,75.219238],[150.530566,75.099854],[150.646289,74.94458],[149.596875,74.772607],[149.050195,74.772461],[148.092383,74.825684],[147.626855,74.958936],[147.144043,74.998437],[146.148535,75.198291],[146.438477,75.558203],[146.750977,75.510449],[146.795215,75.370752]]],[[[178.861523,70.826416],[178.62832,71.047363],[178.891113,71.231104],[179.547656,71.447656],[180,71.537744],[180,70.993018],[179.647656,70.898926],[178.861523,70.826416]]],[[[142.761035,54.393945],[142.976172,54.140967],[142.917969,53.794238],[143.223633,53.296045],[143.324707,52.963086],[143.323633,52.613574],[143.172266,52.349365],[143.155566,52.08374],[143.294727,51.744336],[143.320508,51.583252],[143.455469,51.471484],[143.736035,50.506738],[143.816016,50.282617],[144.047949,49.895752],[144.27207,49.311328],[144.536328,48.893555],[144.125488,49.208545],[143.732324,49.312012],[143.382227,49.290674],[143.10498,49.198828],[142.574219,48.072168],[142.556934,47.737891],[142.670117,47.536914],[142.863965,47.391797],[143.005566,47.222705],[143.089258,47.000781],[143.217676,46.794873],[143.447266,46.791992],[143.580664,46.360693],[143.418652,46.222021],[143.352148,46.476221],[143.282324,46.558984],[142.829297,46.605273],[142.578027,46.700781],[142.406445,46.554688],[142.208594,46.088867],[142.077148,45.917041],[141.961621,46.013477],[141.830371,46.451074],[141.866504,46.694189],[142.038672,47.140283],[141.964063,47.587451],[142.181738,48.013379],[142.135352,48.290088],[141.866309,48.750098],[142.020117,49.078467],[142.142285,49.569141],[142.153125,50.216748],[142.071094,50.51499],[142.100488,50.776465],[142.20791,50.998486],[142.206738,51.222559],[142.005957,51.520508],[141.722363,51.736328],[141.808105,51.789209],[141.668457,51.93335],[141.66084,52.272949],[141.80332,52.555615],[141.873633,53.038916],[141.823535,53.339502],[141.964453,53.456396],[142.141992,53.495605],[142.318945,53.405469],[142.526172,53.447461],[142.50918,53.587598],[142.642871,53.736768],[142.670215,53.968408],[142.334961,54.280713],[142.55166,54.278955],[142.761035,54.393945]]],[[[-178.876465,71.577051],[-178.353564,71.529199],[-177.532178,71.263086],[-177.523584,71.166895],[-177.821777,71.067578],[-179.506689,70.923438],[-179.999951,70.993018],[-179.999951,71.537744],[-179.691016,71.577979],[-178.876465,71.577051]]],[[[52.90332,71.36499],[53.205176,71.159717],[52.835352,71.08584],[52.296582,71.356836],[52.90332,71.36499]]],[[[161.46709,68.900977],[161.461133,68.995605],[161.136523,69.110254],[161.110742,69.469824],[161.505176,69.639453],[161.540332,69.436523],[161.350879,69.369336],[161.394238,69.106445],[161.516992,68.96958],[161.46709,68.900977]]],[[[137.959863,71.507666],[137.711816,71.423242],[137.281836,71.579932],[137.816797,71.587891],[137.959863,71.507666]]],[[[96.532422,76.278125],[96.108789,76.155469],[95.78623,76.293896],[96.532422,76.278125]]],[[[96.285449,77.02666],[95.854688,76.974951],[95.420703,77.056494],[96.528418,77.205518],[96.285449,77.02666]]],[[[74.660547,72.873437],[74.100195,73.021533],[74.198535,73.109082],[74.725293,73.108154],[74.660547,72.873437]]],[[[70.020703,66.502197],[69.651367,66.565332],[69.469336,66.715967],[70.07666,66.695898],[70.020703,66.502197]]],[[[51.409277,79.944238],[50.454102,79.924414],[50.091406,79.980566],[50.936328,80.094238],[51.409277,79.944238]]],[[[58.622363,81.04165],[58.859961,80.779395],[57.937891,80.793359],[57.405176,80.915137],[58.049512,81.118457],[58.622363,81.04165]]],[[[50.265234,69.185596],[49.920801,69.053271],[49.62627,68.859717],[49.180469,68.778418],[48.666992,68.733154],[48.439062,68.804883],[48.278809,69.040332],[48.319922,69.269238],[48.631348,69.436035],[49.225195,69.51123],[50.167285,69.25708],[50.265234,69.185596]]],[[[63.373828,80.700098],[62.520313,80.821875],[63.11582,80.966797],[64.095703,80.99834],[64.310156,81.175195],[64.802051,81.197266],[65.382031,81.056738],[65.437402,80.930713],[64.54834,80.75542],[63.373828,80.700098]]],[[[57.95625,80.123242],[57.392285,80.13916],[57.075,80.493945],[58.480469,80.464746],[58.397949,80.31875],[57.95625,80.123242]]],[[[62.167773,80.834766],[62.075781,80.616943],[61.05127,80.418604],[60.27832,80.494434],[59.649805,80.43125],[59.304395,80.521533],[59.592285,80.816504],[60.481543,80.804248],[61.597461,80.89292],[62.167773,80.834766]]],[[[61.14082,80.950342],[60.058203,80.984619],[60.586621,81.087695],[61.457422,81.103955],[61.14082,80.950342]]],[[[53.521387,80.185205],[52.856348,80.173242],[52.213379,80.263721],[53.185645,80.412646],[53.85166,80.268359],[53.521387,80.185205]]],[[[57.078711,80.350928],[57.080176,80.094678],[56.200586,80.076465],[56.024414,80.341309],[57.078711,80.350928]]],[[[57.810254,81.546045],[58.436035,81.46416],[57.858691,81.368066],[58.015332,81.254834],[57.450977,81.135547],[56.821875,81.237939],[55.716699,81.188477],[57.091504,81.541211],[57.810254,81.546045]]],[[[54.718945,81.115967],[55.470703,81.019873],[56.170117,81.02915],[57.694141,80.792285],[56.814746,80.663623],[55.7125,80.637305],[55.117188,80.751904],[54.066602,80.813623],[54.718945,81.115967]]],[[[58.29541,81.715186],[58.13457,81.827979],[59.261816,81.854199],[59.356445,81.758984],[58.29541,81.715186]]],[[[92.683496,79.685205],[92.153711,79.684668],[91.126074,79.904932],[91.425977,80.049219],[92.173438,80.045459],[93.803125,79.904541],[93.603516,79.816748],[92.683496,79.685205]]],[[[91.567187,81.141211],[91.222852,81.063818],[89.975781,81.113135],[90.069922,81.213721],[91.567187,81.141211]]],[[[141.010254,73.999463],[140.507227,73.918652],[140.183203,74.00459],[140.101562,74.184277],[140.407422,74.266455],[140.849219,74.273779],[141.097461,74.167822],[141.010254,73.999463]]],[[[142.184863,73.895898],[142.63916,73.803076],[143.34375,73.56875],[143.491309,73.246436],[143.193262,73.220752],[142.342188,73.252881],[141.59668,73.31084],[140.662793,73.452002],[140.593555,73.564551],[141.084766,73.865869],[142.184863,73.895898]]],[[[135.948633,75.40957],[135.451953,75.389551],[135.613867,75.766309],[136.168945,75.605566],[135.948633,75.40957]]],[[[136.197461,73.913623],[136.051465,73.929102],[135.402441,74.201709],[135.62832,74.219922],[136.25918,73.984961],[136.197461,73.913623]]],[[[137.940527,55.092627],[138.17207,55.060059],[137.991211,54.820703],[137.661133,54.653271],[137.462695,54.873389],[137.435547,55.016016],[137.577344,55.197021],[137.940527,55.092627]]],[[[169.200781,69.580469],[168.915723,69.571436],[168.348047,69.664355],[167.788867,69.836865],[168.35791,70.015674],[169.374805,69.882617],[169.200781,69.580469]]],[[[163.635156,58.603369],[163.760938,59.015039],[164.202148,59.096191],[164.517383,59.226758],[164.629297,59.112207],[164.615723,58.885596],[164.278809,58.838086],[163.635156,58.603369]]],[[[166.650293,54.839062],[166.324805,54.864551],[165.991895,55.190479],[165.751074,55.294531],[165.93125,55.351465],[166.275781,55.311963],[166.248047,55.16543],[166.404297,55.005615],[166.650293,54.839062]]],[[[154.810449,49.312012],[154.612988,49.380615],[154.824902,49.646924],[154.810449,49.312012]]],[[[156.405078,50.657617],[156.167969,50.731885],[156.376465,50.862109],[156.4875,50.842969],[156.405078,50.657617]]],[[[155.921094,50.302197],[155.792383,50.202051],[155.516406,50.145605],[155.397168,50.04126],[155.243066,50.094629],[155.218359,50.297852],[155.680176,50.400732],[155.884766,50.684131],[156.122852,50.671289],[156.044434,50.451758],[155.921094,50.302197]]],[[[149.687695,45.642041],[149.44707,45.593359],[149.665918,45.839795],[149.796289,45.876074],[149.962305,46.021924],[150.348633,46.213428],[150.553125,46.208545],[150.23457,46.012305],[150.19502,45.933203],[149.883398,45.783154],[149.687695,45.642041]]],[[[148.599512,45.317627],[148.262305,45.216846],[147.91377,44.990381],[147.657813,44.977148],[147.563086,44.835547],[147.310156,44.677637],[147.140918,44.66333],[147.246582,44.856055],[147.430469,44.945215],[147.769434,45.190723],[147.964551,45.377734],[148.056055,45.262109],[148.324219,45.282422],[148.612305,45.484668],[148.812207,45.51001],[148.790723,45.323975],[148.599512,45.317627]]],[[[146.207617,44.497656],[146.436523,44.375684],[146.296191,44.280957],[146.112305,44.245947],[145.914062,44.103711],[145.766992,43.940723],[145.666309,43.999072],[145.94043,44.272656],[146.112109,44.500146],[146.207617,44.497656]]],[[[113.387207,74.400439],[113.258887,74.272705],[112.782422,74.095068],[112.195801,74.14624],[111.642969,74.272949],[111.949219,74.38877],[112.084473,74.548975],[112.951758,74.47959],[113.387207,74.400439]]],[[[76.248926,79.651074],[77.360156,79.556836],[76.649512,79.493408],[76.248926,79.651074]]],[[[80.02666,80.848145],[79.098535,80.812061],[79.217383,80.960352],[80.02666,80.848145]]],[[[70.673926,73.09502],[70.380371,73.048096],[69.920117,73.084521],[69.995898,73.359375],[70.35,73.477637],[70.940234,73.514404],[71.589551,73.283154],[71.626172,73.173975],[70.673926,73.09502]]],[[[77.63252,72.29126],[76.905957,72.297656],[76.903125,72.365576],[77.377832,72.565283],[77.748535,72.631201],[78.279102,72.553223],[78.365137,72.482422],[77.63252,72.29126]]],[[[79.501465,72.721924],[78.880566,72.751611],[78.656836,72.892285],[79.164258,73.094336],[79.541309,72.918652],[79.501465,72.721924]]],[[[60.450488,69.934863],[60.440234,69.725928],[60.215918,69.687695],[59.578223,69.738623],[59.502637,69.866211],[58.952734,69.892773],[58.680078,70.051025],[58.473047,70.266846],[58.794238,70.432959],[59.005273,70.465186],[59.636328,70.197021],[60.450488,69.934863]]],[[[20.957813,55.278906],[20.594824,54.982373],[20.8875,54.909473],[21.188867,54.935205],[21.235742,55.264111],[22.072363,55.063672],[22.567285,55.059131],[22.83125,54.838477],[22.679883,54.493018],[22.766211,54.356787],[22.168457,54.359863],[20.208203,54.420752],[19.604395,54.45918],[19.758496,54.544824],[19.944141,54.75],[19.974512,54.921191],[20.39668,54.95127],[20.520313,54.994873],[20.899805,55.28667],[20.957813,55.278906]]],[[[33.594141,46.09624],[33.659965,46.219573],[33.806667,46.208288],[34.02672,46.106725],[34.353978,46.061586],[34.449898,45.965666],[34.686878,45.97695],[34.799726,45.790752],[35.001674,45.733383],[35.373926,45.353613],[35.558008,45.310889],[35.833496,45.401611],[36.012891,45.37168],[36.170508,45.453076],[36.575,45.393555],[36.450781,45.232324],[36.393359,45.065381],[35.870117,45.005322],[35.677539,45.102002],[35.472559,45.098486],[35.357813,44.978418],[35.154785,44.896338],[35.087695,44.802637],[34.716895,44.807129],[34.469922,44.72168],[34.281738,44.538428],[34.074414,44.423828],[33.909961,44.387598],[33.655859,44.433203],[33.450684,44.553662],[33.612207,44.907812],[33.555176,45.097656],[33.39248,45.187842],[33.186914,45.194775],[32.918652,45.348145],[32.611328,45.328076],[32.508008,45.403809],[33.142285,45.749219],[33.280078,45.765234],[33.664844,45.94707],[33.594141,46.09624]]]]},"properties":{"name":"Russia"},"id":"RU"},
    {"type":"Feature","geometry":{"type":"Polygon","coordinates":[[[18.832227,49.510791],[18.596484,49.491455],[18.364844,49.33623],[18.160938,49.257373],[18.085938,49.065137],[17.758496,48.888135],[17.482617,48.827783],[17.188477,48.860937],[17.063281,48.780762],[16.953125,48.598828],[16.883691,48.703711],[16.47793,48.800098],[16.367285,48.738965],[16.057227,48.754785],[15.825195,48.864453],[15.700781,48.860449],[15.310938,48.974023],[14.972168,48.983936],[14.922559,48.771387],[14.821875,48.774023],[14.691309,48.599219],[14.488672,48.625537],[14.367578,48.576221],[14.049121,48.60249],[13.814746,48.766943],[13.547656,48.959668],[13.140527,49.15835],[12.916699,49.330469],[12.813379,49.329346],[12.632031,49.46123],[12.390527,49.739648],[12.497559,49.853076],[12.457617,49.955518],[12.276465,50.042334],[12.277344,50.181445],[12.452637,50.349805],[13.472559,50.616943],[13.526563,50.692822],[13.898535,50.761279],[14.369043,50.89873],[14.507324,51.009863],[14.72334,50.814697],[14.809375,50.858984],[14.98291,50.886572],[14.99375,51.014355],[15.258594,50.958545],[15.354395,50.811768],[15.730566,50.739697],[16.007227,50.611621],[16.282227,50.655615],[16.419727,50.573633],[16.210352,50.42373],[16.679102,50.097461],[16.993359,50.259717],[16.869141,50.414502],[17.151953,50.37832],[17.589355,50.157471],[17.874805,49.972266],[18.02832,50.035254],[18.305273,49.914062],[18.562402,49.879346],[18.594629,49.757812],[18.806934,49.613721],[18.832227,49.510791]]]},"properties":{"name":"Czech Republic"},"id":"CZ"},
    {"type":"Feature","geometry":{"type":"MultiPolygon","coordinates":[[[[9.524023,47.524219],[9.182813,47.670703],[8.881152,47.656396],[8.617871,47.766113],[8.198242,47.606934],[7.927051,47.563867],[7.615625,47.592725],[7.529395,47.673877],[7.593262,47.905664],[7.58418,48.064307],[7.705664,48.280029],[7.837988,48.636035],[8.140332,48.886426],[8.134863,48.973584],[7.610938,49.061768],[7.450586,49.152197],[7.022168,49.123438],[6.891211,49.20752],[6.735449,49.160596],[6.458105,49.442871],[6.344336,49.452734],[6.487305,49.798486],[6.256055,49.872168],[6.138184,49.974316],[6.116504,50.120996],[6.175098,50.232666],[6.364453,50.316162],[6.235938,50.59668],[5.993945,50.750439],[6.048438,50.904883],[5.894727,50.984229],[6.12998,51.147412],[6.075879,51.224121],[6.193262,51.488916],[5.948535,51.762402],[6.166504,51.880762],[6.355664,51.824658],[6.741797,51.910889],[6.749023,52.098682],[6.977246,52.205518],[7.035156,52.380225],[6.748828,52.464014],[6.748438,52.634082],[7.013184,52.633545],[7.189941,52.999512],[7.197266,53.282275],[7.05332,53.37583],[7.107129,53.556982],[7.285254,53.681348],[8.009277,53.690723],[8.245215,53.445312],[8.301563,53.584131],[8.538477,53.556885],[8.528418,53.781104],[8.618945,53.875],[8.897754,53.835693],[8.906641,54.260791],[8.648047,54.397656],[8.951855,54.467578],[8.957227,54.53833],[8.682324,54.791846],[8.670313,54.903418],[8.90293,54.896924],[9.341992,54.806299],[9.739746,54.825537],[10.022168,54.673926],[10.028809,54.581299],[10.212402,54.408936],[10.360449,54.43833],[10.731543,54.31626],[11.013379,54.37915],[11.008594,54.181152],[10.810742,54.075146],[10.917773,53.995312],[11.104297,54.00918],[11.399609,53.944629],[11.796289,54.145459],[12.111328,54.168311],[12.575391,54.467383],[13.028613,54.411035],[13.147461,54.282715],[13.448047,54.140869],[13.724219,54.153223],[13.865527,53.853369],[14.025,53.767432],[14.258887,53.729639],[14.414551,53.283496],[14.368555,53.105566],[14.128613,52.878223],[14.514063,52.645605],[14.619434,52.528516],[14.55459,52.359668],[14.752539,52.081836],[14.60166,51.832373],[14.738672,51.627148],[14.724707,51.523877],[14.905957,51.46333],[15.016602,51.252734],[14.809375,50.858984],[14.72334,50.814697],[14.507324,51.009863],[14.369043,50.89873],[13.898535,50.761279],[13.526563,50.692822],[13.472559,50.616943],[12.452637,50.349805],[12.277344,50.181445],[12.276465,50.042334],[12.457617,49.955518],[12.497559,49.853076],[12.390527,49.739648],[12.632031,49.46123],[12.813379,49.329346],[12.916699,49.330469],[13.140527,49.15835],[13.547656,48.959668],[13.814746,48.766943],[13.785352,48.587451],[13.675195,48.523047],[13.486621,48.581836],[13.409375,48.394141],[12.814258,48.16084],[12.760059,48.075977],[12.953516,47.890625],[12.897656,47.721875],[13.033594,47.69873],[13.014355,47.478076],[12.782813,47.56416],[12.68584,47.669336],[12.48291,47.637305],[12.196875,47.709082],[12.185645,47.619531],[11.716797,47.583496],[11.297949,47.424902],[10.980859,47.398145],[10.873047,47.520215],[10.430371,47.541064],[10.312793,47.313428],[10.096484,47.37959],[10.034082,47.473584],[9.748926,47.575537],[9.524023,47.524219]]],[[[13.70918,54.382715],[13.482031,54.337402],[13.364355,54.24585],[13.190039,54.325635],[13.17666,54.544238],[13.422754,54.699316],[13.670703,54.535449],[13.70918,54.382715]]],[[[14.211426,53.950342],[14.213672,53.870752],[13.925781,53.879053],[13.92168,53.996631],[14.211426,53.950342]]]]},"properties":{"name":"Germany"},"id":"DE"},
    {"type":"Feature","geometry":{"type":"MultiPolygon","coordinates":[[[[27.351953,57.528125],[26.899805,57.608789],[26.532617,57.531006],[26.298047,57.601074],[25.991113,57.838184],[25.79375,57.868555],[25.340039,58.039453],[25.111035,58.063428],[24.322559,57.870605],[24.463867,58.105957],[24.529102,58.354248],[24.336914,58.381396],[24.114844,58.266113],[23.767578,58.36084],[23.509277,58.658545],[23.533594,58.781934],[23.432031,58.920654],[23.515039,58.999219],[23.494434,59.195654],[23.78252,59.275146],[24.083398,59.291895],[24.380371,59.472656],[24.583594,59.455664],[24.877539,59.52207],[25.44375,59.521143],[25.509277,59.639014],[25.79375,59.634668],[26.625,59.553906],[26.974707,59.450635],[27.892578,59.414209],[28.0125,59.484277],[28.151074,59.374414],[27.897656,59.277637],[27.757617,59.052002],[27.464453,58.841309],[27.427051,58.733057],[27.531348,58.435254],[27.487793,58.270068],[27.752832,57.841016],[27.54209,57.799414],[27.351953,57.528125]]],[[[22.617383,58.62124],[22.964258,58.605713],[23.292871,58.483496],[22.757031,58.260889],[22.498438,58.23623],[22.15293,58.115332],[21.882129,58.262354],[22.081348,58.478125],[22.328125,58.580859],[22.617383,58.62124]]],[[[22.92373,58.826904],[22.767285,58.820898],[22.542188,58.68999],[22.411035,58.863379],[22.587207,59.081201],[22.909863,58.991211],[22.92373,58.826904]]]]},"properties":{"name":"Estonia"},"id":"EE"},
    {"type":"Feature","geometry":{"type":"Polygon","coordinates":[[[26.593555,55.667529],[26.28125,55.750439],[26.085547,55.896875],[25.585742,56.130176],[25.069922,56.200391],[24.903027,56.398193],[24.529004,56.296289],[24.120703,56.264258],[23.812695,56.329248],[22.968262,56.38042],[22.586914,56.375098],[22.08457,56.406738],[21.653516,56.314551],[21.046094,56.070068],[21.014941,56.258936],[21.071289,56.82373],[21.350781,57.017676],[21.45918,57.322461],[21.728711,57.570996],[22.55459,57.724268],[22.648633,57.595361],[23.136816,57.323828],[23.287305,57.089746],[23.647754,56.971045],[23.931152,57.008496],[24.28125,57.172314],[24.403223,57.325],[24.322559,57.870605],[25.111035,58.063428],[25.340039,58.039453],[25.79375,57.868555],[25.991113,57.838184],[26.298047,57.601074],[26.532617,57.531006],[26.899805,57.608789],[27.351953,57.528125],[27.796875,57.316943],[27.814551,57.166895],[27.639453,56.845654],[27.806055,56.86709],[28.00752,56.599854],[28.103125,56.545703],[28.202051,56.2604],[28.147949,56.14292],[27.896289,56.076172],[27.642285,55.911719],[27.576758,55.798779],[27.052539,55.830566],[26.822461,55.709229],[26.593555,55.667529]]]},"properties":{"name":"Latvia"},"id":"LV"},
    {"type":"Feature","geometry":{"type":"MultiPolygon","coordinates":[[[[20.622168,69.036865],[20.116699,69.020898],[20.337109,68.899658],[20.319434,68.754053],[19.968848,68.542041],[20.240039,68.477539],[19.969824,68.356396],[19.052637,68.492725],[18.378613,68.562402],[18.162598,68.528418],[18.17666,68.200635],[17.916699,67.964893],[17.324609,68.103809],[16.783594,67.89502],[16.585547,67.62832],[16.193555,67.505176],[16.127441,67.42583],[16.434277,67.155078],[16.403516,67.05498],[15.422949,66.489844],[15.483789,66.305957],[15.15332,66.191064],[14.543262,66.129346],[14.635156,65.84502],[14.479688,65.301465],[14.115137,64.946143],[13.650293,64.581543],[14.077637,64.464014],[14.141211,64.173535],[13.960547,64.014014],[13.299609,64.074805],[12.987598,64.050488],[12.6625,63.940479],[12.175195,63.595947],[12.212109,63.492236],[11.999902,63.291699],[12.218164,63.000635],[12.108594,62.919482],[12.114551,62.591895],[12.303516,62.285596],[12.155371,61.720752],[12.596094,61.541309],[12.880762,61.352295],[12.683008,61.046826],[12.294141,61.002686],[12.314648,60.892139],[12.588672,60.450732],[12.486133,60.106787],[12.169238,59.912891],[11.932129,59.863672],[11.680762,59.592285],[11.798145,59.289893],[11.642773,58.926074],[11.470703,58.909521],[11.388281,59.036523],[11.365918,59.104541],[10.834473,59.183936],[10.644922,59.389209],[10.634375,59.60249],[10.398145,59.519336],[10.431348,59.279639],[10.179395,59.009277],[9.618457,58.946045],[8.928418,58.569971],[8.521387,58.300586],[8.166113,58.145313],[7.465918,58.020947],[7.004883,58.024219],[6.659863,58.262744],[6.389063,58.267969],[5.706836,58.523633],[5.517285,58.726514],[5.555566,58.975195],[5.854297,58.959473],[5.968555,59.186133],[5.845215,59.353467],[5.564063,59.291211],[5.362305,59.166357],[5.131641,59.226465],[5.185059,59.453662],[5.304883,59.642578],[5.472461,59.713086],[5.772168,59.660938],[5.867285,59.733984],[5.730469,59.863086],[6.111816,60.13208],[6.15332,60.34624],[5.494531,59.825586],[5.234473,59.691797],[5.119238,59.833691],[5.205664,60.087939],[5.494531,60.070312],[5.183594,60.308398],[5.137109,60.445605],[5.244043,60.56958],[5.049121,60.70752],[5.008594,61.038184],[5.324609,61.108252],[5.02168,61.250586],[5.002734,61.433594],[5.258301,61.455469],[4.927832,61.710693],[4.985059,61.900439],[5.465332,61.896924],[6.01582,61.7875],[6.131152,61.852441],[5.473047,61.945605],[5.15957,61.956982],[5.143164,62.159912],[5.357715,62.151709],[5.533301,62.310889],[6.118457,62.447168],[6.35293,62.611133],[6.744629,62.637891],[7.283789,62.602295],[7.24209,62.752344],[6.77998,62.700732],[6.781543,62.789648],[7.008496,62.957666],[7.571875,63.099512],[8.100586,63.090967],[8.271484,63.286572],[8.580176,63.313379],[8.59375,63.426123],[8.398145,63.535107],[8.842383,63.645898],[9.323633,63.570361],[9.696875,63.624561],[10.080566,63.432715],[10.760156,63.461279],[10.725293,63.625],[11.370703,63.804834],[11.175586,63.898877],[10.914258,63.921094],[10.934863,63.770215],[10.33916,63.571045],[9.924023,63.521777],[9.708008,63.864893],[10.009961,64.083154],[10.23623,64.179639],[10.565625,64.418311],[10.833984,64.494482],[11.225391,64.679492],[11.349902,64.905908],[12.159668,65.178955],[12.122168,65.362354],[12.272852,65.568164],[12.627734,65.806152],[12.688867,65.902197],[12.976074,66.019189],[12.783789,66.100439],[13.118848,66.230664],[13.104688,66.539404],[13.311816,66.701855],[13.621094,66.794824],[13.651563,66.90708],[13.880176,66.964893],[14.108789,67.119238],[15.434766,67.24668],[14.44834,67.297852],[14.75498,67.499023],[15.218652,67.655371],[14.781348,67.674902],[14.798926,67.809326],[15.316016,68.06875],[15.656641,68.164355],[16.064551,68.199902],[16.120801,68.027344],[16.372168,68.061816],[16.174805,68.28125],[16.387891,68.389551],[16.864941,68.355273],[17.571191,68.447461],[16.584863,68.466455],[16.651855,68.625781],[17.131152,68.693457],[17.39082,68.799365],[17.70459,69.100049],[18.101465,69.156299],[18.078711,69.325244],[18.293164,69.475098],[18.991113,69.561133],[19.197266,69.747852],[20.068945,69.883447],[20.387207,69.867627],[20.277148,69.53584],[20.5625,69.632812],[20.62207,69.913916],[21.163086,69.889502],[21.253711,70.003223],[21.974707,69.83457],[21.802734,70.066064],[21.400391,70.174463],[21.995508,70.293359],[22.68457,70.374756],[22.941211,70.30498],[23.046484,70.101855],[23.66123,70.399756],[24.038477,70.485352],[24.42002,70.702002],[24.263477,70.826318],[24.658008,71.001025],[25.042188,70.928613],[25.768164,70.853174],[25.273535,70.552393],[24.994238,70.218213],[25.211816,70.136475],[25.470508,70.340576],[26.506934,70.912793],[26.733984,70.853564],[26.583984,70.453809],[26.989355,70.511377],[27.183691,70.744043],[27.555664,70.827393],[27.235254,70.947217],[27.59707,71.091309],[28.392285,70.975293],[28.202734,70.576904],[28.437305,70.501367],[28.609375,70.759668],[28.831543,70.863965],[29.102344,70.860742],[29.397656,70.734131],[29.796484,70.642529],[30.065137,70.702979],[30.213184,70.543311],[30.595898,70.523682],[30.926367,70.401123],[30.944141,70.274414],[29.925879,70.096484],[28.781152,70.14541],[28.804297,70.092529],[29.601367,69.976758],[29.635938,69.780127],[29.79209,69.727881],[30.484375,69.794873],[30.869727,69.783447],[30.860742,69.538428],[30.61543,69.532568],[30.227539,69.633789],[29.994043,69.39248],[29.388281,69.298145],[29.209961,69.097021],[28.96582,69.021973],[28.846289,69.176904],[29.333398,69.472998],[29.141602,69.671436],[28.411719,69.822754],[27.889941,70.06167],[27.591699,70.042236],[27.108691,69.904687],[26.525391,69.915039],[26.011523,69.652637],[25.748633,69.231445],[25.74834,68.990137],[25.357129,68.862451],[24.941406,68.593262],[23.854004,68.805908],[23.707031,68.713867],[23.324023,68.648975],[22.410938,68.719873],[22.300391,68.855859],[21.621777,69.270703],[21.266797,69.273682],[21.052637,69.186572],[21.127832,69.080811],[20.622168,69.036865]]],[[[23.440527,70.815771],[23.068164,70.594092],[22.358691,70.514795],[22.350293,70.657666],[23.440527,70.815771]]],[[[25.586328,71.14209],[25.94502,71.104639],[26.133789,70.995801],[25.582031,70.960791],[25.314941,71.034131],[25.586328,71.14209]]],[[[23.615332,70.549316],[23.547754,70.408154],[23.15918,70.282617],[22.941016,70.44458],[23.615332,70.549316]]],[[[13.872852,68.265332],[14.029297,68.187549],[13.229395,67.995361],[13.199512,68.087256],[13.537988,68.249023],[13.872852,68.265332]]],[[[15.207129,68.943115],[15.396582,68.783594],[15.22207,68.616309],[14.520801,68.633057],[14.373438,68.711426],[14.872363,68.913867],[15.207129,68.943115]]],[[[19.255078,70.066406],[19.592285,69.970166],[19.334766,69.820264],[19.130859,69.810449],[18.784766,69.579004],[18.274121,69.535498],[18.083496,69.626123],[18.349316,69.767871],[19.255078,70.066406]]],[[[11.231445,64.865869],[10.83252,64.843115],[10.813477,64.923242],[11.132617,64.976172],[11.231445,64.865869]]],[[[17.503027,69.59624],[18.004102,69.50498],[18.076758,69.395752],[17.950684,69.198145],[17.323633,69.130029],[16.971777,69.137891],[17.001758,69.361914],[17.36084,69.381494],[17.251953,69.503809],[17.503027,69.59624]]],[[[15.760352,68.56123],[16.05957,68.680518],[16.150586,68.842383],[16.547363,68.716553],[16.519238,68.633008],[16.193945,68.538477],[15.9125,68.389258],[15.4375,68.312842],[14.926855,68.306592],[14.628906,68.198486],[14.257227,68.256934],[14.58584,68.400342],[15.095313,68.441406],[15.412598,68.61582],[15.564258,68.87373],[15.483008,69.043457],[15.892676,69.277881],[16.114844,69.216406],[15.811719,69.024219],[15.92793,68.733203],[15.760352,68.56123]]],[[[-8.953564,70.83916],[-8.964648,70.915918],[-8.520801,71.030664],[-8.343701,71.140137],[-8.0021,71.04126],[-8.635352,70.94043],[-8.953564,70.83916]]],[[[21.608105,78.595703],[22.043164,78.576953],[22.299512,78.228174],[22.988867,78.251953],[23.451953,78.149463],[23.116699,77.991504],[23.683984,77.875439],[24.238281,77.898535],[24.901855,77.756592],[24.129785,77.658252],[23.841211,77.497754],[22.801758,77.275781],[22.426953,77.315918],[22.056836,77.501172],[21.049902,77.440967],[20.873145,77.565332],[21.201074,77.619482],[21.608398,77.916064],[21.035449,78.05918],[20.786426,78.252148],[20.22793,78.477832],[21.608105,78.595703]]],[[[20.897852,80.249951],[22.376367,80.089648],[22.450781,80.402246],[23.31543,80.425244],[23.114551,80.186963],[23.95293,80.30459],[25.471289,80.233105],[25.836328,80.175146],[26.86084,80.16001],[27.198633,79.906592],[26.005859,79.617041],[25.641211,79.403027],[24.750586,79.3646],[23.947754,79.194287],[22.903711,79.230664],[22.695703,79.329053],[20.861133,79.397852],[19.674609,79.591162],[20.493457,79.632764],[20.784082,79.748584],[20.123438,79.778564],[19.4,79.726562],[18.725,79.760742],[18.255371,79.929199],[18.343848,80.05957],[17.916895,80.143115],[19.354688,80.1854],[20.359375,80.400928],[20.897852,80.249951]]],[[[16.786719,79.906738],[17.578223,79.884668],[18.27207,79.600586],[18.581445,79.571582],[18.772266,79.260254],[19.089453,79.157031],[20.458203,79.129248],[20.500684,78.981396],[21.38877,78.74043],[21.096289,78.67627],[19.76875,78.622705],[19.055664,78.318945],[18.995117,78.081494],[18.439258,78.025049],[18.22793,77.522607],[17.62334,77.399365],[17.152539,77.048926],[17.249023,76.969189],[16.97666,76.811621],[17.062695,76.658984],[16.700488,76.579297],[15.546777,76.886426],[15.124219,77.085107],[14.36582,77.234473],[14.004199,77.445215],[14.071289,77.564111],[14.69502,77.525049],[14.920801,77.688818],[16.205957,77.782471],[17.033301,77.797705],[16.85293,77.911572],[16.060059,77.847119],[15.585352,77.869141],[14.603906,77.766455],[13.791113,77.853809],[13.680566,78.028125],[14.994727,78.151221],[15.657129,78.299023],[16.776953,78.350439],[16.448633,78.503564],[15.417383,78.473242],[15.137305,78.664258],[14.467188,78.675391],[14.431836,78.49248],[14.638281,78.4146],[14.110449,78.270898],[13.150195,78.2375],[12.664648,78.384766],[12.25791,78.594678],[11.773828,78.716406],[11.861035,78.831885],[11.36543,78.950391],[12.045801,78.983154],[11.892773,79.152344],[11.208105,79.129639],[10.737598,79.520166],[10.865918,79.796582],[12.27998,79.815967],[12.753516,79.775781],[13.692871,79.860986],[13.777539,79.715283],[13.039258,79.685156],[13.383594,79.480762],[14.055859,79.383105],[14.039844,79.585645],[14.593652,79.79873],[15.052344,79.675342],[15.660156,79.234863],[16.253516,79.112109],[15.816113,79.681836],[16.100195,79.884424],[16.786719,79.906738]]]]},"properties":{"name":"Norway"},"id":"NO"},
    {"type":"Feature","geometry":{"type":"MultiPolygon","coordinates":[[[[19.076465,57.835938],[18.813867,57.706201],[18.784863,57.361084],[18.699902,57.242725],[18.285352,57.083203],[18.105078,57.271875],[18.136523,57.556641],[18.537402,57.830566],[18.841113,57.900195],[19.076465,57.835938]]],[[[16.528516,56.290527],[16.40127,56.310889],[16.412305,56.568994],[16.630371,56.876855],[16.778027,56.805225],[16.528516,56.290527]]],[[[11.388281,59.036523],[11.470703,58.909521],[11.642773,58.926074],[11.798145,59.289893],[11.680762,59.592285],[11.932129,59.863672],[12.169238,59.912891],[12.486133,60.106787],[12.588672,60.450732],[12.314648,60.892139],[12.294141,61.002686],[12.683008,61.046826],[12.880762,61.352295],[12.596094,61.541309],[12.155371,61.720752],[12.303516,62.285596],[12.114551,62.591895],[12.108594,62.919482],[12.218164,63.000635],[11.999902,63.291699],[12.212109,63.492236],[12.175195,63.595947],[12.6625,63.940479],[12.987598,64.050488],[13.299609,64.074805],[13.960547,64.014014],[14.141211,64.173535],[14.077637,64.464014],[13.650293,64.581543],[14.115137,64.946143],[14.479688,65.301465],[14.635156,65.84502],[14.543262,66.129346],[15.15332,66.191064],[15.483789,66.305957],[15.422949,66.489844],[16.403516,67.05498],[16.434277,67.155078],[16.127441,67.42583],[16.193555,67.505176],[16.585547,67.62832],[16.783594,67.89502],[17.324609,68.103809],[17.916699,67.964893],[18.17666,68.200635],[18.162598,68.528418],[18.378613,68.562402],[19.052637,68.492725],[19.969824,68.356396],[20.240039,68.477539],[19.968848,68.542041],[20.319434,68.754053],[20.337109,68.899658],[20.116699,69.020898],[20.622168,69.036865],[21.46543,68.690674],[21.997461,68.520605],[22.782422,68.391016],[23.097852,68.257568],[23.638867,67.954395],[23.501855,67.875195],[23.537012,67.590381],[23.468066,67.449951],[23.774902,67.328613],[23.623047,67.184131],[23.677344,67.068115],[23.988574,66.810547],[23.865527,66.576611],[23.701172,66.480762],[23.751465,66.191162],[23.907324,66.148242],[24.155469,65.805273],[23.691406,65.828516],[23.102344,65.735352],[22.746582,65.870947],[22.366309,65.842676],[22.254004,65.597559],[21.87959,65.424023],[21.565527,65.408105],[21.573926,65.125781],[21.138184,64.808691],[21.279297,64.724707],[21.465039,64.37959],[21.018457,64.177979],[20.762695,63.867822],[20.204687,63.662451],[19.913672,63.610547],[19.72207,63.46333],[19.354297,63.47749],[19.034375,63.237744],[18.606445,63.178271],[18.463086,62.89585],[17.895605,62.830518],[17.974414,62.721045],[17.834473,62.502734],[17.37334,62.426514],[17.562891,62.212305],[17.374512,61.866309],[17.417285,61.740674],[17.130762,61.575732],[17.250977,60.700781],[17.555469,60.642725],[17.661133,60.535156],[17.955762,60.589795],[18.250488,60.361523],[18.55752,60.253564],[18.535449,60.152881],[18.787012,60.079492],[18.933203,59.942285],[18.970508,59.757227],[18.216895,59.420508],[18.508887,59.407959],[18.285352,59.109375],[17.456738,58.858398],[17.347656,58.780518],[16.978125,58.65415],[16.639355,58.651172],[16.923828,58.492578],[16.651953,58.434326],[16.769922,58.214258],[16.700098,58.160791],[16.694922,57.917529],[16.555371,57.812256],[16.652246,57.500684],[16.475977,57.265137],[16.52793,57.068164],[16.34873,56.709277],[16.150684,56.50083],[15.99668,56.222607],[15.82666,56.124951],[15.626563,56.185596],[15.326563,56.15083],[14.782031,56.161914],[14.754785,56.033154],[14.558594,56.048633],[14.215039,55.832617],[14.20293,55.72915],[14.341699,55.527734],[14.17373,55.396631],[13.806348,55.428564],[13.321387,55.346387],[12.88584,55.411377],[12.978027,55.693799],[12.592578,56.137598],[12.80166,56.263916],[12.656445,56.440576],[12.857422,56.452393],[12.883691,56.617725],[12.717578,56.662842],[12.421484,56.906396],[11.961523,57.426074],[11.878711,57.679443],[11.734961,57.717676],[11.703223,57.973193],[11.449316,58.118359],[11.431543,58.33999],[11.271582,58.475635],[11.20791,58.866406],[11.147168,58.988623],[11.388281,59.036523]]]]},"properties":{"name":"Sweden"},"id":"SE"},
    {"type":"Feature","geometry":{"type":"Polygon","coordinates":[[[24.155469,65.805273],[23.907324,66.148242],[23.751465,66.191162],[23.701172,66.480762],[23.865527,66.576611],[23.988574,66.810547],[23.677344,67.068115],[23.623047,67.184131],[23.774902,67.328613],[23.468066,67.449951],[23.537012,67.590381],[23.501855,67.875195],[23.638867,67.954395],[23.097852,68.257568],[22.782422,68.391016],[21.997461,68.520605],[21.46543,68.690674],[20.622168,69.036865],[21.127832,69.080811],[21.052637,69.186572],[21.266797,69.273682],[21.621777,69.270703],[22.300391,68.855859],[22.410938,68.719873],[23.324023,68.648975],[23.707031,68.713867],[23.854004,68.805908],[24.941406,68.593262],[25.357129,68.862451],[25.74834,68.990137],[25.748633,69.231445],[26.011523,69.652637],[26.525391,69.915039],[27.108691,69.904687],[27.591699,70.042236],[27.889941,70.06167],[28.411719,69.822754],[29.141602,69.671436],[29.333398,69.472998],[28.846289,69.176904],[28.96582,69.021973],[28.566016,68.928223],[28.752051,68.771436],[28.470703,68.488379],[28.685156,68.189795],[29.343848,68.061865],[29.979199,67.688574],[29.941211,67.547461],[29.087012,66.970947],[29.093066,66.849219],[29.464355,66.532178],[29.670898,66.276123],[29.903418,66.091064],[30.095312,65.681689],[29.715918,65.624561],[29.629688,65.223877],[29.81084,65.10791],[29.604199,64.968408],[29.783203,64.804297],[30.072852,64.765039],[30.120117,64.644629],[29.985547,64.557715],[30.108105,64.366113],[30.487891,64.236523],[30.503906,64.020605],[30.055371,63.689014],[30.418555,63.504053],[31.180859,63.208301],[31.533984,62.8854],[31.285645,62.567822],[30.935742,62.323779],[30.565625,62.127588],[29.690137,61.546094],[29.25166,61.287793],[28.407422,60.896924],[27.797656,60.536133],[27.462402,60.464844],[27.241895,60.538672],[26.534668,60.412891],[26.204687,60.406592],[25.71543,60.267432],[25.656445,60.333203],[25.155859,60.194092],[24.600488,60.114258],[24.342578,60.042334],[23.721777,59.965674],[23.198438,60.021826],[22.844434,60.186621],[22.793457,60.076807],[22.462695,60.029199],[22.469727,60.201318],[22.575879,60.359082],[22.25791,60.400928],[21.933984,60.500293],[21.436035,60.596387],[21.360547,60.96748],[21.479102,61.170508],[21.498242,61.551953],[21.605957,61.591553],[21.384863,61.914941],[21.255957,61.989648],[21.353711,62.223828],[21.165625,62.414062],[21.103613,62.622949],[21.195703,62.790527],[21.650977,63.039307],[21.545117,63.204297],[22.120313,63.244141],[22.319727,63.310449],[22.243262,63.437939],[23.014453,63.821826],[23.24873,63.896143],[23.924805,64.274121],[24.27832,64.515283],[24.55791,64.801025],[25.372656,65.009473],[25.255859,65.143262],[25.347852,65.479248],[25.241797,65.546289],[24.581543,65.757129],[24.155469,65.805273]]]},"properties":{"name":"Finland"},"id":"FI"},
    {"type":"Feature","geometry":{"type":"Polygon","coordinates":[[[6.116504,50.120996],[6.138184,49.974316],[6.256055,49.872168],[6.487305,49.798486],[6.344336,49.452734],[6.242188,49.494336],[5.959473,49.454639],[5.789746,49.538281],[5.880371,49.644775],[5.725,49.808301],[5.744043,49.919629],[5.97627,50.167187],[6.116504,50.120996]]]},"properties":{"name":"Luxembourg"},"id":"LU"},
    {"type":"Feature","geometry":{"type":"Polygon","coordinates":[[[4.226172,51.386475],[4.503418,51.474707],[4.848047,51.403271],[5.059473,51.453125],[5.099902,51.346484],[5.31084,51.259717],[5.508789,51.275],[5.827148,51.125635],[5.693652,50.774658],[5.993945,50.750439],[6.235938,50.59668],[6.364453,50.316162],[6.175098,50.232666],[6.116504,50.120996],[5.97627,50.167187],[5.744043,49.919629],[5.725,49.808301],[5.880371,49.644775],[5.789746,49.538281],[5.507324,49.510889],[5.278809,49.67793],[4.867578,49.788135],[4.656152,50.002441],[4.36875,49.944971],[4.176074,49.960254],[4.174609,50.246484],[4.044141,50.321338],[3.748047,50.343506],[3.626758,50.457324],[3.27334,50.531543],[3.106836,50.779443],[2.839746,50.711768],[2.596777,50.875928],[2.524902,51.097119],[2.960156,51.26543],[3.350098,51.377686],[3.902051,51.207666],[4.172559,51.30708],[4.226172,51.386475]]]},"properties":{"name":"Belgium"},"id":"BE"},
    {"type":"Feature","geometry":{"type":"Polygon","coordinates":[[[21.5625,42.24751],[21.904102,42.32207],[22.052051,42.304639],[22.239746,42.358154],[22.344043,42.313965],[22.582715,42.104834],[22.836816,41.993604],[23.005664,41.716943],[22.951465,41.605615],[22.916016,41.336279],[22.755078,41.312744],[22.724805,41.178516],[22.493555,41.118506],[22.237695,41.155176],[21.929492,41.107422],[21.779492,40.950439],[21.575781,40.868945],[20.964258,40.849902],[20.74082,40.905273],[20.488965,41.272607],[20.448633,41.521289],[20.566211,41.873682],[20.744141,41.904297],[20.778125,42.071045],[21.059766,42.171289],[21.256348,42.099512],[21.389551,42.219824],[21.5625,42.24751]]]},"properties":{"name":"North Macedonia"},"id":"MK"},
    {"type":"Feature","geometry":{"type":"Polygon","coordinates":[[[19.342383,41.869092],[19.361426,42.069092],[19.280664,42.172559],[19.654492,42.628564],[19.788281,42.476172],[20.063965,42.547266],[20.240527,42.338965],[20.485449,42.223389],[20.575391,42.013086],[20.566211,41.873682],[20.448633,41.521289],[20.488965,41.272607],[20.74082,40.905273],[20.964258,40.849902],[21.031055,40.658643],[20.950195,40.494385],[20.806055,40.445459],[20.657422,40.117383],[20.311133,39.979443],[20.381641,39.841797],[20.206836,39.653516],[20.00127,39.709424],[19.964844,39.872266],[19.851855,40.043555],[19.48457,40.209961],[19.398145,40.284863],[19.439258,40.470264],[19.344629,40.62207],[19.46123,40.933301],[19.480078,41.236377],[19.440625,41.424756],[19.575684,41.64043],[19.577539,41.7875],[19.342383,41.869092]]]},"properties":{"name":"Albania"},"id":"AL"},
    {"type":"Feature","geometry":{"type":"Polygon","coordinates":[[[20.344336,42.82793],[20.624023,43.03418],[20.623145,43.198633],[20.844434,43.173437],[21.057031,43.091699],[21.237109,42.913232],[21.403027,42.831543],[21.390625,42.751416],[21.75293,42.669824],[21.5625,42.24751],[21.389551,42.219824],[21.256348,42.099512],[21.059766,42.171289],[20.778125,42.071045],[20.744141,41.904297],[20.566211,41.873682],[20.575391,42.013086],[20.485449,42.223389],[20.240527,42.338965],[20.063965,42.547266],[20.029492,42.732031],[20.344336,42.82793]]]},"properties":{"name":"Kosovo"},"id":"XK"},
    {"type":"Feature","geometry":{"type":"MultiPolygon","coordinates":[[[[3.145313,39.790088],[3.342188,39.786719],[3.461816,39.697754],[3.244727,39.386621],[3.072852,39.30127],[2.769824,39.410254],[2.634082,39.556201],[2.499512,39.477881],[2.371289,39.613086],[2.784961,39.854834],[3.158691,39.970508],[3.145313,39.790088]]],[[[4.293652,39.841846],[3.842676,39.976367],[3.853418,40.063037],[4.05918,40.075098],[4.225781,40.032373],[4.293652,39.841846]]],[[[1.445215,38.918701],[1.256934,38.879004],[1.348633,39.080811],[1.564453,39.121045],[1.623633,39.038818],[1.445215,38.918701]]],[[[-1.794043,43.407324],[-1.753271,43.324707],[-1.410693,43.240088],[-1.42876,43.036768],[-1.285449,43.059619],[-0.933838,42.949512],[-0.762646,42.939795],[-0.586426,42.798975],[-0.299316,42.825342],[-0.041162,42.689111],[0.631641,42.6896],[0.696875,42.845117],[1.349414,42.690674],[1.42832,42.595898],[1.48623,42.434473],[1.706055,42.50332],[2.032715,42.353516],[2.200391,42.420947],[2.567969,42.345801],[2.97002,42.467236],[3.211426,42.431152],[3.306738,42.288965],[3.166406,42.256494],[3.248047,41.944238],[3.004883,41.767432],[2.310938,41.466504],[2.082617,41.287402],[1.566602,41.195605],[1.03291,41.062061],[0.714648,40.822852],[0.85918,40.68623],[0.596094,40.614502],[0.363672,40.319043],[-0.075146,39.875928],[-0.327002,39.519873],[-0.328955,39.41709],[-0.204932,39.062598],[-0.034131,38.891211],[0.201563,38.75918],[-0.052734,38.585693],[-0.38125,38.435645],[-0.646777,38.151855],[-0.683203,37.992041],[-0.823096,37.711621],[-0.822168,37.580762],[-1.327539,37.561133],[-1.640967,37.386963],[-1.797607,37.232861],[-1.939307,36.94585],[-2.111523,36.77666],[-2.305566,36.819824],[-2.595703,36.806494],[-2.787549,36.714746],[-3.259131,36.755762],[-3.43125,36.70791],[-3.827783,36.756055],[-4.366846,36.718115],[-4.674121,36.506445],[-4.935303,36.502051],[-5.171484,36.423779],[-5.329687,36.235742],[-5.360937,36.134912],[-5.625488,36.025928],[-6.040674,36.188428],[-6.170459,36.333789],[-6.268945,36.596729],[-6.384131,36.637012],[-6.396191,36.831641],[-6.492432,36.954639],[-6.884619,37.194238],[-7.174951,37.208789],[-7.406152,37.179443],[-7.503516,37.585498],[-7.443945,37.728271],[-7.185449,38.006348],[-7.022852,38.044727],[-7.343018,38.457422],[-7.281543,38.714551],[-7.046045,38.907031],[-6.997949,39.056445],[-7.172412,39.135205],[-7.305762,39.338135],[-7.335449,39.465137],[-7.445117,39.536182],[-7.454102,39.680664],[-7.117676,39.681689],[-7.036719,39.713965],[-6.896094,40.021826],[-7.014697,40.20835],[-6.810156,40.343115],[-6.847949,40.410986],[-6.818359,40.654053],[-6.857715,40.87832],[-6.928467,41.009131],[-6.690137,41.214502],[-6.403125,41.375391],[-6.2125,41.532031],[-6.391699,41.665381],[-6.542187,41.67251],[-6.55752,41.874121],[-6.618262,41.942383],[-7.030469,41.950635],[-7.403613,41.833691],[-7.693066,41.888477],[-7.92085,41.883643],[-8.15249,41.811963],[-8.224756,41.89585],[-8.12998,42.018164],[-8.213086,42.133691],[-8.538086,42.069336],[-8.777148,41.941064],[-8.887207,42.105273],[-8.690918,42.27417],[-8.812109,42.470068],[-8.811523,42.640332],[-8.987793,42.585645],[-9.041602,42.814014],[-9.235205,42.976904],[-9.178076,43.174023],[-8.873682,43.334424],[-8.537061,43.337061],[-8.248926,43.439404],[-8.256738,43.579883],[-8.004687,43.694385],[-7.698145,43.764551],[-7.503613,43.739941],[-7.261963,43.594629],[-7.060986,43.553955],[-6.900684,43.585645],[-6.080127,43.594922],[-5.84668,43.645068],[-5.66582,43.582471],[-5.315723,43.553174],[-5.105273,43.501855],[-4.523047,43.415723],[-4.312793,43.414746],[-3.889355,43.499414],[-3.604639,43.519482],[-3.045605,43.371582],[-2.875049,43.454443],[-2.60708,43.412744],[-2.337109,43.328027],[-1.991309,43.345068],[-1.794043,43.407324]]],[[[-16.334473,28.379932],[-16.418213,28.151416],[-16.542773,28.03208],[-16.658008,28.007178],[-16.794727,28.14917],[-16.905322,28.3396],[-16.517432,28.412695],[-16.318994,28.558203],[-16.119141,28.528271],[-16.334473,28.379932]]],[[[-13.715967,28.91123],[-13.788184,29.056104],[-13.45376,29.151367],[-13.47793,29.006592],[-13.715967,28.91123]]],[[[-14.196777,28.169287],[-14.231982,28.21582],[-14.003369,28.706689],[-13.857227,28.738037],[-13.827588,28.585156],[-13.928027,28.253467],[-14.196777,28.169287]]],[[[-15.400586,28.147363],[-15.38916,27.874707],[-15.559375,27.746973],[-15.710303,27.784082],[-15.807324,27.887549],[-15.809473,27.994482],[-15.682764,28.154053],[-15.400586,28.147363]]],[[[-17.184668,28.021973],[-17.324902,28.117676],[-17.258594,28.203174],[-17.129639,28.155957],[-17.184668,28.021973]]],[[[-17.887939,27.80957],[-17.984766,27.646387],[-18.106592,27.707471],[-17.887939,27.80957]]],[[[-17.834277,28.493213],[-18.000781,28.758252],[-17.928809,28.84458],[-17.744531,28.786572],[-17.758008,28.569092],[-17.834277,28.493213]]]]},"properties":{"name":"Spain"},"id":"ES"},
    {"type":"Feature","geometry":{"type":"MultiPolygon","coordinates":[[[[12.56875,55.785059],[12.571191,55.684961],[12.320605,55.587842],[12.215039,55.466504],[12.413086,55.286182],[12.089941,55.188135],[12.050391,54.815332],[11.862305,54.772607],[11.740918,54.915332],[11.653809,55.186914],[11.286328,55.204443],[11.170703,55.328613],[11.189746,55.465625],[10.978906,55.721533],[11.322266,55.752539],[11.474707,55.943457],[11.695898,55.90791],[11.690918,55.729004],[11.819727,55.697656],[11.93457,55.895898],[11.866406,55.968164],[12.218945,56.118652],[12.578711,56.064062],[12.56875,55.785059]]],[[[9.739746,54.825537],[9.341992,54.806299],[8.90293,54.896924],[8.670313,54.903418],[8.615918,55.418213],[8.132129,55.599805],[8.202344,55.982373],[8.121484,56.139893],[8.163965,56.606885],[8.55293,56.560303],[9.06709,56.793848],[9.254883,57.011719],[8.992773,57.016113],[8.771973,56.725293],[8.468359,56.664551],[8.268262,56.754004],[8.284082,56.852344],[8.618555,57.111279],[8.952246,57.150586],[9.298828,57.146533],[9.554297,57.232471],[9.962305,57.580957],[10.259082,57.617041],[10.444629,57.562207],[10.537109,57.448535],[10.524121,57.243213],[10.296094,56.999121],[10.282715,56.620508],[10.490234,56.520508],[10.845898,56.521729],[10.926172,56.443262],[10.856445,56.295508],[10.538965,56.200342],[10.31875,56.212891],[10.183008,55.865186],[9.591113,55.493213],[9.670996,55.266406],[9.453711,55.039551],[9.64541,55.022803],[9.739746,54.825537]]],[[[10.645117,55.609814],[10.819238,55.321875],[10.785254,55.133398],[10.442773,55.048779],[9.98877,55.163184],[9.858984,55.357227],[9.860645,55.515479],[10.286133,55.61084],[10.505078,55.558057],[10.645117,55.609814]]],[[[11.361426,54.89165],[11.739551,54.807422],[11.765918,54.679443],[11.457422,54.628857],[11.035547,54.773096],[11.058594,54.940576],[11.361426,54.89165]]],[[[15.087695,55.021875],[14.68418,55.102246],[14.765332,55.296729],[15.132617,55.144531],[15.087695,55.021875]]]]},"properties":{"name":"Denmark"},"id":"DK"},
    {"type":"Feature","geometry":{"type":"Polygon","coordinates":[[[28.2125,45.450439],[28.45127,45.292187],[28.760742,45.234131],[29.223535,45.40293],[29.567676,45.370801],[29.705859,45.259912],[29.635352,44.979639],[29.55752,44.843408],[29.048242,44.757568],[28.926172,44.81001],[28.807031,44.565039],[28.851758,44.506104],[28.64541,44.295654],[28.658594,43.983838],[28.585352,43.742236],[28.423437,43.740479],[28.05,43.822412],[27.884277,43.987354],[27.425391,44.020508],[27.086914,44.167383],[26.489258,44.083984],[26.21582,44.007275],[25.933398,43.870557],[25.818848,43.766846],[25.49707,43.670801],[25.159668,43.686328],[24.430566,43.794385],[24.226758,43.763477],[23.53457,43.853564],[23.224609,43.873877],[22.919043,43.834473],[22.868262,43.9479],[23.028516,44.077979],[22.705078,44.237793],[22.494531,44.435449],[22.554004,44.540332],[22.720898,44.605518],[22.497656,44.70625],[22.350684,44.676123],[22.093066,44.541943],[21.909277,44.666113],[21.636133,44.710449],[21.384375,44.870068],[21.357031,44.990771],[21.491797,45.122266],[20.941797,45.365332],[20.774219,45.484424],[20.775,45.749805],[20.358594,45.975488],[20.241797,46.108594],[20.508105,46.166943],[20.613672,46.133496],[20.837012,46.259717],[21.039844,46.242236],[21.151953,46.304346],[21.320215,46.607813],[21.49707,46.704297],[21.494434,46.789746],[21.785449,47.138135],[21.869336,47.30459],[21.995313,47.395703],[21.999707,47.505029],[22.290625,47.727832],[22.676758,47.799023],[22.87666,47.947266],[23.202637,48.084521],[23.408203,47.98999],[23.628711,47.99585],[24.177734,47.906055],[24.578906,47.931055],[24.893359,47.717773],[25.464258,47.910791],[26.162695,47.992529],[26.305664,48.20376],[26.618945,48.259863],[26.787305,48.255811],[26.980762,48.155029],[27.152051,47.959277],[27.336914,47.639746],[27.853809,47.114502],[28.071777,46.978418],[28.239453,46.64082],[28.244336,46.45127],[28.119141,46.138672],[28.099707,45.972607],[28.159766,45.647119],[28.074707,45.598975],[28.2125,45.450439]]]},"properties":{"name":"Romania"},"id":"RO"},
    {"type":"Feature","geometry":{"type":"Polygon","coordinates":[[[22.131836,48.405322],[22.253711,48.407373],[22.350195,48.256055],[22.582422,48.134033],[22.769141,48.109619],[22.87666,47.947266],[22.676758,47.799023],[22.290625,47.727832],[21.999707,47.505029],[21.995313,47.395703],[21.869336,47.30459],[21.785449,47.138135],[21.494434,46.789746],[21.49707,46.704297],[21.320215,46.607813],[21.151953,46.304346],[21.039844,46.242236],[20.837012,46.259717],[20.613672,46.133496],[20.508105,46.166943],[20.241797,46.108594],[20.161426,46.141895],[19.530762,46.155176],[19.208398,45.984424],[19.087305,46.016162],[18.905371,45.931738],[18.666016,45.907471],[18.437305,45.767334],[17.963867,45.770264],[17.706445,45.827246],[17.607031,45.91377],[17.310645,45.996143],[17.149609,46.140332],[16.939941,46.253662],[16.748047,46.416406],[16.516211,46.499902],[16.38125,46.638672],[16.283594,46.857275],[16.093066,46.863281],[16.252539,46.971924],[16.453418,47.006787],[16.492676,47.122656],[16.416895,47.223438],[16.434375,47.367432],[16.623047,47.447559],[16.639746,47.608887],[16.747559,47.686279],[17.066602,47.707568],[17.030078,47.837109],[17.147363,48.005957],[17.317285,47.990918],[17.761914,47.770166],[18.145605,47.763428],[18.724219,47.787158],[18.791895,48.000293],[18.91416,48.05083],[19.466992,48.110693],[19.625391,48.223096],[19.898633,48.131348],[20.333789,48.295557],[20.490039,48.526904],[20.866602,48.545654],[21.067285,48.505908],[21.451367,48.552246],[21.766992,48.338086],[22.131836,48.405322]]]},"properties":{"name":"Hungary"},"id":"HU"},
    {"type":"Feature","geometry":{"type":"Polygon","coordinates":[[[22.538672,49.072705],[22.295215,48.68584],[22.142871,48.568506],[22.131836,48.405322],[21.766992,48.338086],[21.451367,48.552246],[21.067285,48.505908],[20.866602,48.545654],[20.490039,48.526904],[20.333789,48.295557],[19.898633,48.131348],[19.625391,48.223096],[19.466992,48.110693],[18.91416,48.05083],[18.791895,48.000293],[18.724219,47.787158],[18.145605,47.763428],[17.761914,47.770166],[17.317285,47.990918],[17.147363,48.005957],[16.972656,48.198096],[16.86543,48.386914],[16.953125,48.598828],[17.063281,48.780762],[17.188477,48.860937],[17.482617,48.827783],[17.758496,48.888135],[18.085938,49.065137],[18.160938,49.257373],[18.364844,49.33623],[18.596484,49.491455],[18.832227,49.510791],[18.968359,49.39624],[19.149414,49.4],[19.250195,49.511426],[19.441602,49.597705],[19.66416,49.396045],[19.773926,49.372168],[19.802246,49.192334],[20.057617,49.181299],[20.163672,49.316406],[20.362988,49.385254],[20.616113,49.391699],[20.947266,49.31709],[21.079395,49.418262],[21.639648,49.411963],[21.890137,49.343457],[22.020117,49.209521],[22.538672,49.072705]]]},"properties":{"name":"Slovakia"},"id":"SK"},
    {"type":"Feature","geometry":{"type":"Polygon","coordinates":[[[23.605273,51.51792],[23.664453,51.310059],[24.105762,50.844971],[23.978418,50.785596],[24.094727,50.617041],[23.972656,50.410059],[23.711719,50.377344],[23.036328,49.899072],[22.649414,49.539014],[22.732422,49.295166],[22.705664,49.171191],[22.538672,49.072705],[22.020117,49.209521],[21.890137,49.343457],[21.639648,49.411963],[21.079395,49.418262],[20.947266,49.31709],[20.616113,49.391699],[20.362988,49.385254],[20.163672,49.316406],[20.057617,49.181299],[19.802246,49.192334],[19.773926,49.372168],[19.66416,49.396045],[19.441602,49.597705],[19.250195,49.511426],[19.149414,49.4],[18.968359,49.39624],[18.832227,49.510791],[18.806934,49.613721],[18.594629,49.757812],[18.562402,49.879346],[18.305273,49.914062],[18.02832,50.035254],[17.874805,49.972266],[17.589355,50.157471],[17.151953,50.37832],[16.869141,50.414502],[16.993359,50.259717],[16.679102,50.097461],[16.210352,50.42373],[16.419727,50.573633],[16.282227,50.655615],[16.007227,50.611621],[15.730566,50.739697],[15.354395,50.811768],[15.258594,50.958545],[14.99375,51.014355],[14.98291,50.886572],[14.809375,50.858984],[15.016602,51.252734],[14.905957,51.46333],[14.724707,51.523877],[14.738672,51.627148],[14.60166,51.832373],[14.752539,52.081836],[14.55459,52.359668],[14.619434,52.528516],[14.514063,52.645605],[14.128613,52.878223],[14.368555,53.105566],[14.414551,53.283496],[14.258887,53.729639],[14.487598,53.671875],[14.558398,53.823193],[14.213672,53.870752],[14.211426,53.950342],[14.38418,53.924707],[14.715723,54.018311],[15.9,54.253955],[16.186328,54.290381],[16.559766,54.553809],[16.885449,54.596387],[17.261914,54.729541],[17.842969,54.816699],[18.323438,54.838184],[18.669629,54.430908],[18.97627,54.348926],[19.407129,54.386084],[19.604395,54.45918],[20.208203,54.420752],[22.168457,54.359863],[22.766211,54.356787],[23.015527,54.34834],[23.453613,54.143457],[23.484668,53.939795],[23.598926,53.599219],[23.789258,53.270947],[23.887109,53.027539],[23.91543,52.770264],[23.844727,52.664209],[23.47959,52.551563],[23.204102,52.337891],[23.196973,52.256934],[23.458398,52.169531],[23.652441,52.040381],[23.625684,51.809326],[23.544824,51.710254],[23.605273,51.51792]]]},"properties":{"name":"Poland"},"id":"PL"},
    {"type":"Feature","geometry":{"type":"Polygon","coordinates":[[[-7.218652,55.091992],[-7.376904,55.027686],[-7.550391,54.767969],[-7.886133,54.666064],[-7.793799,54.57124],[-8.044336,54.512451],[-8.118262,54.414258],[-7.854932,54.215283],[-7.355176,54.12124],[-6.936133,54.374316],[-6.649805,54.058643],[-6.218018,54.088721],[-6.345166,53.987207],[-6.141846,53.577539],[-6.134717,53.301221],[-6.027393,52.9271],[-6.130664,52.807275],[-6.217236,52.543115],[-6.463184,52.345361],[-6.325,52.24668],[-6.561084,52.188818],[-6.782227,52.210498],[-7.081787,52.139307],[-7.527295,52.098877],[-7.664551,51.979736],[-7.872168,51.935303],[-8.14502,51.813525],[-8.813428,51.584912],[-9.296484,51.498242],[-9.462891,51.529053],[-9.835352,51.48335],[-9.579834,51.689258],[-9.899023,51.64707],[-9.802881,51.780127],[-10.341064,51.798926],[-10.378711,51.86875],[-9.955811,52.13667],[-10.390234,52.134912],[-10.210938,52.27168],[-9.937305,52.237646],[-9.906055,52.403711],[-9.586328,52.55918],[-9.33125,52.57876],[-8.783447,52.679639],[-8.990283,52.75542],[-9.175391,52.634912],[-9.561035,52.653955],[-9.393652,52.89624],[-9.461963,52.947266],[-9.299219,53.097559],[-8.997168,53.162061],[-9.140332,53.250488],[-9.470752,53.234863],[-9.79541,53.394971],[-10.09126,53.412842],[-10.116992,53.548535],[-9.878271,53.59043],[-9.901611,53.727197],[-9.578223,53.80542],[-9.578857,53.879834],[-9.914062,53.863721],[-9.856348,54.004297],[-9.995947,54.276025],[-9.315527,54.298633],[-9.145898,54.209619],[-9.002441,54.287988],[-8.588037,54.231104],[-8.623145,54.346875],[-8.230371,54.507275],[-8.133447,54.64082],[-8.456543,54.609277],[-8.763916,54.681201],[-8.377295,54.889453],[-8.411719,54.965088],[-8.274609,55.146289],[-7.803174,55.200049],[-7.24668,55.353027],[-6.96167,55.237891],[-7.218652,55.091992]]]},"properties":{"name":"Ireland"},"id":"IE"},
    {"type":"Feature","geometry":{"type":"MultiPolygon","coordinates":[[[[-2.667676,51.622998],[-2.978516,51.538867],[-3.293115,51.39043],[-3.562354,51.413818],[-3.943652,51.59751],[-4.115283,51.566406],[-4.386279,51.741064],[-4.600781,51.737646],[-4.902295,51.62627],[-5.124756,51.705859],[-5.200586,51.861377],[-5.088086,51.995898],[-4.383154,52.197314],[-4.149365,52.32627],[-3.980322,52.541748],[-4.101465,52.915479],[-4.63833,52.891113],[-4.111035,53.218945],[-3.809277,53.302686],[-3.326172,53.347168],[-3.064746,53.426855],[-3.059473,53.58623],[-2.925098,53.732764],[-3.026758,53.905908],[-2.899854,53.960693],[-2.846484,54.135303],[-3.165967,54.12793],[-3.569385,54.467578],[-3.592041,54.564355],[-3.4646,54.773096],[-3.26792,54.906592],[-3.434082,54.96377],[-3.783252,54.869922],[-3.95791,54.780957],[-4.303662,54.835693],[-4.51748,54.75835],[-4.818066,54.846143],[-5.032324,54.761377],[-5.135498,54.85752],[-4.965186,55.149463],[-4.721143,55.420996],[-4.72417,55.598291],[-4.891846,55.699121],[-4.844092,56.051172],[-5.245605,55.929248],[-5.38584,55.770117],[-5.556445,55.3896],[-5.768213,55.362646],[-5.622852,55.813135],[-5.60957,56.055273],[-5.391943,56.514795],[-5.217578,56.751025],[-5.652441,56.531982],[-5.936768,56.605713],[-6.034717,56.763916],[-5.730615,56.853076],[-5.736279,56.960645],[-5.591309,57.102344],[-5.561914,57.232715],[-5.818066,57.436084],[-5.67876,57.57168],[-5.744922,57.668311],[-5.60835,57.881348],[-5.176904,57.906396],[-5.39375,58.043604],[-5.338281,58.238721],[-5.008301,58.262646],[-5.066504,58.520215],[-4.924658,58.588379],[-4.71543,58.51001],[-3.053076,58.634814],[-3.101123,58.433691],[-3.212354,58.32124],[-3.990039,57.959033],[-4.035596,57.852002],[-3.887939,57.786914],[-4.078418,57.677051],[-3.868164,57.600342],[-3.402783,57.708252],[-3.083936,57.673486],[-2.244141,57.680859],[-2.074072,57.702393],[-1.867383,57.612354],[-1.77793,57.49375],[-2.020312,57.258887],[-2.260254,56.86333],[-2.592676,56.561572],[-2.775195,56.482959],[-3.047412,56.449365],[-2.652734,56.318262],[-2.767578,56.202148],[-2.979785,56.194092],[-3.178223,56.080127],[-3.04873,55.951953],[-2.836865,56.02627],[-2.599316,56.027295],[-2.14707,55.902979],[-1.655371,55.570361],[-1.422656,55.026416],[-1.291748,54.773877],[-1.154395,54.654492],[-0.671387,54.503906],[-0.370361,54.279199],[-0.084375,54.118066],[-0.205566,54.021729],[0.010547,53.742822],[0.12832,53.468262],[0.270996,53.335498],[0.355762,53.159961],[0.045898,52.905615],[0.279785,52.808691],[0.558789,52.966943],[1.055566,52.958984],[1.382129,52.893506],[1.656738,52.753711],[1.746582,52.468994],[1.558984,52.086865],[1.316797,51.956934],[1.274414,51.845361],[0.955078,51.807812],[0.890918,51.571436],[0.593457,51.519482],[0.686523,51.386572],[0.889355,51.359521],[1.414941,51.363281],[1.397559,51.182031],[1.044434,51.047266],[0.960156,50.925879],[0.684375,50.885547],[0.205078,50.763037],[-0.203906,50.814355],[-0.785254,50.76543],[-1.285059,50.857324],[-1.516748,50.747461],[-2.031055,50.725391],[-2.03584,50.603076],[-2.350146,50.637402],[-2.547754,50.616309],[-2.776953,50.705566],[-2.999414,50.716602],[-3.40459,50.632422],[-3.584375,50.321826],[-3.793359,50.229248],[-4.172559,50.39082],[-4.727979,50.290479],[-5.225244,50.021387],[-5.570654,50.196973],[-5.342285,50.246143],[-4.58291,50.776367],[-4.523096,50.977441],[-4.296484,51.027148],[-4.188184,51.188525],[-3.842334,51.230908],[-3.135986,51.205029],[-2.590283,51.608594],[-2.667676,51.622998]]],[[[-4.196777,53.321436],[-4.084277,53.264307],[-4.373047,53.13418],[-4.553223,53.260449],[-4.567871,53.386475],[-4.315088,53.417236],[-4.196777,53.321436]]],[[[-1.308105,60.5375],[-1.065674,60.381592],[-1.179248,60.113916],[-1.494434,60.29248],[-1.449561,60.468555],[-1.308105,60.5375]]],[[[-3.057422,59.029639],[-3.34707,58.986719],[-3.310352,59.130811],[-3.057422,59.029639]]],[[[-5.10542,55.448828],[-5.331494,55.481055],[-5.392676,55.618359],[-5.1604,55.666797],[-5.10542,55.448828]]],[[[-5.777881,56.344336],[-6.176172,56.288721],[-6.102734,56.645654],[-5.76084,56.490674],[-5.777881,56.344336]]],[[[-6.128906,55.930566],[-6.055322,55.695312],[-6.253174,55.607227],[-6.311279,55.856494],[-6.128906,55.930566]]],[[[-5.970068,55.814551],[-6.071973,55.893115],[-5.939062,56.045264],[-5.797217,56.005615],[-5.970068,55.814551]]],[[[-6.198682,58.363281],[-6.436523,58.091895],[-6.425195,58.021289],[-6.956934,57.750049],[-7.083447,57.81377],[-6.86416,57.932861],[-7.05708,58.003174],[-7.085254,58.182178],[-6.724707,58.197559],[-6.787744,58.283887],[-6.237451,58.502832],[-6.198682,58.363281]]],[[[-6.144727,57.50498],[-6.135547,57.314258],[-5.668652,57.226904],[-5.949072,57.045166],[-6.034375,57.201221],[-6.322705,57.20249],[-6.442432,57.32749],[-6.761133,57.442383],[-6.616797,57.562695],[-6.246924,57.651221],[-6.144727,57.50498]]],[[[-7.205566,57.682959],[-7.320557,57.53374],[-7.499414,57.636328],[-7.205566,57.682959]]],[[[-7.249854,57.115332],[-7.381494,57.130664],[-7.410547,57.381104],[-7.267139,57.371777],[-7.249854,57.115332]]],[[[-6.218018,54.088721],[-6.649805,54.058643],[-6.936133,54.374316],[-7.355176,54.12124],[-7.854932,54.215283],[-8.118262,54.414258],[-8.044336,54.512451],[-7.793799,54.57124],[-7.886133,54.666064],[-7.550391,54.767969],[-7.376904,55.027686],[-7.218652,55.091992],[-6.947168,55.18252],[-6.475049,55.241016],[-6.12915,55.217383],[-5.985742,55.029688],[-5.716846,54.81748],[-5.47041,54.500195],[-5.646094,54.477881],[-5.606787,54.272559],[-5.826172,54.23584],[-6.019043,54.05127],[-6.218018,54.088721]]],[[[-1.065576,50.690234],[-1.306299,50.588525],[-1.515332,50.669775],[-1.312793,50.773486],[-1.065576,50.690234]]]]},"properties":{"name":"United Kingdom"},"id":"GB"},
    {"type":"Feature","geometry":{"type":"MultiPolygon","coordinates":[[[[20.612305,38.38335],[20.624707,38.267871],[20.788867,38.14209],[20.761328,38.070557],[20.523535,38.106641],[20.408691,38.336768],[20.612305,38.38335]]],[[[20.07793,39.432715],[19.883984,39.461523],[19.648926,39.726172],[19.838574,39.820117],[19.936816,39.746729],[19.904102,39.619482],[19.955273,39.47041],[20.07793,39.432715]]],[[[23.41543,38.958643],[23.471973,38.850098],[23.878223,38.686572],[24.099023,38.670996],[24.275781,38.22002],[24.563281,38.14751],[24.502344,37.969922],[24.212012,38.117529],[24.040137,38.38999],[23.758789,38.401221],[23.617383,38.552539],[23.252148,38.801221],[23.029102,38.873389],[23.145801,39.002686],[23.312695,39.034912],[23.41543,38.958643]]],[[[24.774219,40.615186],[24.645898,40.579443],[24.515527,40.647021],[24.62334,40.79292],[24.786328,40.703857],[24.774219,40.615186]]],[[[25.545898,36.967578],[25.361914,37.07041],[25.587891,37.152539],[25.545898,36.967578]]],[[[26.824414,37.811426],[27.039648,37.77002],[26.844922,37.644727],[26.638672,37.780859],[26.824414,37.811426]]],[[[26.094043,38.218066],[25.998535,38.161523],[25.874316,38.269629],[25.991406,38.353516],[25.85127,38.508398],[26.0125,38.601709],[26.149609,38.468457],[26.157031,38.30293],[26.094043,38.218066]]],[[[26.410156,39.329443],[26.392773,39.270117],[26.578223,39.109521],[26.46875,38.972803],[26.16084,39.025879],[25.90625,39.138965],[25.90957,39.287549],[26.16543,39.373535],[26.410156,39.329443]]],[[[25.437695,39.983301],[25.357031,39.808105],[25.062207,39.852393],[25.058008,39.999658],[25.373633,40.015527],[25.437695,39.983301]]],[[[27.842773,35.929297],[27.715527,35.957324],[27.716309,36.171582],[27.914453,36.345312],[28.171484,36.426221],[28.230078,36.370264],[28.144043,36.209863],[27.842773,35.929297]]],[[[23.852246,35.535449],[24.034375,35.5354],[24.166016,35.595215],[24.312891,35.363818],[24.721289,35.424805],[25.003125,35.409863],[25.104297,35.346924],[25.475684,35.306201],[25.730176,35.348584],[25.74502,35.142725],[26.298633,35.268604],[26.244336,35.044678],[25.829687,35.025195],[25.205762,34.959277],[24.799805,34.934473],[24.708887,35.089062],[24.463672,35.160352],[23.883594,35.246094],[23.638086,35.235156],[23.561621,35.295166],[23.569824,35.534766],[23.715039,35.604736],[23.852246,35.535449]]],[[[26.320898,41.716553],[26.581348,41.60127],[26.624902,41.401758],[26.330664,41.23877],[26.331055,40.954492],[26.038965,40.726758],[25.855664,40.844092],[25.250098,40.932812],[25.104492,40.994727],[24.792969,40.85752],[24.556543,40.935596],[24.383789,40.912744],[24.082324,40.724072],[23.762793,40.747803],[23.743262,40.677002],[23.878906,40.544385],[23.866797,40.418555],[23.720508,40.286279],[23.96748,40.114551],[23.835352,40.022266],[23.664551,40.223828],[23.42627,40.263965],[23.312012,40.216455],[22.896484,40.399902],[22.811426,40.578613],[22.629492,40.495557],[22.642676,40.366602],[22.569336,40.119336],[22.592188,40.036914],[22.835742,39.800586],[22.919043,39.628906],[23.103418,39.492041],[23.288477,39.288818],[22.992871,39.331055],[22.838965,39.258594],[22.965527,39.030908],[22.802637,38.901611],[22.774023,38.800391],[23.25293,38.66123],[23.368945,38.525537],[23.569629,38.489404],[23.683984,38.352441],[23.966992,38.275],[24.024512,38.139795],[24.055371,37.709619],[23.877344,37.777783],[23.580469,38.010547],[23.193652,37.959033],[23.036328,37.878369],[23.147168,37.795313],[23.197559,37.620215],[23.347559,37.597559],[23.489258,37.440186],[23.161523,37.333838],[23.096484,37.440576],[22.775,37.585107],[22.765039,37.393311],[22.99502,37.015869],[23.073535,36.774951],[22.98291,36.528369],[22.779883,36.786182],[22.608398,36.779736],[22.489063,36.568164],[22.080469,37.028955],[21.955566,36.990088],[21.892383,36.737305],[21.738086,36.863232],[21.58291,37.080957],[21.578809,37.200391],[21.69248,37.309277],[21.571289,37.541016],[21.329297,37.669336],[21.14502,37.919287],[21.308105,38.027441],[21.403711,38.19668],[21.658398,38.175098],[21.824707,38.328125],[21.95332,38.321191],[22.24375,38.188721],[22.555859,38.113232],[22.799609,37.981201],[22.893164,38.050928],[23.12207,38.07334],[23.148926,38.176074],[22.93252,38.201953],[22.42168,38.438525],[22.226855,38.352832],[21.965332,38.412451],[21.472559,38.321387],[21.390137,38.407812],[21.182617,38.345557],[21.113184,38.384668],[20.992188,38.654004],[20.776855,38.80752],[20.777344,38.927881],[21.074219,38.885156],[21.118359,39.02998],[20.779688,39.008545],[20.468262,39.255273],[20.300781,39.3271],[20.191406,39.545801],[20.00127,39.709424],[20.206836,39.653516],[20.381641,39.841797],[20.311133,39.979443],[20.657422,40.117383],[20.806055,40.445459],[20.950195,40.494385],[21.031055,40.658643],[20.964258,40.849902],[21.575781,40.868945],[21.779492,40.950439],[21.929492,41.107422],[22.237695,41.155176],[22.493555,41.118506],[22.724805,41.178516],[22.755078,41.312744],[22.916016,41.336279],[23.155957,41.32207],[23.239844,41.384961],[23.635156,41.386768],[24.056055,41.527246],[24.518262,41.552539],[24.595996,41.442725],[25.133398,41.315771],[25.251172,41.243555],[25.784961,41.33042],[25.92334,41.311914],[26.155176,41.434863],[26.066016,41.673242],[26.200586,41.743799],[26.320898,41.716553]]]]},"properties":{"name":"Greece"},"id":"GR"},
    {"type":"Feature","geometry":{"type":"Polygon","coordinates":[[[9.527539,47.270752],[9.625879,47.467041],[9.524023,47.524219],[9.748926,47.575537],[10.034082,47.473584],[10.096484,47.37959],[10.312793,47.313428],[10.430371,47.541064],[10.873047,47.520215],[10.980859,47.398145],[11.297949,47.424902],[11.716797,47.583496],[12.185645,47.619531],[12.196875,47.709082],[12.48291,47.637305],[12.68584,47.669336],[12.782813,47.56416],[13.014355,47.478076],[13.033594,47.69873],[12.897656,47.721875],[12.953516,47.890625],[12.760059,48.075977],[12.814258,48.16084],[13.409375,48.394141],[13.486621,48.581836],[13.675195,48.523047],[13.785352,48.587451],[13.814746,48.766943],[14.049121,48.60249],[14.367578,48.576221],[14.488672,48.625537],[14.691309,48.599219],[14.821875,48.774023],[14.922559,48.771387],[14.972168,48.983936],[15.310938,48.974023],[15.700781,48.860449],[15.825195,48.864453],[16.057227,48.754785],[16.367285,48.738965],[16.47793,48.800098],[16.883691,48.703711],[16.953125,48.598828],[16.86543,48.386914],[16.972656,48.198096],[17.147363,48.005957],[17.030078,47.837109],[17.066602,47.707568],[16.747559,47.686279],[16.639746,47.608887],[16.623047,47.447559],[16.434375,47.367432],[16.416895,47.223438],[16.492676,47.122656],[16.453418,47.006787],[16.252539,46.971924],[16.093066,46.863281],[15.976855,46.801367],[15.957617,46.677637],[15.766895,46.711279],[15.439258,46.629639],[15.000684,46.625977],[14.756738,46.499121],[14.503516,46.417041],[13.7,46.520264],[13.16875,46.572656],[12.479199,46.67251],[12.388281,46.702637],[12.154102,46.935254],[12.169434,47.082129],[11.775684,46.986084],[11.244434,46.975684],[11.025098,46.796973],[10.759766,46.793311],[10.452832,46.864941],[10.349414,46.984766],[10.179785,46.862354],[9.996875,46.885352],[9.845313,47.007373],[9.580273,47.057373],[9.527539,47.270752]]]},"properties":{"name":"Austria"},"id":"AT"},
    {"type":"Feature","geometry":{"type":"MultiPolygon","coordinates":[[[[7.021094,45.925781],[7.129004,45.88042],[7.538574,45.978174],[7.787891,45.921826],[7.993164,46.015918],[8.125195,46.160938],[8.081543,46.256006],[8.370703,46.445117],[8.458398,46.245898],[8.953711,45.830029],[9.04668,45.875586],[9.022363,46.051465],[9.251074,46.286768],[9.260156,46.475195],[9.427637,46.482324],[9.481055,46.348779],[9.639453,46.295898],[9.939258,46.361816],[10.087012,46.599902],[10.430664,46.550049],[10.397949,46.665039],[10.452832,46.864941],[10.759766,46.793311],[11.025098,46.796973],[11.244434,46.975684],[11.775684,46.986084],[12.169434,47.082129],[12.154102,46.935254],[12.388281,46.702637],[12.479199,46.67251],[13.16875,46.572656],[13.7,46.520264],[13.679688,46.462891],[13.399512,46.317529],[13.399609,46.224951],[13.63252,46.177051],[13.486426,46.039551],[13.613965,45.96167],[13.569629,45.834131],[13.831152,45.68042],[13.719824,45.587598],[13.62832,45.770947],[13.465137,45.709961],[13.206348,45.771387],[13.030273,45.6375],[12.497559,45.46167],[12.274316,45.446045],[12.225684,45.241504],[12.39248,45.039795],[12.523438,44.967969],[12.463574,44.845215],[12.278906,44.832227],[12.24834,44.72251],[12.30498,44.429443],[12.396289,44.223877],[12.691113,43.994727],[12.907031,43.921191],[13.295313,43.686084],[13.56416,43.571289],[13.804688,43.180371],[14.010449,42.689551],[14.182715,42.506445],[14.540723,42.244287],[14.866113,42.052539],[15.16875,41.934033],[15.40498,41.913232],[15.964063,41.939453],[16.164648,41.896191],[16.15127,41.758496],[15.91377,41.62085],[15.900488,41.512061],[16.012598,41.4354],[16.551855,41.232031],[17.103418,41.062158],[17.474219,40.840576],[17.95498,40.655176],[18.036133,40.564941],[18.328223,40.37085],[18.460645,40.221045],[18.48584,40.104834],[18.34375,39.821387],[18.07793,39.936963],[17.865039,40.280176],[17.476172,40.314941],[17.257715,40.399072],[17.215332,40.486426],[17.03125,40.513477],[16.928223,40.458057],[16.669629,40.137207],[16.52998,39.859668],[16.597754,39.638916],[16.824316,39.57832],[17.114551,39.380615],[17.122949,39.136572],[17.174609,38.998096],[17.098535,38.919336],[16.951465,38.939795],[16.755469,38.889697],[16.558984,38.714795],[16.545605,38.409082],[16.282422,38.249561],[16.056836,37.941846],[15.724512,37.939111],[15.645801,38.034229],[15.643066,38.175391],[15.822363,38.302979],[15.904785,38.483496],[15.878906,38.613916],[15.972363,38.712598],[16.196777,38.759229],[16.209961,38.941113],[16.107422,39.023828],[16.023633,39.353613],[15.854395,39.626514],[15.692773,39.990186],[15.585156,40.052832],[15.294531,40.07002],[14.950879,40.239014],[14.986133,40.37749],[14.906934,40.556055],[14.765723,40.668408],[14.459375,40.632715],[14.460547,40.728711],[14.308887,40.812646],[14.102344,40.827148],[13.859766,41.12998],[13.733398,41.235645],[13.554785,41.232178],[13.246875,41.288867],[13.088672,41.243848],[12.849219,41.40874],[12.630859,41.469678],[12.205664,41.812646],[12.075293,41.940869],[11.807031,42.082031],[11.637305,42.287549],[11.498438,42.362939],[11.184766,42.456592],[11.167773,42.535156],[10.937793,42.738721],[10.803125,42.804297],[10.708398,42.936328],[10.514844,42.967529],[10.532324,43.140137],[10.447559,43.371191],[10.320508,43.513086],[10.245801,43.8521],[10.047656,44.019971],[9.730859,44.101172],[9.289355,44.319238],[8.76582,44.422314],[8.551953,44.346143],[8.292383,44.136523],[8.081641,43.918945],[7.733301,43.802588],[7.493164,43.767139],[7.482031,43.864893],[7.651465,44.033643],[7.637207,44.164844],[7.370898,44.127393],[6.967285,44.280029],[6.842969,44.510693],[7.030664,44.716699],[6.992676,44.827295],[6.738184,44.921387],[6.627734,45.117969],[6.842285,45.135645],[7.07832,45.239941],[7.153418,45.400928],[7.013672,45.500488],[6.804492,45.814551],[7.021094,45.925781]],[[12.43916,41.898389],[12.438379,41.906201],[12.430566,41.905469],[12.430566,41.897559],[12.43916,41.898389]],[[12.485254,43.901416],[12.514648,43.952979],[12.441113,43.982422],[12.396875,43.93457],[12.485254,43.901416]]],[[[15.576563,38.220312],[15.475684,38.062939],[15.234473,37.784814],[15.099512,37.458594],[15.174121,37.20918],[15.294531,37.013281],[15.142383,36.891602],[15.112598,36.687842],[14.775977,36.7104],[14.501855,36.798682],[14.367285,36.972852],[14.142969,37.103662],[13.905469,37.100635],[13.360938,37.34873],[13.169922,37.479297],[12.924121,37.570508],[12.699023,37.571826],[12.526758,37.669531],[12.435547,37.819775],[12.547656,38.05293],[12.734375,38.183057],[12.902734,38.034863],[13.159961,38.190332],[13.35166,38.180518],[13.681543,38.000732],[13.788867,37.981201],[14.05,38.040527],[14.287695,38.016846],[14.505957,38.045508],[14.845898,38.17168],[15.11875,38.152734],[15.49873,38.290869],[15.576563,38.220312]]],[[[9.632031,40.882031],[9.805273,40.499561],[9.642969,40.268408],[9.700781,40.091797],[9.616992,39.354395],[9.5625,39.166016],[9.486328,39.139551],[9.26416,39.216797],[9.056348,39.23916],[9.022656,39.043262],[8.881348,38.912891],[8.648535,38.926563],[8.418164,39.205713],[8.399121,39.481592],[8.451172,39.72168],[8.547754,39.839209],[8.407813,39.917236],[8.470801,40.130713],[8.471289,40.292676],[8.353223,40.500537],[8.189941,40.651611],[8.203809,40.870703],[8.468457,40.834326],[8.821191,40.949902],[8.998145,41.110352],[9.283008,41.20166],[9.455176,41.150146],[9.615332,41.017285],[9.632031,40.882031]]]]},"properties":{"name":"Italy"},"id":"IT"},
    {"type":"Feature","geometry":{"type":"Polygon","coordinates":[[[9.524023,47.524219],[9.625879,47.467041],[9.527539,47.270752],[9.487695,47.062256],[9.580273,47.057373],[9.845313,47.007373],[9.996875,46.885352],[10.179785,46.862354],[10.349414,46.984766],[10.452832,46.864941],[10.397949,46.665039],[10.430664,46.550049],[10.087012,46.599902],[9.939258,46.361816],[9.639453,46.295898],[9.481055,46.348779],[9.427637,46.482324],[9.260156,46.475195],[9.251074,46.286768],[9.022363,46.051465],[9.04668,45.875586],[8.953711,45.830029],[8.458398,46.245898],[8.370703,46.445117],[8.081543,46.256006],[8.125195,46.160938],[7.993164,46.015918],[7.787891,45.921826],[7.538574,45.978174],[7.129004,45.88042],[7.021094,45.925781],[6.77207,46.165137],[6.816797,46.275195],[6.758105,46.415771],[6.428906,46.430518],[6.234668,46.332617],[6.272949,46.252246],[6.086621,46.147021],[6.060254,46.428174],[6.160742,46.611035],[6.410156,46.75542],[6.45625,46.94834],[6.624805,47.004346],[7.000586,47.32251],[6.900391,47.394238],[7.053418,47.489355],[7.203125,47.432715],[7.42002,47.455176],[7.615625,47.592725],[7.927051,47.563867],[8.198242,47.606934],[8.617871,47.766113],[8.881152,47.656396],[9.182813,47.670703],[9.524023,47.524219]]]},"properties":{"name":"Switzerland"},"id":"CH"},
    {"type":"Feature","geometry":{"type":"MultiPolygon","coordinates":[[[[5.993945,50.750439],[5.693652,50.774658],[5.827148,51.125635],[5.508789,51.275],[5.31084,51.259717],[5.099902,51.346484],[5.059473,51.453125],[4.848047,51.403271],[4.503418,51.474707],[4.226172,51.386475],[4.006543,51.443213],[3.821875,51.409375],[3.586914,51.453906],[3.448926,51.540771],[3.743945,51.596045],[4.080469,51.551123],[4.182617,51.610303],[3.946875,51.810547],[4.084863,51.994092],[4.208789,52.058984],[4.482813,52.30918],[4.562109,52.442578],[4.67832,52.809766],[5.358398,53.096484],[5.532031,53.268701],[6.062207,53.40708],[6.816211,53.441162],[6.968164,53.327295],[7.197266,53.282275],[7.189941,52.999512],[7.013184,52.633545],[6.748438,52.634082],[6.748828,52.464014],[7.035156,52.380225],[6.977246,52.205518],[6.749023,52.098682],[6.741797,51.910889],[6.355664,51.824658],[6.166504,51.880762],[5.948535,51.762402],[6.193262,51.488916],[6.075879,51.224121],[6.12998,51.147412],[5.894727,50.984229],[6.048438,50.904883],[5.993945,50.750439]]],[[[4.226172,51.386475],[4.172559,51.30708],[3.902051,51.207666],[3.350098,51.377686],[3.589453,51.399414],[3.883398,51.354492],[4.226172,51.386475]]]]},"properties":{"name":"Netherlands"},"id":"NL"},
    {"type":"Feature","geometry":{"type":"Polygon","coordinates":[[[9.580273,47.057373],[9.487695,47.062256],[9.527539,47.270752],[9.580273,47.057373]]]},"properties":{"name":"Liechtenstein"},"id":"LI"},
    {"type":"Feature","geometry":{"type":"Polygon","coordinates":[[[22.705078,44.237793],[22.597461,44.075293],[22.420801,44.007422],[22.36543,43.862109],[22.394824,43.706641],[22.55459,43.454492],[22.767578,43.35415],[22.976855,43.187988],[22.942285,43.09707],[22.706152,42.883936],[22.466797,42.84248],[22.43623,42.629102],[22.523535,42.440967],[22.344043,42.313965],[22.239746,42.358154],[22.052051,42.304639],[21.904102,42.32207],[21.5625,42.24751],[21.75293,42.669824],[21.390625,42.751416],[21.403027,42.831543],[21.237109,42.913232],[21.057031,43.091699],[20.844434,43.173437],[20.623145,43.198633],[20.624023,43.03418],[20.344336,42.82793],[20.339941,42.892871],[19.944043,43.081641],[19.551563,43.212256],[19.414648,43.342822],[19.21875,43.449951],[19.194336,43.533301],[19.45127,43.562061],[19.488184,43.703564],[19.257227,43.943311],[19.549512,43.987109],[19.583789,44.043457],[19.338867,44.22583],[19.151855,44.302539],[19.151367,44.527344],[19.291895,44.696777],[19.356836,44.858545],[19.236816,44.914258],[19.007129,44.869189],[19.1,44.973779],[19.062891,45.137207],[19.388086,45.172998],[19.330273,45.268066],[19.004688,45.399512],[19.055078,45.527246],[18.839063,45.835742],[18.905371,45.931738],[19.087305,46.016162],[19.208398,45.984424],[19.530762,46.155176],[20.161426,46.141895],[20.241797,46.108594],[20.358594,45.975488],[20.775,45.749805],[20.774219,45.484424],[20.941797,45.365332],[21.491797,45.122266],[21.357031,44.990771],[21.384375,44.870068],[21.636133,44.710449],[21.909277,44.666113],[22.093066,44.541943],[22.350684,44.676123],[22.497656,44.70625],[22.720898,44.605518],[22.554004,44.540332],[22.494531,44.435449],[22.705078,44.237793]]]},"properties":{"name":"Serbia"},"id":"RS"},
    {"type":"Feature","geometry":{"type":"MultiPolygon","coordinates":[[[[13.57793,45.516895],[13.878711,45.428369],[14.085547,45.477832],[14.369922,45.481445],[14.533984,45.645264],[14.733594,45.508496],[15.110449,45.450781],[15.339453,45.467041],[15.277051,45.732617],[15.624805,45.834033],[15.666211,46.048486],[15.635938,46.200732],[16.227441,46.372852],[16.321191,46.534619],[16.516211,46.499902],[16.748047,46.416406],[16.939941,46.253662],[17.149609,46.140332],[17.310645,45.996143],[17.607031,45.91377],[17.706445,45.827246],[17.963867,45.770264],[18.437305,45.767334],[18.666016,45.907471],[18.905371,45.931738],[18.839063,45.835742],[19.055078,45.527246],[19.004688,45.399512],[19.330273,45.268066],[19.388086,45.172998],[19.062891,45.137207],[19.1,44.973779],[19.007129,44.869189],[18.836426,44.883252],[18.662598,45.077441],[18.284961,45.134277],[17.996289,45.141797],[17.812793,45.078125],[17.690137,45.158398],[17.546289,45.122559],[17.125391,45.171777],[16.918652,45.276562],[16.79082,45.196875],[16.530664,45.216699],[16.293359,45.008838],[16.02832,45.1896],[15.788086,45.178955],[15.736621,44.76582],[16.130273,44.47373],[16.214258,44.215137],[16.590527,43.913184],[16.713477,43.778809],[17.08457,43.516553],[17.273828,43.445752],[17.293066,43.305615],[17.624805,43.042773],[17.585156,42.938379],[17.329883,43.114893],[17.129395,43.211133],[16.903125,43.392432],[16.393945,43.543359],[15.985547,43.519775],[15.941504,43.656641],[15.499414,43.908789],[15.122949,44.256787],[15.269824,44.383496],[14.981348,44.60293],[14.895215,44.706592],[14.906543,44.971387],[14.85459,45.081006],[14.550488,45.297705],[14.386133,45.342139],[14.268555,45.28252],[14.236328,45.159668],[13.96582,44.835645],[13.860742,44.837402],[13.629297,45.108203],[13.517188,45.481787],[13.57793,45.516895]]],[[[17.194043,43.125781],[16.679199,43.123145],[16.697266,43.174951],[17.194043,43.125781]]],[[[16.785254,43.270654],[16.423145,43.317236],[16.448926,43.387061],[16.834375,43.35083],[16.785254,43.270654]]],[[[14.810254,44.977051],[14.687012,44.955615],[14.437891,45.098633],[14.571094,45.224756],[14.810254,44.977051]]],[[[14.488086,44.660059],[14.419531,44.670313],[14.302539,44.94043],[14.467383,44.970215],[14.488086,44.660059]]],[[[18.436328,42.559717],[18.51748,42.43291],[17.667578,42.897119],[17.841309,42.845068],[18.304004,42.599414],[18.436328,42.559717]]]]},"properties":{"name":"Croatia"},"id":"HR"},
    {"type":"Feature","geometry":{"type":"Polygon","coordinates":[[[16.516211,46.499902],[16.321191,46.534619],[16.227441,46.372852],[15.635938,46.200732],[15.666211,46.048486],[15.624805,45.834033],[15.277051,45.732617],[15.339453,45.467041],[15.110449,45.450781],[14.733594,45.508496],[14.533984,45.645264],[14.369922,45.481445],[14.085547,45.477832],[13.878711,45.428369],[13.57793,45.516895],[13.719824,45.587598],[13.831152,45.68042],[13.569629,45.834131],[13.613965,45.96167],[13.486426,46.039551],[13.63252,46.177051],[13.399609,46.224951],[13.399512,46.317529],[13.679688,46.462891],[13.7,46.520264],[14.503516,46.417041],[14.756738,46.499121],[15.000684,46.625977],[15.439258,46.629639],[15.766895,46.711279],[15.957617,46.677637],[15.976855,46.801367],[16.093066,46.863281],[16.283594,46.857275],[16.38125,46.638672],[16.516211,46.499902]]]},"properties":{"name":"Slovenia"},"id":"SI"},
    {"type":"Feature","geometry":{"type":"Polygon","coordinates":[[[28.014453,41.969043],[27.879199,41.986621],[27.534863,41.920801],[27.294922,42.079541],[27.011719,42.058643],[26.884863,41.991846],[26.615332,41.964893],[26.511426,41.826367],[26.320898,41.716553],[26.200586,41.743799],[26.066016,41.673242],[26.155176,41.434863],[25.92334,41.311914],[25.784961,41.33042],[25.251172,41.243555],[25.133398,41.315771],[24.595996,41.442725],[24.518262,41.552539],[24.056055,41.527246],[23.635156,41.386768],[23.239844,41.384961],[23.155957,41.32207],[22.916016,41.336279],[22.951465,41.605615],[23.005664,41.716943],[22.836816,41.993604],[22.582715,42.104834],[22.344043,42.313965],[22.523535,42.440967],[22.43623,42.629102],[22.466797,42.84248],[22.706152,42.883936],[22.942285,43.09707],[22.976855,43.187988],[22.767578,43.35415],[22.55459,43.454492],[22.394824,43.706641],[22.36543,43.862109],[22.420801,44.007422],[22.597461,44.075293],[22.705078,44.237793],[23.028516,44.077979],[22.868262,43.9479],[22.919043,43.834473],[23.224609,43.873877],[23.53457,43.853564],[24.226758,43.763477],[24.430566,43.794385],[25.159668,43.686328],[25.49707,43.670801],[25.818848,43.766846],[25.933398,43.870557],[26.21582,44.007275],[26.489258,44.083984],[27.086914,44.167383],[27.425391,44.020508],[27.884277,43.987354],[28.05,43.822412],[28.423437,43.740479],[28.585352,43.742236],[28.561816,43.501318],[28.46543,43.389307],[28.319629,43.426855],[28.133691,43.395605],[27.928906,43.186133],[27.888867,42.749707],[27.753711,42.706543],[27.484766,42.468066],[27.708203,42.349951],[27.982715,42.047412],[28.014453,41.969043]]]},"properties":{"name":"Bulgaria"},"id":"BG"},
    {"type":"Feature","geometry":{"type":"Polygon","coordinates":[[[12.485254,43.901416],[12.396875,43.93457],[12.441113,43.982422],[12.514648,43.952979],[12.485254,43.901416]]]},"properties":{"name":"San Marino"},"id":"SM"},
    {"type":"Feature","geometry":{"type":"Polygon","coordinates":[[[7.438672,43.750439],[7.377734,43.731738],[7.414453,43.770898],[7.438672,43.750439]]]},"properties":{"name":"Monaco"},"id":"MC"},
    {"type":"Feature","geometry":{"type":"Polygon","coordinates":[[[1.706055,42.50332],[1.48623,42.434473],[1.42832,42.595898],[1.709863,42.604443],[1.706055,42.50332]]]},"properties":{"name":"Andorra"},"id":"AD"},
    {"type":"Feature","geometry":{"type":"Polygon","coordinates":[[[19.194336,43.533301],[19.21875,43.449951],[19.414648,43.342822],[19.551563,43.212256],[19.944043,43.081641],[20.339941,42.892871],[20.344336,42.82793],[20.029492,42.732031],[20.063965,42.547266],[19.788281,42.476172],[19.654492,42.628564],[19.280664,42.172559],[19.361426,42.069092],[19.342383,41.869092],[19.186426,41.948633],[19.122266,42.060498],[18.894238,42.249463],[18.51748,42.43291],[18.436328,42.559717],[18.543262,42.67417],[18.466016,42.777246],[18.443848,42.968457],[18.623633,43.027686],[18.674219,43.230811],[18.851074,43.346338],[19.036719,43.357324],[18.940234,43.496729],[19.194336,43.533301]]]},"properties":{"name":"Montenegro"},"id":"ME"},
    {"type":"Feature","geometry":{"type":"Polygon","coordinates":[[[19.194336,43.533301],[18.940234,43.496729],[19.036719,43.357324],[18.851074,43.346338],[18.674219,43.230811],[18.623633,43.027686],[18.443848,42.968457],[18.466016,42.777246],[18.543262,42.67417],[18.436328,42.559717],[18.304004,42.599414],[17.841309,42.845068],[17.667578,42.897119],[17.585156,42.938379],[17.624805,43.042773],[17.293066,43.305615],[17.273828,43.445752],[17.08457,43.516553],[16.713477,43.778809],[16.590527,43.913184],[16.214258,44.215137],[16.130273,44.47373],[15.736621,44.76582],[15.788086,45.178955],[16.02832,45.1896],[16.293359,45.008838],[16.530664,45.216699],[16.79082,45.196875],[16.918652,45.276562],[17.125391,45.171777],[17.546289,45.122559],[17.690137,45.158398],[17.812793,45.078125],[17.996289,45.141797],[18.284961,45.134277],[18.662598,45.077441],[18.836426,44.883252],[19.007129,44.869189],[19.236816,44.914258],[19.356836,44.858545],[19.291895,44.696777],[19.151367,44.527344],[19.151855,44.302539],[19.338867,44.22583],[19.583789,44.043457],[19.549512,43.987109],[19.257227,43.943311],[19.488184,43.703564],[19.45127,43.562061],[19.194336,43.533301]]]},"properties":{"name":"Bosnia and Herzegovina"},"id":"BA"},
    {"type":"Feature","geometry":{"type":"MultiPolygon","coordinates":[[[[-17.190869,32.868604],[-17.054492,32.815869],[-16.929199,32.841406],[-16.693262,32.758008],[-16.837402,32.648291],[-17.171191,32.721875],[-17.190869,32.868604]]],[[[-8.777148,41.941064],[-8.538086,42.069336],[-8.213086,42.133691],[-8.12998,42.018164],[-8.224756,41.89585],[-8.15249,41.811963],[-7.92085,41.883643],[-7.693066,41.888477],[-7.403613,41.833691],[-7.030469,41.950635],[-6.618262,41.942383],[-6.55752,41.874121],[-6.542187,41.67251],[-6.391699,41.665381],[-6.2125,41.532031],[-6.403125,41.375391],[-6.690137,41.214502],[-6.928467,41.009131],[-6.857715,40.87832],[-6.818359,40.654053],[-6.847949,40.410986],[-6.810156,40.343115],[-7.014697,40.20835],[-6.896094,40.021826],[-7.036719,39.713965],[-7.117676,39.681689],[-7.454102,39.680664],[-7.445117,39.536182],[-7.335449,39.465137],[-7.305762,39.338135],[-7.172412,39.135205],[-6.997949,39.056445],[-7.046045,38.907031],[-7.281543,38.714551],[-7.343018,38.457422],[-7.022852,38.044727],[-7.185449,38.006348],[-7.443945,37.728271],[-7.503516,37.585498],[-7.406152,37.179443],[-7.493604,37.168311],[-7.834131,37.005713],[-8.136768,37.077051],[-8.597656,37.121338],[-8.997803,37.032275],[-8.81416,37.430811],[-8.791846,37.732813],[-8.878955,37.958691],[-8.802246,38.183838],[-8.810937,38.299756],[-8.914795,38.512109],[-9.213281,38.448096],[-9.250391,38.656738],[-9.474121,38.730859],[-9.374756,39.338281],[-9.148291,39.542578],[-8.837842,40.115674],[-8.886621,40.179443],[-8.772412,40.605664],[-8.684619,40.752539],[-8.655566,41.029492],[-8.738379,41.284668],[-8.81084,41.651953],[-8.887598,41.7646],[-8.777148,41.941064]]],[[[-27.075244,38.643457],[-27.302832,38.661035],[-27.259668,38.802686],[-27.041943,38.741211],[-27.075244,38.643457]]],[[[-28.147266,38.452686],[-28.231152,38.384668],[-28.454492,38.408643],[-28.402148,38.553369],[-28.147266,38.452686]]],[[[-25.648975,37.840918],[-25.266602,37.848633],[-25.251123,37.73501],[-25.439014,37.715332],[-25.734473,37.762891],[-25.648975,37.840918]]]]},"properties":{"name":"Portugal"},"id":"PT"},
    {"type":"Feature","geometry":{"type":"Polygon","coordinates":[[[26.618945,48.259863],[26.84707,48.387158],[27.228516,48.371436],[27.549219,48.477734],[27.82002,48.41626],[28.088477,48.257031],[28.326953,48.161426],[28.773828,48.11958],[28.97334,47.933008],[29.194824,47.882422],[29.210742,47.731543],[29.122949,47.530371],[29.159766,47.455664],[29.549316,47.246826],[29.515039,47.091113],[29.571973,46.964014],[29.877832,46.828906],[29.94248,46.723779],[29.924316,46.538867],[30.131055,46.423096],[29.837891,46.350537],[29.146289,46.526904],[28.927441,46.424121],[29.00625,46.176465],[28.947754,46.049951],[28.73877,45.937158],[28.729297,45.852002],[28.491602,45.665771],[28.471387,45.507178],[28.2125,45.450439],[28.074707,45.598975],[28.159766,45.647119],[28.099707,45.972607],[28.119141,46.138672],[28.244336,46.45127],[28.239453,46.64082],[28.071777,46.978418],[27.853809,47.114502],[27.336914,47.639746],[27.152051,47.959277],[26.980762,48.155029],[26.787305,48.255811],[26.618945,48.259863]]]},"properties":{"name":"Moldova"},"id":"MD"},
    {"type":"Feature","geometry":{"type":"Polygon","coordinates":[[[12.43916,41.898389],[12.430566,41.897559],[12.430566,41.905469],[12.438379,41.906201],[12.43916,41.898389]]]},"properties":{"name":"Vatican City"},"id":"VA"},
    {"type":"Feature","geometry":{"type":"Polygon","coordinates":[[[-15.543115,66.228516],[-14.912207,66.284277],[-15.116406,66.102441],[-14.74043,66.05083],[-14.75752,65.755664],[-14.426221,65.789941],[-14.302295,65.627539],[-13.935449,65.616064],[-13.616016,65.487158],[-13.804785,65.354785],[-13.569678,65.068115],[-13.777246,65.013721],[-13.85293,64.862158],[-14.135156,64.714795],[-14.465381,64.635693],[-14.54707,64.445947],[-15.021582,64.295898],[-15.494971,64.258203],[-16.060449,64.11123],[-16.640332,63.865479],[-17.815723,63.712988],[-17.946924,63.535742],[-18.653613,63.406689],[-19.250195,63.441992],[-19.778271,63.536572],[-20.198145,63.555811],[-20.592969,63.735352],[-21.24624,63.935449],[-21.448633,63.858398],[-22.606885,63.837256],[-22.510059,63.991455],[-22.056641,64.071338],[-21.832764,64.20542],[-21.951221,64.313916],[-21.950342,64.51499],[-22.28418,64.586572],[-22.233594,64.713965],[-22.467041,64.794971],[-23.346973,64.824365],[-23.878564,64.750635],[-24.026172,64.863428],[-22.683984,65.026367],[-21.892139,65.048779],[-22.03999,65.125244],[-22.400293,65.159326],[-22.473437,65.226855],[-21.906982,65.399707],[-22.005762,65.493457],[-22.90249,65.580469],[-23.899902,65.407568],[-24.223975,65.487207],[-23.909082,65.765576],[-23.704736,65.781201],[-23.737158,66.069434],[-23.52793,66.164404],[-23.062549,66.08623],[-23.018994,65.982129],[-22.621582,65.999951],[-22.445312,66.07002],[-22.806445,66.152588],[-22.972021,66.32417],[-22.889209,66.440625],[-22.426123,66.430127],[-21.625293,66.089697],[-21.303467,65.876465],[-21.46626,65.635156],[-21.432178,65.474072],[-21.22998,65.420605],[-20.739697,65.658252],[-20.454834,65.571045],[-20.356641,65.719043],[-20.356592,66.033252],[-20.026074,66.049268],[-19.593555,65.779053],[-19.433887,65.814453],[-19.382959,66.075684],[-18.777539,66.168799],[-18.454932,65.964551],[-18.297168,66.157422],[-17.906982,66.143311],[-17.582227,65.971387],[-17.153027,66.202832],[-16.748438,66.131641],[-16.428076,66.278369],[-16.540674,66.446729],[-16.249316,66.5229],[-15.9854,66.514648],[-15.543115,66.228516]]]},"properties":{"name":"Iceland"},"id":"IS"},
    {"type":"Feature","geometry":{"type":"Polygon","coordinates":[[[14.566211,35.852734],[14.436426,35.82168],[14.352344,35.872266],[14.44834,35.957422],[14.566211,35.852734]]]},"properties":{"name":"Malta"},"id":"MT"},
    {"type":"Feature","geometry":{"type":"Polygon","coordinates":[[[-2.018652,49.23125],[-2.23584,49.176367],[-2.220508,49.266357],[-2.018652,49.23125]]]},"properties":{"name":"Jersey"},"id":"JE"},
    {"type":"Feature","geometry":{"type":"Polygon","coordinates":[[[-2.512305,49.494531],[-2.547363,49.428711],[-2.646143,49.468213],[-2.512305,49.494531]]]},"properties":{"name":"Guernsey"},"id":"GG"},
    {"type":"Feature","geometry":{"type":"Polygon","coordinates":[[[-4.412061,54.185352],[-4.614258,54.058691],[-4.745557,54.118799],[-4.508643,54.376709],[-4.337988,54.269092],[-4.412061,54.185352]]]},"properties":{"name":"Isle of Man"},"id":"IM"},
    {"type":"Feature","geometry":{"type":"Polygon","coordinates":[[[19.989551,60.351172],[20.258887,60.261279],[19.745996,60.098975],[19.686914,60.267627],[19.989551,60.351172]]]},"properties":{"name":"Åland"},"id":"AX"},
    {"type":"Feature","geometry":{"type":"Polygon","coordinates":[[[-6.631055,62.227881],[-6.655811,62.093604],[-7.013574,62.093994],[-7.172168,62.285596],[-6.958643,62.31626],[-6.631055,62.227881]]]},"properties":{"name":"Faroe Islands"},"id":"FO"},
    {"type":"Feature","geometry":{"type":"MultiPolygon","coordinates":[[[[152.96582,-4.756348],[152.891699,-4.832422],[152.739941,-4.63584],[152.680664,-4.498437],[152.696777,-4.282031],[152.598438,-3.994824],[152.355762,-3.668164],[152.192188,-3.505859],[151.972949,-3.453418],[151.793164,-3.337891],[151.578516,-3.153516],[150.968066,-2.779883],[150.847852,-2.779785],[150.825391,-2.572949],[151.174609,-2.789062],[151.226465,-2.870313],[151.475391,-2.94248],[151.807129,-3.172852],[152.03291,-3.251367],[152.179395,-3.410352],[153.016797,-4.105664],[153.124219,-4.252344],[153.13252,-4.352441],[153.044336,-4.476367],[153.023242,-4.666309],[152.96582,-4.756348]]],[[[151.915625,-4.296777],[152.117188,-4.212207],[152.197266,-4.285156],[152.405664,-4.340723],[152.363574,-4.49082],[152.4,-4.73125],[152.257617,-4.954688],[152.013281,-5.003809],[151.993945,-5.149023],[152.142969,-5.357031],[152.077051,-5.458301],[151.86543,-5.564844],[151.515137,-5.552344],[151.422461,-5.747363],[151.229297,-5.919922],[151.043164,-6.015039],[150.808984,-6.071387],[150.705762,-6.149414],[150.42832,-6.276172],[149.652539,-6.29043],[149.483008,-6.124805],[149.382324,-6.078125],[149.126563,-6.127637],[148.80752,-5.916406],[148.401172,-5.765039],[148.337207,-5.669434],[148.344727,-5.544922],[148.432031,-5.471777],[148.564941,-5.50791],[148.999219,-5.48457],[149.245313,-5.573047],[149.475391,-5.573242],[149.631738,-5.516016],[149.831445,-5.524121],[149.962793,-5.447754],[150.045313,-5.034668],[150.170313,-5.070605],[150.081543,-5.186426],[150.10625,-5.429004],[150.183105,-5.523633],[150.29873,-5.535645],[150.519434,-5.460254],[150.625781,-5.520898],[150.95293,-5.42373],[151.137793,-5.112891],[151.326563,-4.960352],[151.572559,-4.9375],[151.671191,-4.883301],[151.664648,-4.637012],[151.551953,-4.345508],[151.593066,-4.200781],[151.819336,-4.216992],[151.915625,-4.296777]]],[[[140.976172,-9.11875],[140.975781,-8.495703],[140.975391,-7.479199],[140.975195,-6.905371],[140.862305,-6.740039],[140.874609,-6.611523],[140.975,-6.346094],[140.974707,-5.649512],[140.974219,-4.226465],[140.973828,-3.413281],[140.973438,-2.609766],[141.185645,-2.627832],[141.686816,-2.84502],[141.8875,-2.952539],[141.985742,-2.963574],[142.211523,-3.083496],[142.905176,-3.320703],[143.508984,-3.431152],[144.01582,-3.783594],[144.121973,-3.815234],[144.477734,-3.825293],[144.62666,-3.993066],[144.737891,-4.029102],[144.938477,-4.188184],[145.087793,-4.349121],[145.33457,-4.385254],[145.766992,-4.823047],[145.792871,-5.17793],[145.745215,-5.402441],[145.852832,-5.471289],[146.205371,-5.545117],[146.403418,-5.616602],[147.034277,-5.919238],[147.37666,-5.950781],[147.566699,-6.056934],[147.802051,-6.315234],[147.854492,-6.551172],[147.845508,-6.662402],[147.70957,-6.723633],[147.355762,-6.742383],[147.119141,-6.72168],[146.953613,-6.834082],[146.960742,-6.928809],[147.104883,-7.166992],[147.190039,-7.378125],[147.724316,-7.87627],[147.936133,-7.975391],[148.126758,-8.103613],[148.246875,-8.554297],[148.451172,-8.694531],[148.583105,-9.051758],[148.791797,-9.089453],[149.097461,-9.016895],[149.247656,-9.070996],[149.264063,-9.180762],[149.203027,-9.406836],[149.263184,-9.497852],[149.475781,-9.588281],[149.755762,-9.610938],[149.973535,-9.660742],[149.984668,-9.737012],[149.76123,-9.805859],[149.874414,-10.012988],[150.364063,-10.189648],[150.666992,-10.257129],[150.636816,-10.337988],[150.446094,-10.307324],[150.488867,-10.425781],[150.647168,-10.517969],[150.482422,-10.636914],[150.319922,-10.654883],[150.016797,-10.577148],[149.948047,-10.482617],[149.754102,-10.353027],[149.352637,-10.289746],[148.936816,-10.255176],[148.712891,-10.166895],[148.383398,-10.185449],[148.150488,-10.107324],[148.051367,-10.12832],[147.768652,-10.070117],[147.553125,-9.912402],[147.408301,-9.674707],[147.017188,-9.387891],[146.925391,-9.247168],[146.913281,-9.091699],[146.696582,-9.025391],[146.455859,-8.643555],[146.296484,-8.455566],[146.184082,-8.246387],[146.033203,-8.076367],[145.728711,-7.952441],[145.467773,-7.930078],[145.2875,-7.861621],[144.973828,-7.802148],[144.773438,-7.64248],[144.509863,-7.567383],[144.225391,-7.764941],[143.898242,-7.673828],[143.74209,-7.549805],[143.942285,-7.944238],[143.779297,-8.028223],[143.551563,-7.984668],[143.61377,-8.200391],[143.094922,-8.31123],[142.797949,-8.34502],[143.111816,-8.474512],[143.306738,-8.660937],[143.392188,-8.801855],[143.366211,-8.961035],[142.85918,-9.202637],[142.647168,-9.327832],[142.22959,-9.169922],[141.621582,-9.211328],[141.405664,-9.150684],[141.133203,-9.221289],[140.976172,-9.11875]]],[[[148.025781,-5.826367],[147.874512,-5.749219],[147.781055,-5.627246],[147.846484,-5.49082],[148.054785,-5.611523],[148.025781,-5.826367]]],[[[146.019336,-4.726172],[145.904004,-4.733008],[145.900195,-4.604199],[145.995801,-4.539258],[146.019336,-4.726172]]],[[[149.76543,-1.553027],[149.671094,-1.57627],[149.545898,-1.47168],[149.580957,-1.353223],[149.725293,-1.430664],[149.76543,-1.553027]]],[[[151.080957,-10.020117],[151.194336,-9.945508],[151.296484,-9.956738],[151.230859,-10.194727],[150.95918,-10.092578],[150.862305,-9.802441],[151.051465,-9.938965],[151.080957,-10.020117]]],[[[150.34541,-9.493848],[150.272852,-9.500391],[150.109766,-9.361914],[150.208301,-9.206348],[150.320117,-9.26416],[150.34541,-9.493848]]],[[[147.17627,-5.431934],[147.005859,-5.307031],[147.131055,-5.19082],[147.206348,-5.251563],[147.17627,-5.431934]]],[[[147.067578,-1.960156],[147.400586,-2.025098],[147.206348,-2.181934],[146.926367,-2.189062],[146.747852,-2.148828],[146.546484,-2.208594],[146.65625,-1.974023],[146.857129,-1.948535],[147.067578,-1.960156]]],[[[150.436621,-2.661816],[150.165723,-2.660254],[150.043457,-2.5125],[150.102539,-2.40498],[150.227148,-2.38418],[150.429492,-2.47041],[150.436621,-2.661816]]],[[[150.528418,-9.346582],[150.669043,-9.428516],[150.788672,-9.417969],[150.879102,-9.512695],[150.894043,-9.66748],[150.43623,-9.624609],[150.508496,-9.536133],[150.434668,-9.434961],[150.528418,-9.346582]]],[[[152.630957,-8.959375],[152.810059,-8.967187],[152.984961,-9.150781],[152.86748,-9.224316],[152.720117,-9.166504],[152.630957,-8.959375]]],[[[153.536133,-11.476172],[153.703223,-11.528516],[153.699512,-11.612598],[153.553711,-11.630566],[153.379004,-11.55957],[153.234473,-11.420312],[153.306738,-11.356348],[153.536133,-11.476172]]],[[[155.957617,-6.686816],[155.719336,-6.862793],[155.520898,-6.830273],[155.344043,-6.72168],[155.208594,-6.526855],[155.202148,-6.307617],[155.010156,-6.209766],[154.781934,-5.970703],[154.708984,-5.74707],[154.741113,-5.545312],[154.99707,-5.539941],[155.093848,-5.620215],[155.227539,-5.865234],[155.372559,-5.974414],[155.466992,-6.145117],[155.638477,-6.220801],[155.822559,-6.380469],[155.957617,-6.686816]]],[[[154.647266,-5.432715],[154.540039,-5.11084],[154.682031,-5.054004],[154.727148,-5.218066],[154.647266,-5.432715]]]]},"properties":{"name":"Papua New Guinea"},"id":"PG"},
    {"type":"Feature","geometry":{"type":"MultiPolygon","coordinates":[[[[143.178906,-11.954492],[143.104688,-12.169629],[143.110254,-12.303516],[143.254102,-12.397656],[143.401563,-12.639941],[143.512012,-13.094531],[143.529492,-13.303809],[143.586621,-13.443652],[143.548438,-13.741016],[143.643359,-13.963672],[143.756348,-14.348828],[143.961816,-14.462891],[144.209863,-14.301953],[144.473047,-14.231836],[144.586426,-14.354688],[144.648047,-14.49248],[145.287695,-14.943164],[145.25166,-15.097461],[145.293066,-15.327246],[145.271582,-15.47666],[145.349512,-15.701562],[145.375391,-15.881055],[145.458008,-16.056445],[145.426074,-16.406152],[145.549902,-16.625098],[145.754785,-16.879492],[145.912109,-16.9125],[145.901953,-17.070215],[146.049805,-17.381055],[146.125879,-17.635254],[146.032227,-18.272852],[146.223047,-18.509863],[146.333203,-18.553711],[146.296875,-18.841211],[146.481152,-19.078711],[146.829004,-19.235742],[147.002637,-19.256055],[147.13877,-19.393164],[147.418555,-19.378125],[147.586035,-19.622754],[147.742383,-19.770117],[147.915625,-19.869238],[148.081055,-19.898633],[148.366895,-20.0875],[148.600488,-20.145215],[148.759375,-20.289551],[148.884766,-20.480859],[148.72998,-20.467773],[148.683691,-20.580176],[148.789453,-20.735645],[149.060547,-20.961133],[149.204883,-21.125098],[149.329297,-21.476074],[149.454102,-21.578711],[149.460059,-21.76543],[149.595703,-22.257617],[149.703906,-22.440527],[149.941895,-22.308105],[149.98125,-22.184277],[150.076172,-22.164453],[150.234863,-22.372949],[150.541309,-22.559082],[150.568555,-22.383984],[150.672461,-22.418164],[150.763867,-22.576172],[150.783008,-23.176562],[150.843164,-23.458008],[151.236328,-23.825],[151.500781,-24.012402],[151.690918,-24.038379],[151.902734,-24.200977],[152.129883,-24.597559],[152.456348,-24.802441],[152.502051,-24.963965],[152.654297,-25.201953],[152.78916,-25.274121],[152.913477,-25.432129],[152.920508,-25.688574],[153.028223,-25.870313],[153.164941,-25.96416],[153.08418,-26.303809],[153.162109,-26.982715],[153.116797,-27.194434],[153.197949,-27.404688],[153.385742,-27.768555],[153.454883,-28.04834],[153.575684,-28.240527],[153.569141,-28.533398],[153.616895,-28.673047],[153.60459,-28.854492],[153.462207,-29.050195],[153.348047,-29.29043],[153.346973,-29.496582],[153.272363,-29.89248],[153.188184,-30.163867],[153.030566,-30.563379],[153.047852,-30.907129],[152.943945,-31.434863],[152.78584,-31.786328],[152.559277,-32.045703],[152.545313,-32.243066],[152.47041,-32.439062],[152.247461,-32.608691],[152.164258,-32.757422],[151.812891,-32.901074],[151.483789,-33.347461],[151.432031,-33.521582],[151.29209,-33.580957],[151.322754,-33.699316],[151.231543,-34.029688],[150.960352,-34.29707],[150.871289,-34.499121],[150.781055,-34.892187],[150.697363,-35.041895],[150.690332,-35.177734],[150.56748,-35.214258],[150.374121,-35.58418],[150.195312,-35.833594],[150.128906,-36.12041],[150.062793,-36.550391],[149.960254,-36.845508],[149.950586,-37.080273],[149.986328,-37.258398],[149.932715,-37.528516],[149.809375,-37.547852],[149.56543,-37.72998],[149.298438,-37.802148],[148.943945,-37.788477],[148.2625,-37.830664],[147.876758,-37.93418],[147.631445,-38.055664],[147.395605,-38.219141],[146.856836,-38.663477],[146.435742,-38.711816],[146.292578,-38.699805],[146.216211,-38.782715],[146.336621,-38.894238],[146.466602,-38.840332],[146.483789,-39.065039],[146.4,-39.145508],[146.158398,-38.865723],[145.935352,-38.901758],[145.79082,-38.666992],[145.606348,-38.656836],[145.397266,-38.535352],[145.542188,-38.393848],[145.475781,-38.24375],[145.292773,-38.237598],[145.191211,-38.383594],[144.95957,-38.500781],[144.911426,-38.344043],[145.066992,-38.204883],[145.119922,-38.091309],[144.891309,-37.899805],[144.538477,-38.077148],[144.665234,-38.209961],[144.101562,-38.462305],[143.811719,-38.698828],[143.538965,-38.820898],[143.226465,-38.743164],[143.082617,-38.645898],[142.840234,-38.580859],[142.612109,-38.45166],[142.344531,-38.372168],[142.187695,-38.399414],[141.924707,-38.283789],[141.725,-38.271387],[141.593945,-38.387793],[141.424219,-38.363477],[141.213867,-38.171973],[141.010938,-38.076953],[140.627246,-38.028418],[140.39043,-37.89668],[140.212109,-37.642187],[139.784277,-37.245801],[139.738477,-37.05957],[139.857324,-36.662109],[139.729004,-36.371387],[139.54873,-36.09668],[139.244922,-35.827344],[139.037695,-35.689258],[139.178027,-35.523047],[139.325098,-35.42666],[139.192773,-35.347266],[138.915234,-35.488867],[138.521875,-35.642383],[138.184375,-35.612695],[138.399805,-35.325781],[138.511133,-35.024414],[138.489941,-34.763574],[138.089258,-34.169824],[137.919238,-34.456055],[137.874121,-34.727441],[137.691699,-35.142969],[137.45957,-35.131348],[137.144434,-35.236426],[136.883594,-35.239746],[137.014258,-34.91582],[137.391016,-34.913281],[137.492969,-34.597754],[137.458984,-34.378906],[137.493848,-34.161133],[137.650391,-33.859082],[137.931836,-33.579102],[137.852344,-33.200781],[137.992578,-33.094238],[137.913184,-32.770703],[137.790918,-32.823242],[137.680176,-32.978027],[137.442285,-33.193555],[137.354199,-33.430176],[137.237305,-33.629492],[136.635547,-33.896582],[136.430664,-34.02998],[136.121094,-34.428711],[135.891016,-34.660938],[135.998535,-34.94375],[135.792383,-34.863281],[135.647559,-34.939648],[135.480859,-34.758203],[135.230664,-34.579785],[135.45,-34.581055],[135.312012,-34.195508],[135.185449,-33.906738],[134.88877,-33.626367],[134.791016,-33.32832],[134.607715,-33.190137],[134.30127,-33.165039],[134.173535,-32.979102],[134.100391,-32.748633],[134.227148,-32.730566],[134.23418,-32.548535],[133.930176,-32.411719],[133.786719,-32.268848],[133.551367,-32.18291],[133.212109,-32.183789],[132.757422,-31.95625],[132.648633,-31.949316],[132.323633,-32.02002],[132.214648,-32.007129],[131.721191,-31.696289],[131.393164,-31.548535],[131.143652,-31.495703],[130.783008,-31.604004],[130.129785,-31.579102],[129.187695,-31.659961],[128.946191,-31.702637],[128.546094,-31.887695],[128.067676,-32.066504],[127.678027,-32.15127],[127.319824,-32.264063],[126.779297,-32.310938],[126.136523,-32.256836],[125.917188,-32.296973],[125.463672,-32.556543],[125.266602,-32.614453],[124.758789,-32.882715],[124.373242,-32.958398],[124.126074,-33.129395],[123.868359,-33.596387],[123.650391,-33.836328],[123.506836,-33.916211],[123.36543,-33.905371],[123.207617,-33.988281],[123.067578,-33.900586],[122.777539,-33.89082],[122.150977,-33.991797],[122.061133,-33.874414],[121.405078,-33.826758],[120.814551,-33.871289],[120.418359,-33.963086],[120.209375,-33.935449],[119.854102,-33.974707],[119.635156,-34.101172],[119.450586,-34.368262],[119.247656,-34.456445],[118.895312,-34.479883],[118.135547,-34.986621],[117.581934,-35.097754],[117.143945,-35.033691],[116.517188,-34.987891],[115.986719,-34.79502],[115.72627,-34.526074],[115.565039,-34.425781],[115.277637,-34.303906],[115.12793,-34.341797],[115.008789,-34.255859],[114.973437,-34.051172],[114.993848,-33.515332],[115.181641,-33.643457],[115.358789,-33.639941],[115.515332,-33.531348],[115.683008,-33.192871],[115.618555,-32.666992],[115.70791,-32.567969],[115.738086,-31.887891],[115.698438,-31.694531],[115.45459,-31.302539],[115.294336,-30.961816],[115.176855,-30.808008],[115.07793,-30.560449],[114.994531,-30.216211],[114.94209,-29.721582],[114.958984,-29.433594],[114.856836,-29.142969],[114.628418,-28.871777],[114.537402,-28.542871],[114.165137,-28.080664],[114.133496,-27.976465],[114.098437,-27.544238],[114.028125,-27.347266],[113.709375,-26.847754],[113.333008,-26.417383],[113.231055,-26.241406],[113.345313,-26.208301],[113.388965,-26.105566],[113.581641,-26.558105],[113.733691,-26.595117],[113.836426,-26.500586],[113.852832,-26.332129],[113.589063,-26.098633],[113.513379,-25.89834],[113.395312,-25.713281],[113.539453,-25.625195],[113.713086,-25.830762],[113.691699,-26.091699],[113.76582,-26.159766],[113.879883,-26.027637],[113.942383,-26.258691],[114.090332,-26.393652],[114.215723,-26.289453],[114.214258,-25.851562],[113.992773,-25.544824],[113.792383,-25.165723],[113.670801,-24.977051],[113.569238,-24.692969],[113.417676,-24.435645],[113.421289,-24.132324],[113.55293,-23.732813],[113.757031,-23.418164],[113.794922,-23.023633],[113.767871,-22.812891],[113.682813,-22.637793],[113.958398,-21.93916],[114.142578,-21.909766],[114.092773,-22.181348],[114.163867,-22.32334],[114.141602,-22.483105],[114.303516,-22.425391],[114.377734,-22.341504],[114.602832,-21.942187],[114.709277,-21.823438],[114.859082,-21.735937],[115.161719,-21.630566],[115.456152,-21.491699],[116.010938,-21.030371],[116.706738,-20.653809],[117.139063,-20.640918],[117.40625,-20.721191],[117.683887,-20.642773],[118.199219,-20.375195],[118.751465,-20.261914],[119.104492,-19.995313],[119.585938,-20.038281],[119.767773,-19.958398],[120.196289,-19.909473],[120.433691,-19.841992],[120.878418,-19.665039],[121.179785,-19.47793],[121.337695,-19.319922],[121.493555,-19.106445],[121.630664,-18.816602],[121.833789,-18.477051],[122.00625,-18.393652],[122.360938,-18.036914],[122.237402,-17.968555],[122.147461,-17.549023],[122.160254,-17.313672],[122.260938,-17.135742],[122.432031,-16.97041],[122.522559,-16.942871],[122.72041,-16.787695],[122.916797,-16.432617],[122.970703,-16.436816],[123.14209,-16.863086],[123.265918,-17.036816],[123.383203,-17.292773],[123.525195,-17.485742],[123.60791,-17.219922],[123.586328,-17.082715],[123.664062,-17.023242],[123.799023,-17.127148],[123.874414,-16.918652],[123.778125,-16.867773],[123.49043,-16.490723],[123.581348,-16.470898],[123.646484,-16.343066],[123.607031,-16.224023],[123.728906,-16.19248],[123.85918,-16.382324],[123.961328,-16.286914],[124.129785,-16.278809],[124.300391,-16.388281],[124.454492,-16.335254],[124.388281,-16.203027],[124.43457,-16.103809],[124.576855,-16.113672],[124.381641,-15.758203],[124.439551,-15.493555],[124.561621,-15.496289],[124.750488,-15.285254],[125.062988,-15.442285],[125.072949,-15.306738],[124.90918,-15.310059],[124.839063,-15.160742],[124.978711,-15.106641],[125.024023,-15.024414],[125.188672,-15.04541],[125.355664,-15.119824],[125.383789,-15.015625],[125.243262,-14.944531],[125.178711,-14.714746],[125.335449,-14.55791],[125.435938,-14.556836],[125.68125,-14.387988],[125.819531,-14.469141],[125.850098,-14.597266],[126.020703,-14.494531],[126.016602,-14.371289],[126.111328,-14.114062],[126.258496,-14.163574],[126.403125,-14.018945],[126.569727,-14.160937],[126.780664,-13.955176],[126.775586,-13.788477],[126.903223,-13.744141],[127.099219,-13.867383],[127.293066,-13.934766],[127.672852,-14.195117],[127.887598,-14.485156],[128.199414,-14.751758],[128.175,-15.043164],[128.477441,-14.787988],[128.635547,-14.780957],[129.058203,-14.884375],[129.237891,-15.080176],[129.267578,-14.871484],[129.458984,-14.933203],[129.56709,-15.047363],[129.637109,-14.850977],[129.753516,-14.789551],[129.604688,-14.64707],[129.60791,-14.559668],[129.378711,-14.39248],[129.45918,-14.213477],[129.709863,-13.97998],[129.838867,-13.572949],[129.937891,-13.50166],[130.135938,-13.44834],[130.259766,-13.302246],[130.134961,-13.145508],[130.168164,-12.957422],[130.317969,-12.88291],[130.399902,-12.687891],[130.61748,-12.646875],[130.60957,-12.491309],[130.672363,-12.406934],[130.867383,-12.557813],[130.873828,-12.367188],[131.023438,-12.342871],[131.045703,-12.189648],[131.219922,-12.17793],[131.438281,-12.276953],[131.72627,-12.278125],[131.887988,-12.231934],[132.064063,-12.280762],[132.253223,-12.186035],[132.37207,-12.23916],[132.583789,-12.110254],[132.630469,-12.035156],[132.629883,-11.83584],[132.674219,-11.649023],[132.475195,-11.491504],[132.27793,-11.467676],[132.133594,-11.500684],[131.811816,-11.271387],[131.961523,-11.180859],[132.197754,-11.30498],[132.262695,-11.204004],[132.557324,-11.366895],[132.682813,-11.505566],[132.857129,-11.391113],[133.024902,-11.452832],[133.185254,-11.705664],[133.356152,-11.728223],[133.533203,-11.816211],[133.904199,-11.832031],[134.237109,-12.007715],[134.538086,-12.06084],[134.730273,-11.984375],[134.854688,-12.102539],[135.029688,-12.19375],[135.217969,-12.22168],[135.352344,-12.129199],[135.54873,-12.060645],[135.788477,-11.907031],[135.889453,-11.992773],[135.702539,-12.151563],[135.743945,-12.241699],[135.937793,-12.152148],[136.008496,-12.191406],[136.081836,-12.422461],[136.260645,-12.433789],[136.328516,-12.305566],[136.270117,-12.131641],[136.443359,-11.951465],[136.540234,-11.957617],[136.609766,-12.133594],[136.719434,-12.226465],[136.897461,-12.243555],[136.947461,-12.349902],[136.537012,-12.784277],[136.594336,-13.003809],[136.461035,-13.225195],[136.294141,-13.137988],[135.927344,-13.304297],[135.929199,-13.621582],[135.989551,-13.810156],[135.883398,-14.153125],[135.744531,-14.286621],[135.405176,-14.758203],[135.45332,-14.923145],[135.530762,-15.000391],[135.832617,-15.160156],[136.205371,-15.403418],[136.291406,-15.570117],[136.583594,-15.706543],[136.704883,-15.685254],[136.698145,-15.834961],[136.784668,-15.894238],[137.002148,-15.87832],[137.299316,-16.066309],[137.703711,-16.233008],[137.912891,-16.476562],[138.071582,-16.616992],[138.24502,-16.718359],[138.505664,-16.789551],[138.625684,-16.777832],[138.820312,-16.860645],[139.009863,-16.899316],[139.110352,-17.014063],[139.248438,-17.328613],[139.440527,-17.380566],[139.689648,-17.540723],[139.894531,-17.611328],[140.03584,-17.702637],[140.209668,-17.704395],[140.511133,-17.624512],[140.830469,-17.414453],[140.966016,-17.014551],[141.219141,-16.646191],[141.411914,-16.069531],[141.393164,-15.904687],[141.451563,-15.605273],[141.625488,-15.056641],[141.603516,-14.852734],[141.522949,-14.470117],[141.594336,-14.152832],[141.480664,-13.926758],[141.472559,-13.797559],[141.53418,-13.553809],[141.64541,-13.259082],[141.613574,-12.943457],[141.782227,-12.778711],[141.929785,-12.739844],[141.852148,-12.578711],[141.677734,-12.491406],[141.688574,-12.351074],[141.805762,-12.080078],[141.951563,-11.896191],[142.138965,-11.273242],[142.168359,-10.946582],[142.326465,-10.88418],[142.456445,-10.707324],[142.605078,-10.748242],[142.552734,-10.874414],[142.723047,-11.010449],[142.836816,-11.306934],[142.872559,-11.821387],[142.988477,-11.919043],[143.178906,-11.954492]]],[[[153.077441,-25.750781],[153.006934,-25.728906],[152.97666,-25.551367],[153.060742,-25.302246],[153.038086,-25.193164],[153.189258,-25.070508],[153.241992,-24.922559],[153.180957,-24.764844],[153.282129,-24.738281],[153.350195,-25.063086],[153.141406,-25.512793],[153.077441,-25.750781]]],[[[139.507812,-16.573047],[139.430566,-16.661035],[139.15957,-16.741699],[139.162695,-16.625879],[139.292969,-16.467285],[139.587891,-16.395215],[139.697754,-16.514941],[139.507812,-16.573047]]],[[[136.714648,-13.803906],[136.804492,-13.84248],[136.745313,-14.072656],[136.885449,-14.197266],[136.894336,-14.293066],[136.649707,-14.280469],[136.363281,-14.228906],[136.427734,-14.126465],[136.424707,-13.864844],[136.655664,-13.675879],[136.714648,-13.803906]]],[[[130.459277,-11.679297],[130.502539,-11.835645],[130.31748,-11.771777],[130.13125,-11.824512],[130.07207,-11.680762],[130.197559,-11.658203],[130.152832,-11.477539],[130.339258,-11.337012],[130.459277,-11.679297]]],[[[130.618848,-11.376074],[130.752246,-11.384375],[130.912793,-11.309277],[131.023047,-11.334375],[131.268262,-11.189844],[131.436914,-11.313184],[131.538574,-11.436914],[131.29209,-11.710938],[130.950977,-11.926465],[130.644922,-11.742383],[130.511914,-11.617871],[130.422754,-11.445801],[130.368555,-11.214941],[130.42666,-11.183105],[130.618848,-11.376074]]],[[[113.183008,-26.053125],[112.964258,-25.783105],[112.908203,-25.569824],[112.982422,-25.520215],[113.183008,-26.053125]]],[[[137.596484,-35.738672],[138.046582,-35.755176],[138.011914,-35.907617],[137.835547,-35.867773],[137.670898,-35.897949],[137.590234,-36.027148],[137.448438,-36.074805],[137.20957,-35.982422],[137.147754,-36.039062],[136.755078,-36.033105],[136.540625,-35.890137],[136.638672,-35.748828],[137.091797,-35.663867],[137.334082,-35.59248],[137.530469,-35.605078],[137.596484,-35.738672]]],[[[151.146582,-23.49082],[151.295801,-23.720312],[151.18418,-23.740723],[151.033301,-23.530176],[151.146582,-23.49082]]],[[[146.27832,-18.23125],[146.341992,-18.400098],[146.235645,-18.450781],[146.116211,-18.292383],[146.27832,-18.23125]]],[[[132.593359,-11.302832],[132.49375,-11.163672],[132.483789,-11.037305],[132.593262,-10.997656],[132.629102,-11.169141],[132.593359,-11.302832]]],[[[145.042969,-40.786719],[145.283008,-40.769922],[145.821484,-41.024609],[146.31748,-41.163477],[146.574414,-41.142383],[146.989844,-40.992383],[147.320508,-40.956445],[147.454785,-41.00166],[147.62168,-40.844727],[147.872949,-40.872559],[147.96875,-40.77959],[148.215234,-40.854883],[148.292871,-40.94707],[148.312207,-41.349707],[148.289844,-41.465039],[148.301465,-42.039941],[148.183105,-42.064746],[148.022754,-42.259473],[148.009375,-42.435938],[147.924414,-42.572461],[147.915039,-42.816406],[147.980859,-43.157031],[147.78584,-43.22002],[147.647949,-43.020605],[147.8,-42.928125],[147.573828,-42.845703],[147.408008,-42.893848],[147.259766,-43.071094],[147.24502,-43.215918],[147.077344,-43.275879],[146.873926,-43.6125],[146.699219,-43.601953],[146.548535,-43.508887],[146.186719,-43.512793],[146.043164,-43.547168],[145.975293,-43.277148],[145.802734,-43.244043],[145.609961,-42.998242],[145.487598,-42.92666],[145.268164,-42.544336],[145.198828,-42.230859],[145.238184,-42.019629],[145.055371,-41.826758],[144.77793,-41.418848],[144.646094,-40.980859],[144.709668,-40.78291],[144.818555,-40.72168],[145.042969,-40.786719]]],[[[143.92793,-40.116113],[143.838574,-39.904102],[143.861816,-39.737988],[144.000781,-39.580176],[144.091309,-39.638086],[144.141016,-39.953809],[143.92793,-40.116113]]],[[[148.000391,-39.757617],[148.17793,-39.938477],[148.297363,-39.985742],[148.323242,-40.144434],[148.105664,-40.262109],[147.890527,-40.014551],[147.83916,-39.831543],[148.000391,-39.757617]]],[[[148.32627,-40.306934],[148.474219,-40.432422],[148.102539,-40.45166],[148.32627,-40.306934]]]]},"properties":{"name":"Australia"},"id":"AU"},
    {"type":"Feature","geometry":{"type":"MultiPolygon","coordinates":[[[[179.999219,-16.168555],[179.848242,-16.30166],[179.748145,-16.446289],[179.619141,-16.527734],[179.568164,-16.747461],[179.841016,-16.5375],[179.92793,-16.744434],[179.714746,-16.743555],[179.419336,-16.806543],[179.32334,-16.718066],[179.202344,-16.712695],[179.006836,-16.900195],[178.883691,-16.886035],[178.706641,-16.976172],[178.603711,-16.800586],[178.497461,-16.787891],[178.583594,-16.621875],[178.805078,-16.631445],[178.865723,-16.540039],[179.091406,-16.4375],[179.35918,-16.379883],[179.551758,-16.249902],[179.848145,-16.214258],[180,-16.15293],[179.999219,-16.168555]]],[[[178.280176,-17.371973],[178.410938,-17.523047],[178.591602,-17.651465],[178.574902,-17.749316],[178.667676,-18.080859],[178.331543,-18.135254],[178.160156,-18.250195],[177.84707,-18.254883],[177.457324,-18.148242],[177.321387,-18.077539],[177.263965,-17.863477],[177.423242,-17.737305],[177.400684,-17.631641],[177.617969,-17.461035],[177.817969,-17.388477],[177.940234,-17.395117],[178.187598,-17.312988],[178.280176,-17.371973]]]]},"properties":{"name":"Fiji"},"id":"FJ"},
    {"type":"Feature","geometry":{"type":"MultiPolygon","coordinates":[[[[173.115332,-41.279297],[173.230859,-41.28418],[173.737891,-40.988965],[174.302539,-41.019531],[174.237109,-41.312207],[174.102051,-41.365918],[174.092383,-41.505176],[174.169922,-41.657227],[174.283105,-41.740625],[174.21543,-41.850195],[173.887988,-42.130176],[173.839844,-42.270898],[173.545117,-42.517969],[173.347559,-42.84082],[173.221191,-42.976562],[172.888867,-43.124219],[172.718555,-43.258789],[172.807031,-43.620996],[173.073242,-43.676172],[173.116895,-43.797852],[172.920605,-43.891406],[172.480371,-43.72666],[172.385254,-43.82959],[171.890625,-44.006934],[171.658984,-44.117188],[171.442578,-44.13584],[171.312988,-44.301855],[171.231055,-44.521191],[171.197852,-44.767871],[171.113281,-45.039258],[170.939648,-45.216406],[170.889941,-45.373926],[170.700586,-45.684277],[170.77627,-45.870898],[170.419141,-45.941016],[170.186133,-46.16084],[169.918262,-46.334375],[169.686621,-46.55166],[169.342285,-46.620508],[169.098633,-46.630664],[168.766797,-46.566309],[168.382129,-46.605371],[168.319727,-46.447168],[168.18916,-46.362207],[167.841992,-46.366211],[167.682227,-46.192969],[167.490625,-46.154688],[167.368945,-46.241504],[167.100293,-46.249414],[166.731543,-46.197852],[166.726953,-45.963281],[166.493164,-45.963867],[166.512891,-45.811719],[166.836035,-45.774512],[166.733984,-45.543555],[166.77832,-45.409668],[166.908594,-45.307422],[167.052148,-45.383203],[167.127344,-45.26582],[167.025879,-45.123633],[167.194531,-44.963477],[167.787012,-44.59502],[167.856543,-44.500684],[168.366602,-44.082031],[168.650977,-43.972168],[168.806445,-43.991992],[169.169531,-43.777051],[169.515234,-43.623633],[169.661523,-43.591211],[169.858984,-43.425977],[170.017578,-43.349414],[170.302832,-43.107617],[170.741602,-42.927344],[171.027734,-42.696094],[171.257031,-42.465332],[171.360254,-42.07998],[171.48623,-41.794727],[171.830664,-41.655176],[172.010742,-41.444727],[172.139453,-40.947266],[172.272754,-40.758691],[172.640625,-40.518262],[172.766797,-40.773438],[172.988672,-40.848242],[173.115332,-41.279297]]],[[[168.144922,-46.862207],[168.043164,-46.932617],[168.240918,-47.07002],[167.905566,-47.179883],[167.629004,-47.142285],[167.800781,-46.906543],[167.783984,-46.699805],[167.955762,-46.694434],[168.144922,-46.862207]]],[[[175.543164,-36.279297],[175.346191,-36.217773],[175.409375,-36.070898],[175.543164,-36.279297]]],[[[173.269434,-34.934766],[173.438672,-34.928516],[173.843945,-35.02627],[174.104004,-35.142871],[174.143164,-35.3],[174.320312,-35.24668],[174.543457,-35.582031],[174.391016,-35.77373],[174.54873,-36.006641],[174.802148,-36.309473],[174.751758,-36.49082],[174.819238,-36.612109],[174.722461,-36.841211],[174.891406,-36.909375],[175.04707,-36.912207],[175.299512,-36.993262],[175.385352,-37.206934],[175.54248,-37.201367],[175.551953,-37.046484],[175.487402,-36.689551],[175.385547,-36.556348],[175.46084,-36.475684],[175.876172,-36.957715],[175.990137,-37.437012],[176.114551,-37.538281],[176.108398,-37.645117],[176.291699,-37.680078],[176.77002,-37.889648],[177.161816,-37.985742],[177.335938,-37.99082],[177.558301,-37.897461],[177.727344,-37.705566],[178.00918,-37.554883],[178.272168,-37.566895],[178.53623,-37.69209],[178.393945,-37.960254],[178.31543,-38.444043],[178.267676,-38.551172],[178.084863,-38.693945],[177.976172,-38.722266],[177.910352,-39.021777],[177.965625,-39.14248],[177.40752,-39.081152],[177.128711,-39.186133],[176.954102,-39.367578],[176.966602,-39.605176],[177.109863,-39.673145],[176.842188,-40.157812],[176.68877,-40.293457],[176.611523,-40.441992],[176.385156,-40.667676],[176.251758,-40.876855],[175.98291,-41.213281],[175.687305,-41.411719],[175.309766,-41.610645],[175.222168,-41.574414],[175.165625,-41.417383],[174.906055,-41.43291],[174.875,-41.278223],[174.635352,-41.289453],[175.016797,-40.847656],[175.1625,-40.621582],[175.254102,-40.289355],[175.009277,-39.952148],[174.81377,-39.860156],[174.56748,-39.812988],[174.352051,-39.643359],[173.934375,-39.509082],[173.763672,-39.31875],[173.844336,-39.139355],[174.071387,-39.03125],[174.398438,-38.962598],[174.597363,-38.785059],[174.653027,-38.42832],[174.715332,-38.225586],[174.840039,-38.022656],[174.80166,-37.895508],[174.928027,-37.804492],[174.729199,-37.44873],[174.746387,-37.150098],[174.928906,-37.084766],[174.782031,-36.94375],[174.601465,-36.985742],[174.475586,-36.941895],[174.381934,-36.725977],[174.446875,-36.450879],[174.253711,-36.249121],[174.054688,-36.359766],[173.945117,-36.175879],[173.376367,-35.500098],[173.116699,-35.205273],[173.190625,-35.016211],[173.02959,-34.799902],[172.705957,-34.455176],[173.043945,-34.429102],[172.96377,-34.535156],[173.269434,-34.934766]]],[[[166.221094,-50.761523],[166.242871,-50.845703],[165.88916,-50.807715],[166.225098,-50.530957],[166.221094,-50.761523]]],[[[-176.177637,-43.740332],[-176.500146,-43.860156],[-176.333838,-44.048437],[-176.515527,-44.116602],[-176.631543,-44.00625],[-176.523779,-43.900977],[-176.761084,-43.75791],[-176.566113,-43.717578],[-176.177637,-43.740332]]]]},"properties":{"name":"New Zealand"},"id":"NZ"},
    {"type":"Feature","geometry":{"type":"MultiPolygon","coordinates":[[[[164.202344,-20.246094],[164.315137,-20.308887],[164.435938,-20.282227],[164.975684,-20.681055],[165.191797,-20.768848],[165.380566,-20.93584],[165.447168,-21.080566],[165.662793,-21.267187],[166.30332,-21.637207],[166.689648,-21.953027],[166.942383,-22.090137],[167.004297,-22.261523],[166.970313,-22.322852],[166.774121,-22.376172],[166.17666,-22.08916],[166.096094,-21.956641],[165.823438,-21.853809],[165.743848,-21.777344],[165.241992,-21.525488],[164.927441,-21.289844],[164.655664,-20.99209],[164.454688,-20.829102],[164.169727,-20.480176],[164.202344,-20.246094]]],[[[168.010938,-21.42998],[168.139063,-21.445215],[168.120703,-21.61582],[168.006445,-21.643164],[167.875879,-21.582129],[167.81543,-21.392676],[168.010938,-21.42998]]],[[[167.400879,-21.160645],[167.133887,-21.060645],[167.111719,-20.904102],[167.297949,-20.73252],[167.293457,-20.891504],[167.430566,-21.055273],[167.400879,-21.160645]]]]},"properties":{"name":"New Caledonia"},"id":"NC"},
    {"type":"Feature","geometry":{"type":"Polygon","coordinates":[[[-128.290088,-24.397363],[-128.320654,-24.399707],[-128.350195,-24.340234],[-128.303613,-24.333594],[-128.290088,-24.397363]]]},"properties":{"name":"Pitcairn Islands"},"id":"PN"},
    {"type":"Feature","geometry":{"type":"MultiPolygon","coordinates":[[[[-149.321533,-17.690039],[-149.578906,-17.734961],[-149.611426,-17.531641],[-149.379199,-17.522363],[-149.321533,-17.690039]]],[[[-139.024316,-9.695215],[-138.874951,-9.792871],[-139.134082,-9.829492],[-139.024316,-9.695215]]],[[[-140.072607,-8.910449],[-140.217432,-8.929688],[-140.224414,-8.781543],[-140.057666,-8.801465],[-140.072607,-8.910449]]]]},"properties":{"name":"French Polynesia"},"id":"PF"},
    {"type":"Feature","geometry":{"type":"Polygon","coordinates":[[[-157.342139,1.855566],[-157.246143,1.731738],[-157.420117,1.787549],[-157.342139,1.855566]]]},"properties":{"name":"Kiribati"},"id":"KI"},
    {"type":"Feature","geometry":{"type":"Polygon","coordinates":[[[171.101953,7.138232],[171.226953,7.086963],[171.202344,7.073535],[171.095508,7.109277],[171.101953,7.138232]]]},"properties":{"name":"Marshall Islands"},"id":"MH"},
    {"type":"Feature","geometry":{"type":"Polygon","coordinates":[[[167.939453,-29.017676],[167.979004,-29.075684],[167.92041,-29.082812],[167.939453,-29.017676]]]},"properties":{"name":"Norfolk Island"},"id":"NF"},
    {"type":"Feature","geometry":{"type":"Polygon","coordinates":[[[-159.740527,-21.249219],[-159.8396,-21.238086],[-159.832031,-21.200488],[-159.768359,-21.188477],[-159.740527,-21.249219]]]},"properties":{"name":"Cook Islands"},"id":"CK"},
    {"type":"Feature","geometry":{"type":"Polygon","coordinates":[[[-175.161914,-21.169336],[-175.156592,-21.263672],[-175.335449,-21.157715],[-175.225391,-21.11875],[-175.161914,-21.169336]]]},"properties":{"name":"Tonga"},"id":"TO"},
    {"type":"Feature","geometry":{"type":"Polygon","coordinates":[[[-178.04668,-14.318359],[-178.158594,-14.311914],[-178.142236,-14.242578],[-178.04668,-14.318359]]]},"properties":{"name":"Wallis and Futuna"},"id":"WF"},
    {"type":"Feature","geometry":{"type":"MultiPolygon","coordinates":[[[[-172.333496,-13.465234],[-172.221533,-13.55957],[-172.176855,-13.684668],[-172.224951,-13.804297],[-172.535693,-13.791699],[-172.744092,-13.578711],[-172.669629,-13.523828],[-172.333496,-13.465234]]],[[[-171.454102,-14.046484],[-171.728223,-14.047266],[-171.911914,-14.00166],[-172.028076,-13.906836],[-171.984863,-13.824414],[-171.858154,-13.807129],[-171.603906,-13.879199],[-171.454102,-14.046484]]]]},"properties":{"name":"Samoa"},"id":"WS"},
    {"type":"Feature","geometry":{"type":"MultiPolygon","coordinates":[[[[166.133203,-10.757812],[165.968164,-10.779492],[165.904004,-10.851465],[165.791016,-10.784766],[165.90918,-10.674316],[166.023828,-10.661133],[166.133203,-10.757812]]],[[[160.57627,-11.797852],[160.394531,-11.788867],[160.355078,-11.711914],[160.003516,-11.57959],[160.077344,-11.492871],[160.44873,-11.695898],[160.57627,-11.797852]]],[[[161.547852,-9.625684],[161.409766,-9.681641],[161.406836,-9.368457],[161.547852,-9.625684]]],[[[157.763477,-8.242188],[157.898438,-8.506348],[157.833691,-8.572656],[157.587891,-8.44541],[157.558008,-8.269922],[157.351367,-8.275293],[157.321582,-8.16123],[157.433398,-7.984668],[157.598828,-8.005957],[157.612305,-8.164844],[157.763477,-8.242188]]],[[[158.10791,-8.68418],[158.009473,-8.763086],[157.879297,-8.66875],[157.998438,-8.508203],[158.10791,-8.68418]]],[[[157.388965,-8.713477],[157.212305,-8.565039],[157.345117,-8.432422],[157.410938,-8.475098],[157.332227,-8.650684],[157.388965,-8.713477]]],[[[156.687891,-7.923047],[156.510938,-7.707813],[156.560938,-7.574023],[156.809082,-7.722852],[156.687891,-7.923047]]],[[[157.171875,-8.108105],[157.041211,-8.11748],[156.958984,-7.937988],[157.102734,-7.855469],[157.186133,-7.941211],[157.171875,-8.108105]]],[[[155.839844,-7.097168],[155.677539,-7.088965],[155.738965,-6.972949],[155.839844,-7.097168]]],[[[159.750391,-9.272656],[159.970605,-9.433301],[160.35459,-9.421582],[160.625488,-9.588867],[160.794336,-9.767383],[160.818945,-9.862793],[160.649219,-9.928613],[160.321094,-9.821289],[159.853711,-9.791504],[159.755469,-9.726074],[159.621875,-9.532129],[159.607422,-9.353809],[159.750391,-9.272656]]],[[[159.879102,-8.534277],[159.644531,-8.37168],[159.354102,-8.260449],[158.944043,-8.040723],[158.596973,-7.759082],[158.56543,-7.651367],[158.734375,-7.604297],[159.109375,-7.903516],[159.198047,-7.90957],[159.431445,-8.029004],[159.843066,-8.326953],[159.793945,-8.406055],[159.879102,-8.534277]]],[[[157.486719,-7.330371],[157.441309,-7.425684],[157.101562,-7.323633],[156.904297,-7.180469],[156.695801,-6.910938],[156.457422,-6.715234],[156.479395,-6.608887],[156.604199,-6.641016],[156.76543,-6.764062],[157.030273,-6.891992],[157.102539,-6.957227],[157.148438,-7.11377],[157.336133,-7.280469],[157.486719,-7.330371]]],[[[160.749414,-8.313965],[160.997656,-8.612012],[160.944336,-8.799023],[161.158691,-8.961816],[161.256641,-9.191992],[161.258496,-9.316895],[161.367969,-9.490332],[161.321875,-9.589551],[161.191016,-9.392871],[161.041504,-9.308008],[160.873438,-9.156836],[160.77207,-8.963867],[160.662598,-8.620605],[160.714063,-8.539258],[160.59043,-8.372754],[160.749414,-8.313965]]],[[[161.715332,-10.387305],[161.841113,-10.446094],[162.105371,-10.453809],[162.287207,-10.709961],[162.30127,-10.832129],[162.123633,-10.824414],[161.786816,-10.716895],[161.537891,-10.566406],[161.487012,-10.361426],[161.293945,-10.326465],[161.304785,-10.204395],[161.475684,-10.237988],[161.715332,-10.387305]]]]},"properties":{"name":"Solomon Islands"},"id":"SB"},
    {"type":"Feature","geometry":{"type":"Polygon","coordinates":[[[179.213672,-8.524219],[179.200879,-8.512109],[179.197949,-8.488672],[179.211621,-8.488086],[179.213672,-8.524219]]]},"properties":{"name":"Tuvalu"},"id":"TV"},
    {"type":"Feature","geometry":{"type":"Polygon","coordinates":[[[166.958398,-0.516602],[166.916406,-0.546484],[166.913574,-0.499121],[166.958398,-0.516602]]]},"properties":{"name":"Nauru"},"id":"NR"},
    {"type":"Feature","geometry":{"type":"Polygon","coordinates":[[[158.314844,6.813672],[158.183398,6.80127],[158.134766,6.944824],[158.294629,6.951074],[158.314844,6.813672]]]},"properties":{"name":"Federated States of Micronesia"},"id":"FM"},
    {"type":"Feature","geometry":{"type":"MultiPolygon","coordinates":[[[[166.745801,-14.826855],[166.810156,-15.157422],[166.923438,-15.13916],[166.987305,-14.940039],[167.131641,-15.135352],[167.199609,-15.485742],[167.093945,-15.580859],[166.936621,-15.578027],[166.825781,-15.634863],[166.631055,-15.406055],[166.647852,-15.211523],[166.527246,-14.850098],[166.607813,-14.636523],[166.745801,-14.826855]]],[[[167.4125,-16.095898],[167.714453,-16.313672],[167.836621,-16.449707],[167.759766,-16.516406],[167.611426,-16.498633],[167.449316,-16.55498],[167.380273,-16.245703],[167.315625,-16.115527],[167.151465,-16.080469],[167.199512,-15.885059],[167.335742,-15.916699],[167.4125,-16.095898]]],[[[168.446777,-16.778809],[168.181445,-16.804004],[168.124316,-16.690039],[168.199219,-16.593848],[168.366016,-16.758789],[168.446777,-16.778809]]],[[[168.29668,-16.336523],[168.02168,-16.315625],[168.064258,-16.18125],[168.163867,-16.081641],[168.29668,-16.336523]]],[[[168.445801,-17.542188],[168.54541,-17.684668],[168.524609,-17.798047],[168.25166,-17.780762],[168.158203,-17.710547],[168.273145,-17.552246],[168.445801,-17.542188]]],[[[167.911328,-15.435937],[167.844238,-15.481836],[167.674219,-15.451562],[167.82627,-15.312012],[168.002539,-15.283203],[167.911328,-15.435937]]],[[[168.212891,-15.97041],[168.122852,-15.680859],[168.183496,-15.508203],[168.267773,-15.892285],[168.212891,-15.97041]]],[[[169.491309,-19.540137],[169.347266,-19.623535],[169.21748,-19.476367],[169.247461,-19.344727],[169.491309,-19.540137]]],[[[169.334375,-18.940234],[169.248047,-18.983301],[168.986914,-18.871289],[169.01582,-18.64375],[169.143848,-18.631055],[169.201172,-18.795703],[169.334375,-18.940234]]]]},"properties":{"name":"Vanuatu"},"id":"VU"},
    {"type":"Feature","geometry":{"type":"Polygon","coordinates":[[[-169.803418,-19.083008],[-169.903809,-19.137891],[-169.94834,-19.072852],[-169.834033,-18.966016],[-169.803418,-19.083008]]]},"properties":{"name":"Niue"},"id":"NU"},
    {"type":"Feature","geometry":{"type":"Polygon","coordinates":[[[-170.72627,-14.351172],[-170.820508,-14.312109],[-170.68916,-14.257422],[-170.72627,-14.351172]]]},"properties":{"name":"American Samoa"},"id":"AS"},
    {"type":"Feature","geometry":{"type":"Polygon","coordinates":[[[134.59541,7.382031],[134.50625,7.437109],[134.555957,7.593945],[134.65957,7.663281],[134.59541,7.382031]]]},"properties":{"name":"Palau"},"id":"PW"},
    {"type":"Feature","geometry":{"type":"Polygon","coordinates":[[[144.741797,13.259277],[144.65,13.313477],[144.649316,13.428711],[144.790332,13.526855],[144.741797,13.259277]]]},"properties":{"name":"Guam"},"id":"GU"},
    {"type":"Feature","geometry":{"type":"Polygon","coordinates":[[[145.751953,15.133154],[145.684277,15.125098],[145.713184,15.215283],[145.782324,15.174609],[145.751953,15.133154]]]},"properties":{"name":"Northern Mariana Islands"},"id":"MP"},
    {"type":"Feature","geometry":{"type":"MultiPolygon","coordinates":[[[[69.184863,-49.10957],[69.314258,-49.10625],[69.534961,-48.974316],[69.542383,-49.255664],[69.854395,-49.221582],[70.320215,-49.058594],[70.484277,-49.083887],[70.555469,-49.201465],[70.485059,-49.327637],[70.297656,-49.424805],[70.16582,-49.342969],[69.915625,-49.348535],[69.749219,-49.447559],[69.855957,-49.544043],[69.612891,-49.650977],[69.153125,-49.529688],[68.992969,-49.70498],[68.782813,-49.65127],[68.87207,-49.444336],[68.769531,-49.065918],[68.832031,-48.84873],[69.057227,-48.656445],[69.136133,-48.861035],[69.032715,-49.017578],[69.184863,-49.10957]]],[[[69.282422,-49.058887],[69.150098,-48.919043],[69.36875,-48.89043],[69.282422,-49.058887]]]]},"properties":{"name":"French Southern and Antarctic Lands"},"id":"TF"},
    {"type":"Feature","geometry":{"type":"Polygon","coordinates":[[[55.540332,-4.693066],[55.383398,-4.609277],[55.455762,-4.558789],[55.540332,-4.693066]]]},"properties":{"name":"Seychelles"},"id":"SC"},
    {"type":"Feature","geometry":{"type":"Polygon","coordinates":[[[73.707422,-53.137109],[73.465137,-53.18418],[73.336328,-53.029883],[73.585742,-53.027148],[73.707422,-53.137109]]]},"properties":{"name":"Heard Island and McDonald Islands"},"id":"HM"},
    {"type":"Feature","geometry":{"type":"Polygon","coordinates":[[[-5.692139,-15.997754],[-5.775049,-15.956738],[-5.707861,-15.906152],[-5.692139,-15.997754]]]},"properties":{"name":"Saint Helena"},"id":"SH"},
    {"type":"Feature","geometry":{"type":"Polygon","coordinates":[[[57.65127,-20.484863],[57.383301,-20.503711],[57.385742,-20.228613],[57.575781,-19.997168],[57.656543,-19.989941],[57.791992,-20.212598],[57.780664,-20.326953],[57.65127,-20.484863]]]},"properties":{"name":"Mauritius"},"id":"MU"},
    {"type":"Feature","geometry":{"type":"Polygon","coordinates":[[[72.491992,-7.377441],[72.467188,-7.367578],[72.47373,-7.309668],[72.445605,-7.22041],[72.493555,-7.261719],[72.491992,-7.377441]]]},"properties":{"name":"British Indian Ocean Territory"},"id":"IO"},
    {"type":"Feature","geometry":{"type":"Polygon","coordinates":[[[73.512207,4.164551],[73.473047,4.170703],[73.504102,4.234619],[73.52832,4.243311],[73.512207,4.164551]]]},"properties":{"name":"Maldives"},"id":"MV"},
    {"type":"Feature","geometry":{"type":"Polygon","coordinates":[[[-37.10332,-54.065625],[-36.703809,-54.108105],[-36.448633,-54.308398],[-36.326465,-54.251172],[-36.172607,-54.382227],[-36.073145,-54.554102],[-35.798584,-54.763477],[-36.085498,-54.866797],[-36.251709,-54.779883],[-36.506543,-54.51123],[-36.734961,-54.466602],[-37.006738,-54.340918],[-37.689014,-54.076758],[-37.382227,-53.984082],[-37.10332,-54.065625]]]},"properties":{"name":"South Georgia and the South Sandwich Islands"},"id":"GS"}
    ]}
